isoc_id,country,country_code,ind_type,indic_is,year,digital_score,skill_domain,skill_level
1,Albania,AL,IND_TOTAL,I_DSK2_AB,2021,4.01,Overall Digital Skills,Above Basic
2,Austria,AT,IND_TOTAL,I_DSK2_AB,2021,33.28,Overall Digital Skills,Above Basic
3,Bosnia and Herzegovina,BA,IND_TOTAL,I_DSK2_AB,2021,5.35,Overall Digital Skills,Above Basic
4,Belgium,BE,IND_TOTAL,I_DSK2_AB,2021,26.34,Overall Digital Skills,Above Basic
5,Bulgaria,BG,IND_TOTAL,I_DSK2_AB,2021,7.82,Overall Digital Skills,Above Basic
6,Switzerland,CH,IND_TOTAL,I_DSK2_AB,2021,40.26,Overall Digital Skills,Above Basic
7,Cyprus,CY,IND_TOTAL,I_DSK2_AB,2021,20.95,Overall Digital Skills,Above Basic
8,Czechia,CZ,IND_TOTAL,I_DSK2_AB,2021,24.06,Overall Digital Skills,Above Basic
9,Germany,DE,IND_TOTAL,I_DSK2_AB,2021,18.84,Overall Digital Skills,Above Basic
10,Denmark,DK,IND_TOTAL,I_DSK2_AB,2021,37.37,Overall Digital Skills,Above Basic
11,Estonia,EE,IND_TOTAL,I_DSK2_AB,2021,27.68,Overall Digital Skills,Above Basic
12,Greece,EL,IND_TOTAL,I_DSK2_AB,2021,21.7,Overall Digital Skills,Above Basic
13,Spain,ES,IND_TOTAL,I_DSK2_AB,2021,38.06,Overall Digital Skills,Above Basic
14,Finland,FI,IND_TOTAL,I_DSK2_AB,2021,48.13,Overall Digital Skills,Above Basic
15,France,FR,IND_TOTAL,I_DSK2_AB,2021,31.25,Overall Digital Skills,Above Basic
16,Croatia,HR,IND_TOTAL,I_DSK2_AB,2021,31.18,Overall Digital Skills,Above Basic
17,Hungary,HU,IND_TOTAL,I_DSK2_AB,2021,21.54,Overall Digital Skills,Above Basic
18,Ireland,IE,IND_TOTAL,I_DSK2_AB,2021,39.69,Overall Digital Skills,Above Basic
19,Iceland,IS,IND_TOTAL,I_DSK2_AB,2021,44.77,Overall Digital Skills,Above Basic
20,Italy,IT,IND_TOTAL,I_DSK2_AB,2021,22.52,Overall Digital Skills,Above Basic
21,Lithuania,LT,IND_TOTAL,I_DSK2_AB,2021,23.01,Overall Digital Skills,Above Basic
22,Luxembourg,LU,IND_TOTAL,I_DSK2_AB,2021,31.81,Overall Digital Skills,Above Basic
23,Latvia,LV,IND_TOTAL,I_DSK2_AB,2021,23.79,Overall Digital Skills,Above Basic
24,Montenegro,ME,IND_TOTAL,I_DSK2_AB,2021,9.14,Overall Digital Skills,Above Basic
25,North Macedonia,MK,IND_TOTAL,I_DSK2_AB,2021,8.15,Overall Digital Skills,Above Basic
26,Malta,MT,IND_TOTAL,I_DSK2_AB,2021,35.49,Overall Digital Skills,Above Basic
27,Netherlands,NL,IND_TOTAL,I_DSK2_AB,2021,51.77,Overall Digital Skills,Above Basic
28,Norway,NO,IND_TOTAL,I_DSK2_AB,2021,42.59,Overall Digital Skills,Above Basic
29,Poland,PL,IND_TOTAL,I_DSK2_AB,2021,20.64,Overall Digital Skills,Above Basic
30,Portugal,PT,IND_TOTAL,I_DSK2_AB,2021,28.54,Overall Digital Skills,Above Basic
31,Romania,RO,IND_TOTAL,I_DSK2_AB,2021,8.73,Overall Digital Skills,Above Basic
32,Serbia,RS,IND_TOTAL,I_DSK2_AB,2021,12.32,Overall Digital Skills,Above Basic
33,Sweden,SE,IND_TOTAL,I_DSK2_AB,2021,35.68,Overall Digital Skills,Above Basic
34,Slovenia,SI,IND_TOTAL,I_DSK2_AB,2021,19.72,Overall Digital Skills,Above Basic
35,Slovakia,SK,IND_TOTAL,I_DSK2_AB,2021,20.83,Overall Digital Skills,Above Basic
36,Türkiye,TR,IND_TOTAL,I_DSK2_AB,2021,9.87,Overall Digital Skills,Above Basic
37,Albania,AL,IND_TOTAL,I_DSK2_AB,2021,5.05,Overall Digital Skills,Above Basic
38,Austria,AT,IND_TOTAL,I_DSK2_AB,2021,35.97,Overall Digital Skills,Above Basic
39,Bosnia and Herzegovina,BA,IND_TOTAL,I_DSK2_AB,2021,7.07,Overall Digital Skills,Above Basic
40,Belgium,BE,IND_TOTAL,I_DSK2_AB,2021,28.38,Overall Digital Skills,Above Basic
41,Bulgaria,BG,IND_TOTAL,I_DSK2_AB,2021,10.39,Overall Digital Skills,Above Basic
42,Switzerland,CH,IND_TOTAL,I_DSK2_AB,2021,41.02,Overall Digital Skills,Above Basic
43,Cyprus,CY,IND_TOTAL,I_DSK2_AB,2021,23.08,Overall Digital Skills,Above Basic
44,Czechia,CZ,IND_TOTAL,I_DSK2_AB,2021,27.07,Overall Digital Skills,Above Basic
45,Germany,DE,IND_TOTAL,I_DSK2_AB,2021,20.61,Overall Digital Skills,Above Basic
46,Denmark,DK,IND_TOTAL,I_DSK2_AB,2021,37.79,Overall Digital Skills,Above Basic
47,Estonia,EE,IND_TOTAL,I_DSK2_AB,2021,30.42,Overall Digital Skills,Above Basic
48,Greece,EL,IND_TOTAL,I_DSK2_AB,2021,27.64,Overall Digital Skills,Above Basic
49,Spain,ES,IND_TOTAL,I_DSK2_AB,2021,40.53,Overall Digital Skills,Above Basic
50,Finland,FI,IND_TOTAL,I_DSK2_AB,2021,49.77,Overall Digital Skills,Above Basic
51,France,FR,IND_TOTAL,I_DSK2_AB,2021,34.13,Overall Digital Skills,Above Basic
52,Croatia,HR,IND_TOTAL,I_DSK2_AB,2021,38.37,Overall Digital Skills,Above Basic
53,Hungary,HU,IND_TOTAL,I_DSK2_AB,2021,24.3,Overall Digital Skills,Above Basic
54,Ireland,IE,IND_TOTAL,I_DSK2_AB,2021,40.12,Overall Digital Skills,Above Basic
55,Iceland,IS,IND_TOTAL,I_DSK2_AB,2021,45.02,Overall Digital Skills,Above Basic
56,Italy,IT,IND_TOTAL,I_DSK2_AB,2021,27.6,Overall Digital Skills,Above Basic
57,Lithuania,LT,IND_TOTAL,I_DSK2_AB,2021,26.46,Overall Digital Skills,Above Basic
58,Luxembourg,LU,IND_TOTAL,I_DSK2_AB,2021,32.24,Overall Digital Skills,Above Basic
59,Latvia,LV,IND_TOTAL,I_DSK2_AB,2021,26.06,Overall Digital Skills,Above Basic
60,Montenegro,ME,IND_TOTAL,I_DSK2_AB,2021,11.11,Overall Digital Skills,Above Basic
61,North Macedonia,MK,IND_TOTAL,I_DSK2_AB,2021,9.43,Overall Digital Skills,Above Basic
62,Malta,MT,IND_TOTAL,I_DSK2_AB,2021,40.57,Overall Digital Skills,Above Basic
63,Netherlands,NL,IND_TOTAL,I_DSK2_AB,2021,54.77,Overall Digital Skills,Above Basic
64,Norway,NO,IND_TOTAL,I_DSK2_AB,2021,42.84,Overall Digital Skills,Above Basic
65,Poland,PL,IND_TOTAL,I_DSK2_AB,2021,24.18,Overall Digital Skills,Above Basic
66,Portugal,PT,IND_TOTAL,I_DSK2_AB,2021,34.68,Overall Digital Skills,Above Basic
67,Romania,RO,IND_TOTAL,I_DSK2_AB,2021,10.44,Overall Digital Skills,Above Basic
68,Serbia,RS,IND_TOTAL,I_DSK2_AB,2021,15.18,Overall Digital Skills,Above Basic
69,Sweden,SE,IND_TOTAL,I_DSK2_AB,2021,36.87,Overall Digital Skills,Above Basic
70,Slovenia,SI,IND_TOTAL,I_DSK2_AB,2021,22.16,Overall Digital Skills,Above Basic
71,Slovakia,SK,IND_TOTAL,I_DSK2_AB,2021,23.42,Overall Digital Skills,Above Basic
72,Türkiye,TR,IND_TOTAL,I_DSK2_AB,2021,12.12,Overall Digital Skills,Above Basic
73,Albania,AL,IND_TOTAL,I_DSK2_B,2021,19.79,Overall Digital Skills,Basic
74,Austria,AT,IND_TOTAL,I_DSK2_B,2021,30.05,Overall Digital Skills,Basic
75,Bosnia and Herzegovina,BA,IND_TOTAL,I_DSK2_B,2021,29.29,Overall Digital Skills,Basic
76,Belgium,BE,IND_TOTAL,I_DSK2_B,2021,27.89,Overall Digital Skills,Basic
77,Bulgaria,BG,IND_TOTAL,I_DSK2_B,2021,23.36,Overall Digital Skills,Basic
78,Switzerland,CH,IND_TOTAL,I_DSK2_B,2021,37.53,Overall Digital Skills,Basic
79,Cyprus,CY,IND_TOTAL,I_DSK2_B,2021,29.26,Overall Digital Skills,Basic
80,Czechia,CZ,IND_TOTAL,I_DSK2_B,2021,35.63,Overall Digital Skills,Basic
81,Germany,DE,IND_TOTAL,I_DSK2_B,2021,30.08,Overall Digital Skills,Basic
82,Denmark,DK,IND_TOTAL,I_DSK2_B,2021,31.27,Overall Digital Skills,Basic
83,Estonia,EE,IND_TOTAL,I_DSK2_B,2021,28.69,Overall Digital Skills,Basic
84,Greece,EL,IND_TOTAL,I_DSK2_B,2021,30.78,Overall Digital Skills,Basic
85,Spain,ES,IND_TOTAL,I_DSK2_B,2021,26.11,Overall Digital Skills,Basic
86,Finland,FI,IND_TOTAL,I_DSK2_B,2021,31.04,Overall Digital Skills,Basic
87,France,FR,IND_TOTAL,I_DSK2_B,2021,30.71,Overall Digital Skills,Basic
88,Croatia,HR,IND_TOTAL,I_DSK2_B,2021,32.19,Overall Digital Skills,Basic
89,Hungary,HU,IND_TOTAL,I_DSK2_B,2021,27.56,Overall Digital Skills,Basic
90,Ireland,IE,IND_TOTAL,I_DSK2_B,2021,30.8,Overall Digital Skills,Basic
91,Iceland,IS,IND_TOTAL,I_DSK2_B,2021,36.23,Overall Digital Skills,Basic
92,Italy,IT,IND_TOTAL,I_DSK2_B,2021,23.08,Overall Digital Skills,Basic
93,Lithuania,LT,IND_TOTAL,I_DSK2_B,2021,25.83,Overall Digital Skills,Basic
94,Luxembourg,LU,IND_TOTAL,I_DSK2_B,2021,31.98,Overall Digital Skills,Basic
95,Latvia,LV,IND_TOTAL,I_DSK2_B,2021,27.01,Overall Digital Skills,Basic
96,Montenegro,ME,IND_TOTAL,I_DSK2_B,2021,38.08,Overall Digital Skills,Basic
97,North Macedonia,MK,IND_TOTAL,I_DSK2_B,2021,26.48,Overall Digital Skills,Basic
98,Malta,MT,IND_TOTAL,I_DSK2_B,2021,25.74,Overall Digital Skills,Basic
99,Netherlands,NL,IND_TOTAL,I_DSK2_B,2021,27.18,Overall Digital Skills,Basic
100,Norway,NO,IND_TOTAL,I_DSK2_B,2021,36.12,Overall Digital Skills,Basic
101,Poland,PL,IND_TOTAL,I_DSK2_B,2021,22.28,Overall Digital Skills,Basic
102,Portugal,PT,IND_TOTAL,I_DSK2_B,2021,26.76,Overall Digital Skills,Basic
103,Romania,RO,IND_TOTAL,I_DSK2_B,2021,19.09,Overall Digital Skills,Basic
104,Serbia,RS,IND_TOTAL,I_DSK2_B,2021,28.97,Overall Digital Skills,Basic
105,Sweden,SE,IND_TOTAL,I_DSK2_B,2021,30.92,Overall Digital Skills,Basic
106,Slovenia,SI,IND_TOTAL,I_DSK2_B,2021,29.95,Overall Digital Skills,Basic
107,Slovakia,SK,IND_TOTAL,I_DSK2_B,2021,34.36,Overall Digital Skills,Basic
108,Türkiye,TR,IND_TOTAL,I_DSK2_B,2021,20.25,Overall Digital Skills,Basic
109,Albania,AL,IND_TOTAL,I_DSK2_B,2021,24.93,Overall Digital Skills,Basic
110,Austria,AT,IND_TOTAL,I_DSK2_B,2021,32.47,Overall Digital Skills,Basic
111,Bosnia and Herzegovina,BA,IND_TOTAL,I_DSK2_B,2021,38.71,Overall Digital Skills,Basic
112,Belgium,BE,IND_TOTAL,I_DSK2_B,2021,30.06,Overall Digital Skills,Basic
113,Bulgaria,BG,IND_TOTAL,I_DSK2_B,2021,31.03,Overall Digital Skills,Basic
114,Switzerland,CH,IND_TOTAL,I_DSK2_B,2021,38.24,Overall Digital Skills,Basic
115,Cyprus,CY,IND_TOTAL,I_DSK2_B,2021,32.23,Overall Digital Skills,Basic
116,Czechia,CZ,IND_TOTAL,I_DSK2_B,2021,40.1,Overall Digital Skills,Basic
117,Germany,DE,IND_TOTAL,I_DSK2_B,2021,32.9,Overall Digital Skills,Basic
118,Denmark,DK,IND_TOTAL,I_DSK2_B,2021,31.62,Overall Digital Skills,Basic
119,Estonia,EE,IND_TOTAL,I_DSK2_B,2021,31.54,Overall Digital Skills,Basic
120,Greece,EL,IND_TOTAL,I_DSK2_B,2021,39.21,Overall Digital Skills,Basic
121,Spain,ES,IND_TOTAL,I_DSK2_B,2021,27.8,Overall Digital Skills,Basic
122,Finland,FI,IND_TOTAL,I_DSK2_B,2021,32.1,Overall Digital Skills,Basic
123,France,FR,IND_TOTAL,I_DSK2_B,2021,33.54,Overall Digital Skills,Basic
124,Croatia,HR,IND_TOTAL,I_DSK2_B,2021,39.62,Overall Digital Skills,Basic
125,Hungary,HU,IND_TOTAL,I_DSK2_B,2021,31.09,Overall Digital Skills,Basic
126,Ireland,IE,IND_TOTAL,I_DSK2_B,2021,31.13,Overall Digital Skills,Basic
127,Iceland,IS,IND_TOTAL,I_DSK2_B,2021,36.43,Overall Digital Skills,Basic
128,Italy,IT,IND_TOTAL,I_DSK2_B,2021,28.29,Overall Digital Skills,Basic
129,Lithuania,LT,IND_TOTAL,I_DSK2_B,2021,29.72,Overall Digital Skills,Basic
130,Luxembourg,LU,IND_TOTAL,I_DSK2_B,2021,32.41,Overall Digital Skills,Basic
131,Latvia,LV,IND_TOTAL,I_DSK2_B,2021,29.59,Overall Digital Skills,Basic
132,Montenegro,ME,IND_TOTAL,I_DSK2_B,2021,46.31,Overall Digital Skills,Basic
133,North Macedonia,MK,IND_TOTAL,I_DSK2_B,2021,30.64,Overall Digital Skills,Basic
134,Malta,MT,IND_TOTAL,I_DSK2_B,2021,29.42,Overall Digital Skills,Basic
135,Netherlands,NL,IND_TOTAL,I_DSK2_B,2021,28.76,Overall Digital Skills,Basic
136,Norway,NO,IND_TOTAL,I_DSK2_B,2021,36.33,Overall Digital Skills,Basic
137,Poland,PL,IND_TOTAL,I_DSK2_B,2021,26.1,Overall Digital Skills,Basic
138,Portugal,PT,IND_TOTAL,I_DSK2_B,2021,32.52,Overall Digital Skills,Basic
139,Romania,RO,IND_TOTAL,I_DSK2_B,2021,22.84,Overall Digital Skills,Basic
140,Serbia,RS,IND_TOTAL,I_DSK2_B,2021,35.7,Overall Digital Skills,Basic
141,Sweden,SE,IND_TOTAL,I_DSK2_B,2021,31.96,Overall Digital Skills,Basic
142,Slovenia,SI,IND_TOTAL,I_DSK2_B,2021,33.65,Overall Digital Skills,Basic
143,Slovakia,SK,IND_TOTAL,I_DSK2_B,2021,38.63,Overall Digital Skills,Basic
144,Türkiye,TR,IND_TOTAL,I_DSK2_B,2021,24.87,Overall Digital Skills,Basic
145,Albania,AL,IND_TOTAL,I_DSK2_BAB,2021,23.8,Overall Digital Skills,At Least Basic
146,Austria,AT,IND_TOTAL,I_DSK2_BAB,2021,63.33,Overall Digital Skills,At Least Basic
147,Bosnia and Herzegovina,BA,IND_TOTAL,I_DSK2_BAB,2021,34.65,Overall Digital Skills,At Least Basic
148,Belgium,BE,IND_TOTAL,I_DSK2_BAB,2021,54.23,Overall Digital Skills,At Least Basic
149,Bulgaria,BG,IND_TOTAL,I_DSK2_BAB,2021,31.18,Overall Digital Skills,At Least Basic
150,Switzerland,CH,IND_TOTAL,I_DSK2_BAB,2021,77.79,Overall Digital Skills,At Least Basic
151,Cyprus,CY,IND_TOTAL,I_DSK2_BAB,2021,50.21,Overall Digital Skills,At Least Basic
152,Czechia,CZ,IND_TOTAL,I_DSK2_BAB,2021,59.69,Overall Digital Skills,At Least Basic
153,Germany,DE,IND_TOTAL,I_DSK2_BAB,2021,48.92,Overall Digital Skills,At Least Basic
154,Denmark,DK,IND_TOTAL,I_DSK2_BAB,2021,68.65,Overall Digital Skills,At Least Basic
155,Estonia,EE,IND_TOTAL,I_DSK2_BAB,2021,56.37,Overall Digital Skills,At Least Basic
156,Greece,EL,IND_TOTAL,I_DSK2_BAB,2021,52.48,Overall Digital Skills,At Least Basic
157,Spain,ES,IND_TOTAL,I_DSK2_BAB,2021,64.16,Overall Digital Skills,At Least Basic
158,Finland,FI,IND_TOTAL,I_DSK2_BAB,2021,79.18,Overall Digital Skills,At Least Basic
159,France,FR,IND_TOTAL,I_DSK2_BAB,2021,61.96,Overall Digital Skills,At Least Basic
160,Croatia,HR,IND_TOTAL,I_DSK2_BAB,2021,63.37,Overall Digital Skills,At Least Basic
161,Hungary,HU,IND_TOTAL,I_DSK2_BAB,2021,49.09,Overall Digital Skills,At Least Basic
162,Ireland,IE,IND_TOTAL,I_DSK2_BAB,2021,70.49,Overall Digital Skills,At Least Basic
163,Iceland,IS,IND_TOTAL,I_DSK2_BAB,2021,80.99,Overall Digital Skills,At Least Basic
164,Italy,IT,IND_TOTAL,I_DSK2_BAB,2021,45.6,Overall Digital Skills,At Least Basic
165,Lithuania,LT,IND_TOTAL,I_DSK2_BAB,2021,48.84,Overall Digital Skills,At Least Basic
166,Luxembourg,LU,IND_TOTAL,I_DSK2_BAB,2021,63.79,Overall Digital Skills,At Least Basic
167,Latvia,LV,IND_TOTAL,I_DSK2_BAB,2021,50.8,Overall Digital Skills,At Least Basic
168,Montenegro,ME,IND_TOTAL,I_DSK2_BAB,2021,47.21,Overall Digital Skills,At Least Basic
169,North Macedonia,MK,IND_TOTAL,I_DSK2_BAB,2021,34.62,Overall Digital Skills,At Least Basic
170,Malta,MT,IND_TOTAL,I_DSK2_BAB,2021,61.23,Overall Digital Skills,At Least Basic
171,Netherlands,NL,IND_TOTAL,I_DSK2_BAB,2021,78.94,Overall Digital Skills,At Least Basic
172,Norway,NO,IND_TOTAL,I_DSK2_BAB,2021,78.71,Overall Digital Skills,At Least Basic
173,Poland,PL,IND_TOTAL,I_DSK2_BAB,2021,42.93,Overall Digital Skills,At Least Basic
174,Portugal,PT,IND_TOTAL,I_DSK2_BAB,2021,55.31,Overall Digital Skills,At Least Basic
175,Romania,RO,IND_TOTAL,I_DSK2_BAB,2021,27.82,Overall Digital Skills,At Least Basic
176,Serbia,RS,IND_TOTAL,I_DSK2_BAB,2021,41.3,Overall Digital Skills,At Least Basic
177,Sweden,SE,IND_TOTAL,I_DSK2_BAB,2021,66.6,Overall Digital Skills,At Least Basic
178,Slovenia,SI,IND_TOTAL,I_DSK2_BAB,2021,49.67,Overall Digital Skills,At Least Basic
179,Slovakia,SK,IND_TOTAL,I_DSK2_BAB,2021,55.18,Overall Digital Skills,At Least Basic
180,Türkiye,TR,IND_TOTAL,I_DSK2_BAB,2021,30.12,Overall Digital Skills,At Least Basic
181,Albania,AL,IND_TOTAL,I_DSK2_BAB,2021,29.98,Overall Digital Skills,At Least Basic
182,Austria,AT,IND_TOTAL,I_DSK2_BAB,2021,68.44,Overall Digital Skills,At Least Basic
183,Bosnia and Herzegovina,BA,IND_TOTAL,I_DSK2_BAB,2021,45.78,Overall Digital Skills,At Least Basic
184,Belgium,BE,IND_TOTAL,I_DSK2_BAB,2021,58.45,Overall Digital Skills,At Least Basic
185,Bulgaria,BG,IND_TOTAL,I_DSK2_BAB,2021,41.42,Overall Digital Skills,At Least Basic
186,Switzerland,CH,IND_TOTAL,I_DSK2_BAB,2021,79.27,Overall Digital Skills,At Least Basic
187,Cyprus,CY,IND_TOTAL,I_DSK2_BAB,2021,55.32,Overall Digital Skills,At Least Basic
188,Czechia,CZ,IND_TOTAL,I_DSK2_BAB,2021,67.18,Overall Digital Skills,At Least Basic
189,Germany,DE,IND_TOTAL,I_DSK2_BAB,2021,53.51,Overall Digital Skills,At Least Basic
190,Denmark,DK,IND_TOTAL,I_DSK2_BAB,2021,69.42,Overall Digital Skills,At Least Basic
191,Estonia,EE,IND_TOTAL,I_DSK2_BAB,2021,61.96,Overall Digital Skills,At Least Basic
192,Greece,EL,IND_TOTAL,I_DSK2_BAB,2021,66.86,Overall Digital Skills,At Least Basic
193,Spain,ES,IND_TOTAL,I_DSK2_BAB,2021,68.33,Overall Digital Skills,At Least Basic
194,Finland,FI,IND_TOTAL,I_DSK2_BAB,2021,81.88,Overall Digital Skills,At Least Basic
195,France,FR,IND_TOTAL,I_DSK2_BAB,2021,67.67,Overall Digital Skills,At Least Basic
196,Croatia,HR,IND_TOTAL,I_DSK2_BAB,2021,78.0,Overall Digital Skills,At Least Basic
197,Hungary,HU,IND_TOTAL,I_DSK2_BAB,2021,55.39,Overall Digital Skills,At Least Basic
198,Ireland,IE,IND_TOTAL,I_DSK2_BAB,2021,71.25,Overall Digital Skills,At Least Basic
199,Iceland,IS,IND_TOTAL,I_DSK2_BAB,2021,81.45,Overall Digital Skills,At Least Basic
200,Italy,IT,IND_TOTAL,I_DSK2_BAB,2021,55.89,Overall Digital Skills,At Least Basic
201,Lithuania,LT,IND_TOTAL,I_DSK2_BAB,2021,56.18,Overall Digital Skills,At Least Basic
202,Luxembourg,LU,IND_TOTAL,I_DSK2_BAB,2021,64.66,Overall Digital Skills,At Least Basic
203,Latvia,LV,IND_TOTAL,I_DSK2_BAB,2021,55.65,Overall Digital Skills,At Least Basic
204,Montenegro,ME,IND_TOTAL,I_DSK2_BAB,2021,57.42,Overall Digital Skills,At Least Basic
205,North Macedonia,MK,IND_TOTAL,I_DSK2_BAB,2021,40.07,Overall Digital Skills,At Least Basic
206,Malta,MT,IND_TOTAL,I_DSK2_BAB,2021,70.0,Overall Digital Skills,At Least Basic
207,Netherlands,NL,IND_TOTAL,I_DSK2_BAB,2021,83.52,Overall Digital Skills,At Least Basic
208,Norway,NO,IND_TOTAL,I_DSK2_BAB,2021,79.17,Overall Digital Skills,At Least Basic
209,Poland,PL,IND_TOTAL,I_DSK2_BAB,2021,50.28,Overall Digital Skills,At Least Basic
210,Portugal,PT,IND_TOTAL,I_DSK2_BAB,2021,67.2,Overall Digital Skills,At Least Basic
211,Romania,RO,IND_TOTAL,I_DSK2_BAB,2021,33.28,Overall Digital Skills,At Least Basic
212,Serbia,RS,IND_TOTAL,I_DSK2_BAB,2021,50.88,Overall Digital Skills,At Least Basic
213,Sweden,SE,IND_TOTAL,I_DSK2_BAB,2021,68.83,Overall Digital Skills,At Least Basic
214,Slovenia,SI,IND_TOTAL,I_DSK2_BAB,2021,55.81,Overall Digital Skills,At Least Basic
215,Slovakia,SK,IND_TOTAL,I_DSK2_BAB,2021,62.05,Overall Digital Skills,At Least Basic
216,Türkiye,TR,IND_TOTAL,I_DSK2_BAB,2021,37.0,Overall Digital Skills,At Least Basic
217,Albania,AL,IND_TOTAL,I_DSK2_CC_AB,2021,69.18,Communication & Collaboration,Above Basic
218,Austria,AT,IND_TOTAL,I_DSK2_CC_AB,2021,85.63,Communication & Collaboration,Above Basic
219,Bosnia and Herzegovina,BA,IND_TOTAL,I_DSK2_CC_AB,2021,68.18,Communication & Collaboration,Above Basic
220,Belgium,BE,IND_TOTAL,I_DSK2_CC_AB,2021,80.38,Communication & Collaboration,Above Basic
221,Bulgaria,BG,IND_TOTAL,I_DSK2_CC_AB,2021,65.51,Communication & Collaboration,Above Basic
222,Switzerland,CH,IND_TOTAL,I_DSK2_CC_AB,2021,93.03,Communication & Collaboration,Above Basic
223,Cyprus,CY,IND_TOTAL,I_DSK2_CC_AB,2021,86.6,Communication & Collaboration,Above Basic
224,Czechia,CZ,IND_TOTAL,I_DSK2_CC_AB,2021,78.0,Communication & Collaboration,Above Basic
225,Germany,DE,IND_TOTAL,I_DSK2_CC_AB,2021,73.22,Communication & Collaboration,Above Basic
226,Denmark,DK,IND_TOTAL,I_DSK2_CC_AB,2021,93.15,Communication & Collaboration,Above Basic
227,Estonia,EE,IND_TOTAL,I_DSK2_CC_AB,2021,78.48,Communication & Collaboration,Above Basic
228,Greece,EL,IND_TOTAL,I_DSK2_CC_AB,2021,70.15,Communication & Collaboration,Above Basic
229,Spain,ES,IND_TOTAL,I_DSK2_CC_AB,2021,88.28,Communication & Collaboration,Above Basic
230,Finland,FI,IND_TOTAL,I_DSK2_CC_AB,2021,90.51,Communication & Collaboration,Above Basic
231,France,FR,IND_TOTAL,I_DSK2_CC_AB,2021,74.92,Communication & Collaboration,Above Basic
232,Croatia,HR,IND_TOTAL,I_DSK2_CC_AB,2021,75.54,Communication & Collaboration,Above Basic
233,Hungary,HU,IND_TOTAL,I_DSK2_CC_AB,2021,82.96,Communication & Collaboration,Above Basic
234,Ireland,IE,IND_TOTAL,I_DSK2_CC_AB,2021,91.57,Communication & Collaboration,Above Basic
235,Iceland,IS,IND_TOTAL,I_DSK2_CC_AB,2021,95.96,Communication & Collaboration,Above Basic
236,Italy,IT,IND_TOTAL,I_DSK2_CC_AB,2021,75.7,Communication & Collaboration,Above Basic
237,Lithuania,LT,IND_TOTAL,I_DSK2_CC_AB,2021,76.22,Communication & Collaboration,Above Basic
238,Luxembourg,LU,IND_TOTAL,I_DSK2_CC_AB,2021,81.16,Communication & Collaboration,Above Basic
239,Latvia,LV,IND_TOTAL,I_DSK2_CC_AB,2021,81.17,Communication & Collaboration,Above Basic
240,Montenegro,ME,IND_TOTAL,I_DSK2_CC_AB,2021,80.38,Communication & Collaboration,Above Basic
241,North Macedonia,MK,IND_TOTAL,I_DSK2_CC_AB,2021,80.26,Communication & Collaboration,Above Basic
242,Malta,MT,IND_TOTAL,I_DSK2_CC_AB,2021,82.99,Communication & Collaboration,Above Basic
243,Netherlands,NL,IND_TOTAL,I_DSK2_CC_AB,2021,92.78,Communication & Collaboration,Above Basic
244,Norway,NO,IND_TOTAL,I_DSK2_CC_AB,2021,95.44,Communication & Collaboration,Above Basic
245,Poland,PL,IND_TOTAL,I_DSK2_CC_AB,2021,68.84,Communication & Collaboration,Above Basic
246,Portugal,PT,IND_TOTAL,I_DSK2_CC_AB,2021,77.23,Communication & Collaboration,Above Basic
247,Romania,RO,IND_TOTAL,I_DSK2_CC_AB,2021,69.78,Communication & Collaboration,Above Basic
248,Serbia,RS,IND_TOTAL,I_DSK2_CC_AB,2021,72.41,Communication & Collaboration,Above Basic
249,Sweden,SE,IND_TOTAL,I_DSK2_CC_AB,2021,85.71,Communication & Collaboration,Above Basic
250,Slovenia,SI,IND_TOTAL,I_DSK2_CC_AB,2021,76.11,Communication & Collaboration,Above Basic
251,Slovakia,SK,IND_TOTAL,I_DSK2_CC_AB,2021,76.34,Communication & Collaboration,Above Basic
252,Türkiye,TR,IND_TOTAL,I_DSK2_CC_AB,2021,74.69,Communication & Collaboration,Above Basic
253,Albania,AL,IND_TOTAL,I_DSK2_CC_AB,2021,87.15,Communication & Collaboration,Above Basic
254,Austria,AT,IND_TOTAL,I_DSK2_CC_AB,2021,92.54,Communication & Collaboration,Above Basic
255,Bosnia and Herzegovina,BA,IND_TOTAL,I_DSK2_CC_AB,2021,90.09,Communication & Collaboration,Above Basic
256,Belgium,BE,IND_TOTAL,I_DSK2_CC_AB,2021,86.62,Communication & Collaboration,Above Basic
257,Bulgaria,BG,IND_TOTAL,I_DSK2_CC_AB,2021,87.04,Communication & Collaboration,Above Basic
258,Switzerland,CH,IND_TOTAL,I_DSK2_CC_AB,2021,94.79,Communication & Collaboration,Above Basic
259,Cyprus,CY,IND_TOTAL,I_DSK2_CC_AB,2021,95.42,Communication & Collaboration,Above Basic
260,Czechia,CZ,IND_TOTAL,I_DSK2_CC_AB,2021,87.78,Communication & Collaboration,Above Basic
261,Germany,DE,IND_TOTAL,I_DSK2_CC_AB,2021,80.09,Communication & Collaboration,Above Basic
262,Denmark,DK,IND_TOTAL,I_DSK2_CC_AB,2021,94.19,Communication & Collaboration,Above Basic
263,Estonia,EE,IND_TOTAL,I_DSK2_CC_AB,2021,86.26,Communication & Collaboration,Above Basic
264,Greece,EL,IND_TOTAL,I_DSK2_CC_AB,2021,89.37,Communication & Collaboration,Above Basic
265,Spain,ES,IND_TOTAL,I_DSK2_CC_AB,2021,94.02,Communication & Collaboration,Above Basic
266,Finland,FI,IND_TOTAL,I_DSK2_CC_AB,2021,93.6,Communication & Collaboration,Above Basic
267,France,FR,IND_TOTAL,I_DSK2_CC_AB,2021,81.83,Communication & Collaboration,Above Basic
268,Croatia,HR,IND_TOTAL,I_DSK2_CC_AB,2021,92.97,Communication & Collaboration,Above Basic
269,Hungary,HU,IND_TOTAL,I_DSK2_CC_AB,2021,93.59,Communication & Collaboration,Above Basic
270,Ireland,IE,IND_TOTAL,I_DSK2_CC_AB,2021,92.55,Communication & Collaboration,Above Basic
271,Iceland,IS,IND_TOTAL,I_DSK2_CC_AB,2021,96.5,Communication & Collaboration,Above Basic
272,Italy,IT,IND_TOTAL,I_DSK2_CC_AB,2021,92.79,Communication & Collaboration,Above Basic
273,Lithuania,LT,IND_TOTAL,I_DSK2_CC_AB,2021,87.67,Communication & Collaboration,Above Basic
274,Luxembourg,LU,IND_TOTAL,I_DSK2_CC_AB,2021,82.26,Communication & Collaboration,Above Basic
275,Latvia,LV,IND_TOTAL,I_DSK2_CC_AB,2021,88.91,Communication & Collaboration,Above Basic
276,Montenegro,ME,IND_TOTAL,I_DSK2_CC_AB,2021,97.76,Communication & Collaboration,Above Basic
277,North Macedonia,MK,IND_TOTAL,I_DSK2_CC_AB,2021,92.9,Communication & Collaboration,Above Basic
278,Malta,MT,IND_TOTAL,I_DSK2_CC_AB,2021,94.88,Communication & Collaboration,Above Basic
279,Netherlands,NL,IND_TOTAL,I_DSK2_CC_AB,2021,98.16,Communication & Collaboration,Above Basic
280,Norway,NO,IND_TOTAL,I_DSK2_CC_AB,2021,95.99,Communication & Collaboration,Above Basic
281,Poland,PL,IND_TOTAL,I_DSK2_CC_AB,2021,80.64,Communication & Collaboration,Above Basic
282,Portugal,PT,IND_TOTAL,I_DSK2_CC_AB,2021,93.83,Communication & Collaboration,Above Basic
283,Romania,RO,IND_TOTAL,I_DSK2_CC_AB,2021,83.48,Communication & Collaboration,Above Basic
284,Serbia,RS,IND_TOTAL,I_DSK2_CC_AB,2021,89.22,Communication & Collaboration,Above Basic
285,Sweden,SE,IND_TOTAL,I_DSK2_CC_AB,2021,88.58,Communication & Collaboration,Above Basic
286,Slovenia,SI,IND_TOTAL,I_DSK2_CC_AB,2021,85.51,Communication & Collaboration,Above Basic
287,Slovakia,SK,IND_TOTAL,I_DSK2_CC_AB,2021,85.85,Communication & Collaboration,Above Basic
288,Türkiye,TR,IND_TOTAL,I_DSK2_CC_AB,2021,91.75,Communication & Collaboration,Above Basic
289,Albania,AL,IND_TOTAL,I_DSK2_CC_B,2021,10.15,Communication & Collaboration,Basic
290,Austria,AT,IND_TOTAL,I_DSK2_CC_B,2021,5.21,Communication & Collaboration,Basic
291,Bosnia and Herzegovina,BA,IND_TOTAL,I_DSK2_CC_B,2021,6.04,Communication & Collaboration,Basic
292,Belgium,BE,IND_TOTAL,I_DSK2_CC_B,2021,10.34,Communication & Collaboration,Basic
293,Bulgaria,BG,IND_TOTAL,I_DSK2_CC_B,2021,7.48,Communication & Collaboration,Basic
294,Switzerland,CH,IND_TOTAL,I_DSK2_CC_B,2021,4.24,Communication & Collaboration,Basic
295,Cyprus,CY,IND_TOTAL,I_DSK2_CC_B,2021,2.65,Communication & Collaboration,Basic
296,Czechia,CZ,IND_TOTAL,I_DSK2_CC_B,2021,8.94,Communication & Collaboration,Basic
297,Germany,DE,IND_TOTAL,I_DSK2_CC_B,2021,13.63,Communication & Collaboration,Basic
298,Denmark,DK,IND_TOTAL,I_DSK2_CC_B,2021,4.72,Communication & Collaboration,Basic
299,Estonia,EE,IND_TOTAL,I_DSK2_CC_B,2021,8.74,Communication & Collaboration,Basic
300,Greece,EL,IND_TOTAL,I_DSK2_CC_B,2021,5.47,Communication & Collaboration,Basic
301,Spain,ES,IND_TOTAL,I_DSK2_CC_B,2021,4.5,Communication & Collaboration,Basic
302,Finland,FI,IND_TOTAL,I_DSK2_CC_B,2021,4.93,Communication & Collaboration,Basic
303,France,FR,IND_TOTAL,I_DSK2_CC_B,2021,14.06,Communication & Collaboration,Basic
304,Croatia,HR,IND_TOTAL,I_DSK2_CC_B,2021,3.8,Communication & Collaboration,Basic
305,Hungary,HU,IND_TOTAL,I_DSK2_CC_B,2021,4.1,Communication & Collaboration,Basic
306,Ireland,IE,IND_TOTAL,I_DSK2_CC_B,2021,5.69,Communication & Collaboration,Basic
307,Iceland,IS,IND_TOTAL,I_DSK2_CC_B,2021,2.83,Communication & Collaboration,Basic
308,Italy,IT,IND_TOTAL,I_DSK2_CC_B,2021,4.53,Communication & Collaboration,Basic
309,Lithuania,LT,IND_TOTAL,I_DSK2_CC_B,2021,6.14,Communication & Collaboration,Basic
310,Luxembourg,LU,IND_TOTAL,I_DSK2_CC_B,2021,13.82,Communication & Collaboration,Basic
311,Latvia,LV,IND_TOTAL,I_DSK2_CC_B,2021,6.84,Communication & Collaboration,Basic
312,Montenegro,ME,IND_TOTAL,I_DSK2_CC_B,2021,1.51,Communication & Collaboration,Basic
313,North Macedonia,MK,IND_TOTAL,I_DSK2_CC_B,2021,5.3,Communication & Collaboration,Basic
314,Malta,MT,IND_TOTAL,I_DSK2_CC_B,2021,2.71,Communication & Collaboration,Basic
315,Netherlands,NL,IND_TOTAL,I_DSK2_CC_B,2021,1.58,Communication & Collaboration,Basic
316,Norway,NO,IND_TOTAL,I_DSK2_CC_B,2021,3.23,Communication & Collaboration,Basic
317,Poland,PL,IND_TOTAL,I_DSK2_CC_B,2021,9.89,Communication & Collaboration,Basic
318,Portugal,PT,IND_TOTAL,I_DSK2_CC_B,2021,3.77,Communication & Collaboration,Basic
319,Romania,RO,IND_TOTAL,I_DSK2_CC_B,2021,12.12,Communication & Collaboration,Basic
320,Serbia,RS,IND_TOTAL,I_DSK2_CC_B,2021,6.64,Communication & Collaboration,Basic
321,Sweden,SE,IND_TOTAL,I_DSK2_CC_B,2021,8.25,Communication & Collaboration,Basic
322,Slovenia,SI,IND_TOTAL,I_DSK2_CC_B,2021,9.74,Communication & Collaboration,Basic
323,Slovakia,SK,IND_TOTAL,I_DSK2_CC_B,2021,9.71,Communication & Collaboration,Basic
324,Türkiye,TR,IND_TOTAL,I_DSK2_CC_B,2021,5.01,Communication & Collaboration,Basic
325,Albania,AL,IND_TOTAL,I_DSK2_CC_B,2021,12.79,Communication & Collaboration,Basic
326,Austria,AT,IND_TOTAL,I_DSK2_CC_B,2021,5.63,Communication & Collaboration,Basic
327,Bosnia and Herzegovina,BA,IND_TOTAL,I_DSK2_CC_B,2021,7.99,Communication & Collaboration,Basic
328,Belgium,BE,IND_TOTAL,I_DSK2_CC_B,2021,11.15,Communication & Collaboration,Basic
329,Bulgaria,BG,IND_TOTAL,I_DSK2_CC_B,2021,9.93,Communication & Collaboration,Basic
330,Switzerland,CH,IND_TOTAL,I_DSK2_CC_B,2021,4.32,Communication & Collaboration,Basic
331,Cyprus,CY,IND_TOTAL,I_DSK2_CC_B,2021,2.93,Communication & Collaboration,Basic
332,Czechia,CZ,IND_TOTAL,I_DSK2_CC_B,2021,10.06,Communication & Collaboration,Basic
333,Germany,DE,IND_TOTAL,I_DSK2_CC_B,2021,14.91,Communication & Collaboration,Basic
334,Denmark,DK,IND_TOTAL,I_DSK2_CC_B,2021,4.78,Communication & Collaboration,Basic
335,Estonia,EE,IND_TOTAL,I_DSK2_CC_B,2021,9.6,Communication & Collaboration,Basic
336,Greece,EL,IND_TOTAL,I_DSK2_CC_B,2021,6.97,Communication & Collaboration,Basic
337,Spain,ES,IND_TOTAL,I_DSK2_CC_B,2021,4.79,Communication & Collaboration,Basic
338,Finland,FI,IND_TOTAL,I_DSK2_CC_B,2021,5.1,Communication & Collaboration,Basic
339,France,FR,IND_TOTAL,I_DSK2_CC_B,2021,15.36,Communication & Collaboration,Basic
340,Croatia,HR,IND_TOTAL,I_DSK2_CC_B,2021,4.67,Communication & Collaboration,Basic
341,Hungary,HU,IND_TOTAL,I_DSK2_CC_B,2021,4.62,Communication & Collaboration,Basic
342,Ireland,IE,IND_TOTAL,I_DSK2_CC_B,2021,5.75,Communication & Collaboration,Basic
343,Iceland,IS,IND_TOTAL,I_DSK2_CC_B,2021,2.85,Communication & Collaboration,Basic
344,Italy,IT,IND_TOTAL,I_DSK2_CC_B,2021,5.56,Communication & Collaboration,Basic
345,Lithuania,LT,IND_TOTAL,I_DSK2_CC_B,2021,7.07,Communication & Collaboration,Basic
346,Luxembourg,LU,IND_TOTAL,I_DSK2_CC_B,2021,14.01,Communication & Collaboration,Basic
347,Latvia,LV,IND_TOTAL,I_DSK2_CC_B,2021,7.49,Communication & Collaboration,Basic
348,Montenegro,ME,IND_TOTAL,I_DSK2_CC_B,2021,1.83,Communication & Collaboration,Basic
349,North Macedonia,MK,IND_TOTAL,I_DSK2_CC_B,2021,6.14,Communication & Collaboration,Basic
350,Malta,MT,IND_TOTAL,I_DSK2_CC_B,2021,3.1,Communication & Collaboration,Basic
351,Netherlands,NL,IND_TOTAL,I_DSK2_CC_B,2021,1.67,Communication & Collaboration,Basic
352,Norway,NO,IND_TOTAL,I_DSK2_CC_B,2021,3.25,Communication & Collaboration,Basic
353,Poland,PL,IND_TOTAL,I_DSK2_CC_B,2021,11.59,Communication & Collaboration,Basic
354,Portugal,PT,IND_TOTAL,I_DSK2_CC_B,2021,4.58,Communication & Collaboration,Basic
355,Romania,RO,IND_TOTAL,I_DSK2_CC_B,2021,14.5,Communication & Collaboration,Basic
356,Serbia,RS,IND_TOTAL,I_DSK2_CC_B,2021,8.18,Communication & Collaboration,Basic
357,Sweden,SE,IND_TOTAL,I_DSK2_CC_B,2021,8.53,Communication & Collaboration,Basic
358,Slovenia,SI,IND_TOTAL,I_DSK2_CC_B,2021,10.95,Communication & Collaboration,Basic
359,Slovakia,SK,IND_TOTAL,I_DSK2_CC_B,2021,10.91,Communication & Collaboration,Basic
360,Türkiye,TR,IND_TOTAL,I_DSK2_CC_B,2021,6.16,Communication & Collaboration,Basic
361,Albania,AL,IND_TOTAL,I_DSK2_CC_BAB,2021,79.33,Communication & Collaboration,At Least Basic
362,Austria,AT,IND_TOTAL,I_DSK2_CC_BAB,2021,90.83,Communication & Collaboration,At Least Basic
363,Bosnia and Herzegovina,BA,IND_TOTAL,I_DSK2_CC_BAB,2021,74.22,Communication & Collaboration,At Least Basic
364,Belgium,BE,IND_TOTAL,I_DSK2_CC_BAB,2021,90.72,Communication & Collaboration,At Least Basic
365,Bulgaria,BG,IND_TOTAL,I_DSK2_CC_BAB,2021,72.99,Communication & Collaboration,At Least Basic
366,Switzerland,CH,IND_TOTAL,I_DSK2_CC_BAB,2021,97.28,Communication & Collaboration,At Least Basic
367,Cyprus,CY,IND_TOTAL,I_DSK2_CC_BAB,2021,89.25,Communication & Collaboration,At Least Basic
368,Czechia,CZ,IND_TOTAL,I_DSK2_CC_BAB,2021,86.93,Communication & Collaboration,At Least Basic
369,Germany,DE,IND_TOTAL,I_DSK2_CC_BAB,2021,86.85,Communication & Collaboration,At Least Basic
370,Denmark,DK,IND_TOTAL,I_DSK2_CC_BAB,2021,97.87,Communication & Collaboration,At Least Basic
371,Estonia,EE,IND_TOTAL,I_DSK2_CC_BAB,2021,87.22,Communication & Collaboration,At Least Basic
372,Greece,EL,IND_TOTAL,I_DSK2_CC_BAB,2021,75.62,Communication & Collaboration,At Least Basic
373,Spain,ES,IND_TOTAL,I_DSK2_CC_BAB,2021,92.78,Communication & Collaboration,At Least Basic
374,Finland,FI,IND_TOTAL,I_DSK2_CC_BAB,2021,95.45,Communication & Collaboration,At Least Basic
375,France,FR,IND_TOTAL,I_DSK2_CC_BAB,2021,88.98,Communication & Collaboration,At Least Basic
376,Croatia,HR,IND_TOTAL,I_DSK2_CC_BAB,2021,79.34,Communication & Collaboration,At Least Basic
377,Hungary,HU,IND_TOTAL,I_DSK2_CC_BAB,2021,87.06,Communication & Collaboration,At Least Basic
378,Ireland,IE,IND_TOTAL,I_DSK2_CC_BAB,2021,97.25,Communication & Collaboration,At Least Basic
379,Iceland,IS,IND_TOTAL,I_DSK2_CC_BAB,2021,98.79,Communication & Collaboration,At Least Basic
380,Italy,IT,IND_TOTAL,I_DSK2_CC_BAB,2021,80.24,Communication & Collaboration,At Least Basic
381,Lithuania,LT,IND_TOTAL,I_DSK2_CC_BAB,2021,82.36,Communication & Collaboration,At Least Basic
382,Luxembourg,LU,IND_TOTAL,I_DSK2_CC_BAB,2021,94.98,Communication & Collaboration,At Least Basic
383,Latvia,LV,IND_TOTAL,I_DSK2_CC_BAB,2021,88.01,Communication & Collaboration,At Least Basic
384,Montenegro,ME,IND_TOTAL,I_DSK2_CC_BAB,2021,81.89,Communication & Collaboration,At Least Basic
385,North Macedonia,MK,IND_TOTAL,I_DSK2_CC_BAB,2021,85.56,Communication & Collaboration,At Least Basic
386,Malta,MT,IND_TOTAL,I_DSK2_CC_BAB,2021,85.7,Communication & Collaboration,At Least Basic
387,Netherlands,NL,IND_TOTAL,I_DSK2_CC_BAB,2021,94.36,Communication & Collaboration,At Least Basic
388,Norway,NO,IND_TOTAL,I_DSK2_CC_BAB,2021,98.67,Communication & Collaboration,At Least Basic
389,Poland,PL,IND_TOTAL,I_DSK2_CC_BAB,2021,78.74,Communication & Collaboration,At Least Basic
390,Portugal,PT,IND_TOTAL,I_DSK2_CC_BAB,2021,81.0,Communication & Collaboration,At Least Basic
391,Romania,RO,IND_TOTAL,I_DSK2_CC_BAB,2021,81.9,Communication & Collaboration,At Least Basic
392,Serbia,RS,IND_TOTAL,I_DSK2_CC_BAB,2021,79.05,Communication & Collaboration,At Least Basic
393,Sweden,SE,IND_TOTAL,I_DSK2_CC_BAB,2021,93.96,Communication & Collaboration,At Least Basic
394,Slovenia,SI,IND_TOTAL,I_DSK2_CC_BAB,2021,85.85,Communication & Collaboration,At Least Basic
395,Slovakia,SK,IND_TOTAL,I_DSK2_CC_BAB,2021,86.05,Communication & Collaboration,At Least Basic
396,Türkiye,TR,IND_TOTAL,I_DSK2_CC_BAB,2021,79.7,Communication & Collaboration,At Least Basic
397,Albania,AL,IND_TOTAL,I_DSK2_CC_BAB,2021,99.95,Communication & Collaboration,At Least Basic
398,Austria,AT,IND_TOTAL,I_DSK2_CC_BAB,2021,98.17,Communication & Collaboration,At Least Basic
399,Bosnia and Herzegovina,BA,IND_TOTAL,I_DSK2_CC_BAB,2021,98.08,Communication & Collaboration,At Least Basic
400,Belgium,BE,IND_TOTAL,I_DSK2_CC_BAB,2021,97.77,Communication & Collaboration,At Least Basic
401,Bulgaria,BG,IND_TOTAL,I_DSK2_CC_BAB,2021,96.97,Communication & Collaboration,At Least Basic
402,Switzerland,CH,IND_TOTAL,I_DSK2_CC_BAB,2021,99.12,Communication & Collaboration,At Least Basic
403,Cyprus,CY,IND_TOTAL,I_DSK2_CC_BAB,2021,98.34,Communication & Collaboration,At Least Basic
404,Czechia,CZ,IND_TOTAL,I_DSK2_CC_BAB,2021,97.84,Communication & Collaboration,At Least Basic
405,Germany,DE,IND_TOTAL,I_DSK2_CC_BAB,2021,94.99,Communication & Collaboration,At Least Basic
406,Denmark,DK,IND_TOTAL,I_DSK2_CC_BAB,2021,98.97,Communication & Collaboration,At Least Basic
407,Estonia,EE,IND_TOTAL,I_DSK2_CC_BAB,2021,95.86,Communication & Collaboration,At Least Basic
408,Greece,EL,IND_TOTAL,I_DSK2_CC_BAB,2021,96.34,Communication & Collaboration,At Least Basic
409,Spain,ES,IND_TOTAL,I_DSK2_CC_BAB,2021,98.81,Communication & Collaboration,At Least Basic
410,Finland,FI,IND_TOTAL,I_DSK2_CC_BAB,2021,98.7,Communication & Collaboration,At Least Basic
411,France,FR,IND_TOTAL,I_DSK2_CC_BAB,2021,97.19,Communication & Collaboration,At Least Basic
412,Croatia,HR,IND_TOTAL,I_DSK2_CC_BAB,2021,97.64,Communication & Collaboration,At Least Basic
413,Hungary,HU,IND_TOTAL,I_DSK2_CC_BAB,2021,98.22,Communication & Collaboration,At Least Basic
414,Ireland,IE,IND_TOTAL,I_DSK2_CC_BAB,2021,98.3,Communication & Collaboration,At Least Basic
415,Iceland,IS,IND_TOTAL,I_DSK2_CC_BAB,2021,99.35,Communication & Collaboration,At Least Basic
416,Italy,IT,IND_TOTAL,I_DSK2_CC_BAB,2021,98.35,Communication & Collaboration,At Least Basic
417,Lithuania,LT,IND_TOTAL,I_DSK2_CC_BAB,2021,94.74,Communication & Collaboration,At Least Basic
418,Luxembourg,LU,IND_TOTAL,I_DSK2_CC_BAB,2021,96.27,Communication & Collaboration,At Least Basic
419,Latvia,LV,IND_TOTAL,I_DSK2_CC_BAB,2021,96.4,Communication & Collaboration,At Least Basic
420,Montenegro,ME,IND_TOTAL,I_DSK2_CC_BAB,2021,99.6,Communication & Collaboration,At Least Basic
421,North Macedonia,MK,IND_TOTAL,I_DSK2_CC_BAB,2021,99.03,Communication & Collaboration,At Least Basic
422,Malta,MT,IND_TOTAL,I_DSK2_CC_BAB,2021,97.98,Communication & Collaboration,At Least Basic
423,Netherlands,NL,IND_TOTAL,I_DSK2_CC_BAB,2021,99.83,Communication & Collaboration,At Least Basic
424,Norway,NO,IND_TOTAL,I_DSK2_CC_BAB,2021,99.24,Communication & Collaboration,At Least Basic
425,Poland,PL,IND_TOTAL,I_DSK2_CC_BAB,2021,92.22,Communication & Collaboration,At Least Basic
426,Portugal,PT,IND_TOTAL,I_DSK2_CC_BAB,2021,98.41,Communication & Collaboration,At Least Basic
427,Romania,RO,IND_TOTAL,I_DSK2_CC_BAB,2021,97.98,Communication & Collaboration,At Least Basic
428,Serbia,RS,IND_TOTAL,I_DSK2_CC_BAB,2021,97.4,Communication & Collaboration,At Least Basic
429,Sweden,SE,IND_TOTAL,I_DSK2_CC_BAB,2021,97.11,Communication & Collaboration,At Least Basic
430,Slovenia,SI,IND_TOTAL,I_DSK2_CC_BAB,2021,96.46,Communication & Collaboration,At Least Basic
431,Slovakia,SK,IND_TOTAL,I_DSK2_CC_BAB,2021,96.77,Communication & Collaboration,At Least Basic
432,Türkiye,TR,IND_TOTAL,I_DSK2_CC_BAB,2021,97.91,Communication & Collaboration,At Least Basic
433,Albania,AL,IND_TOTAL,I_DSK2_DCC_AB,2021,17.11,Digital Content Creation,Above Basic
434,Austria,AT,IND_TOTAL,I_DSK2_DCC_AB,2021,55.94,Digital Content Creation,Above Basic
435,Bosnia and Herzegovina,BA,IND_TOTAL,I_DSK2_DCC_AB,2021,24.5,Digital Content Creation,Above Basic
436,Belgium,BE,IND_TOTAL,I_DSK2_DCC_AB,2021,47.92,Digital Content Creation,Above Basic
437,Bulgaria,BG,IND_TOTAL,I_DSK2_DCC_AB,2021,22.43,Digital Content Creation,Above Basic
438,Switzerland,CH,IND_TOTAL,I_DSK2_DCC_AB,2021,60.05,Digital Content Creation,Above Basic
439,Cyprus,CY,IND_TOTAL,I_DSK2_DCC_AB,2021,42.8,Digital Content Creation,Above Basic
440,Czechia,CZ,IND_TOTAL,I_DSK2_DCC_AB,2021,43.71,Digital Content Creation,Above Basic
441,Germany,DE,IND_TOTAL,I_DSK2_DCC_AB,2021,39.34,Digital Content Creation,Above Basic
442,Denmark,DK,IND_TOTAL,I_DSK2_DCC_AB,2021,54.64,Digital Content Creation,Above Basic
443,Estonia,EE,IND_TOTAL,I_DSK2_DCC_AB,2021,45.44,Digital Content Creation,Above Basic
444,Greece,EL,IND_TOTAL,I_DSK2_DCC_AB,2021,40.55,Digital Content Creation,Above Basic
445,Spain,ES,IND_TOTAL,I_DSK2_DCC_AB,2021,52.35,Digital Content Creation,Above Basic
446,Finland,FI,IND_TOTAL,I_DSK2_DCC_AB,2021,63.88,Digital Content Creation,Above Basic
447,France,FR,IND_TOTAL,I_DSK2_DCC_AB,2021,55.04,Digital Content Creation,Above Basic
448,Croatia,HR,IND_TOTAL,I_DSK2_DCC_AB,2021,64.43,Digital Content Creation,Above Basic
449,Hungary,HU,IND_TOTAL,I_DSK2_DCC_AB,2021,38.45,Digital Content Creation,Above Basic
450,Ireland,IE,IND_TOTAL,I_DSK2_DCC_AB,2021,55.96,Digital Content Creation,Above Basic
451,Iceland,IS,IND_TOTAL,I_DSK2_DCC_AB,2021,68.94,Digital Content Creation,Above Basic
452,Italy,IT,IND_TOTAL,I_DSK2_DCC_AB,2021,40.88,Digital Content Creation,Above Basic
453,Lithuania,LT,IND_TOTAL,I_DSK2_DCC_AB,2021,42.49,Digital Content Creation,Above Basic
454,Luxembourg,LU,IND_TOTAL,I_DSK2_DCC_AB,2021,54.95,Digital Content Creation,Above Basic
455,Latvia,LV,IND_TOTAL,I_DSK2_DCC_AB,2021,39.22,Digital Content Creation,Above Basic
456,Montenegro,ME,IND_TOTAL,I_DSK2_DCC_AB,2021,40.84,Digital Content Creation,Above Basic
457,North Macedonia,MK,IND_TOTAL,I_DSK2_DCC_AB,2021,16.17,Digital Content Creation,Above Basic
458,Malta,MT,IND_TOTAL,I_DSK2_DCC_AB,2021,48.63,Digital Content Creation,Above Basic
459,Netherlands,NL,IND_TOTAL,I_DSK2_DCC_AB,2021,64.88,Digital Content Creation,Above Basic
460,Norway,NO,IND_TOTAL,I_DSK2_DCC_AB,2021,65.8,Digital Content Creation,Above Basic
461,Poland,PL,IND_TOTAL,I_DSK2_DCC_AB,2021,37.28,Digital Content Creation,Above Basic
462,Portugal,PT,IND_TOTAL,I_DSK2_DCC_AB,2021,44.49,Digital Content Creation,Above Basic
463,Romania,RO,IND_TOTAL,I_DSK2_DCC_AB,2021,22.7,Digital Content Creation,Above Basic
464,Serbia,RS,IND_TOTAL,I_DSK2_DCC_AB,2021,33.5,Digital Content Creation,Above Basic
465,Sweden,SE,IND_TOTAL,I_DSK2_DCC_AB,2021,54.98,Digital Content Creation,Above Basic
466,Slovenia,SI,IND_TOTAL,I_DSK2_DCC_AB,2021,40.3,Digital Content Creation,Above Basic
467,Slovakia,SK,IND_TOTAL,I_DSK2_DCC_AB,2021,43.31,Digital Content Creation,Above Basic
468,Türkiye,TR,IND_TOTAL,I_DSK2_DCC_AB,2021,17.16,Digital Content Creation,Above Basic
469,Albania,AL,IND_TOTAL,I_DSK2_DCC_AB,2021,21.55,Digital Content Creation,Above Basic
470,Austria,AT,IND_TOTAL,I_DSK2_DCC_AB,2021,60.46,Digital Content Creation,Above Basic
471,Bosnia and Herzegovina,BA,IND_TOTAL,I_DSK2_DCC_AB,2021,32.37,Digital Content Creation,Above Basic
472,Belgium,BE,IND_TOTAL,I_DSK2_DCC_AB,2021,51.64,Digital Content Creation,Above Basic
473,Bulgaria,BG,IND_TOTAL,I_DSK2_DCC_AB,2021,29.8,Digital Content Creation,Above Basic
474,Switzerland,CH,IND_TOTAL,I_DSK2_DCC_AB,2021,61.19,Digital Content Creation,Above Basic
475,Cyprus,CY,IND_TOTAL,I_DSK2_DCC_AB,2021,47.16,Digital Content Creation,Above Basic
476,Czechia,CZ,IND_TOTAL,I_DSK2_DCC_AB,2021,49.2,Digital Content Creation,Above Basic
477,Germany,DE,IND_TOTAL,I_DSK2_DCC_AB,2021,43.03,Digital Content Creation,Above Basic
478,Denmark,DK,IND_TOTAL,I_DSK2_DCC_AB,2021,55.25,Digital Content Creation,Above Basic
479,Estonia,EE,IND_TOTAL,I_DSK2_DCC_AB,2021,49.94,Digital Content Creation,Above Basic
480,Greece,EL,IND_TOTAL,I_DSK2_DCC_AB,2021,51.66,Digital Content Creation,Above Basic
481,Spain,ES,IND_TOTAL,I_DSK2_DCC_AB,2021,55.75,Digital Content Creation,Above Basic
482,Finland,FI,IND_TOTAL,I_DSK2_DCC_AB,2021,66.06,Digital Content Creation,Above Basic
483,France,FR,IND_TOTAL,I_DSK2_DCC_AB,2021,60.12,Digital Content Creation,Above Basic
484,Croatia,HR,IND_TOTAL,I_DSK2_DCC_AB,2021,79.29,Digital Content Creation,Above Basic
485,Hungary,HU,IND_TOTAL,I_DSK2_DCC_AB,2021,43.37,Digital Content Creation,Above Basic
486,Ireland,IE,IND_TOTAL,I_DSK2_DCC_AB,2021,56.56,Digital Content Creation,Above Basic
487,Iceland,IS,IND_TOTAL,I_DSK2_DCC_AB,2021,69.33,Digital Content Creation,Above Basic
488,Italy,IT,IND_TOTAL,I_DSK2_DCC_AB,2021,50.1,Digital Content Creation,Above Basic
489,Lithuania,LT,IND_TOTAL,I_DSK2_DCC_AB,2021,48.88,Digital Content Creation,Above Basic
490,Luxembourg,LU,IND_TOTAL,I_DSK2_DCC_AB,2021,55.7,Digital Content Creation,Above Basic
491,Latvia,LV,IND_TOTAL,I_DSK2_DCC_AB,2021,42.96,Digital Content Creation,Above Basic
492,Montenegro,ME,IND_TOTAL,I_DSK2_DCC_AB,2021,49.68,Digital Content Creation,Above Basic
493,North Macedonia,MK,IND_TOTAL,I_DSK2_DCC_AB,2021,18.71,Digital Content Creation,Above Basic
494,Malta,MT,IND_TOTAL,I_DSK2_DCC_AB,2021,55.6,Digital Content Creation,Above Basic
495,Netherlands,NL,IND_TOTAL,I_DSK2_DCC_AB,2021,68.65,Digital Content Creation,Above Basic
496,Norway,NO,IND_TOTAL,I_DSK2_DCC_AB,2021,66.18,Digital Content Creation,Above Basic
497,Poland,PL,IND_TOTAL,I_DSK2_DCC_AB,2021,43.66,Digital Content Creation,Above Basic
498,Portugal,PT,IND_TOTAL,I_DSK2_DCC_AB,2021,54.05,Digital Content Creation,Above Basic
499,Romania,RO,IND_TOTAL,I_DSK2_DCC_AB,2021,27.16,Digital Content Creation,Above Basic
500,Serbia,RS,IND_TOTAL,I_DSK2_DCC_AB,2021,41.27,Digital Content Creation,Above Basic
501,Sweden,SE,IND_TOTAL,I_DSK2_DCC_AB,2021,56.82,Digital Content Creation,Above Basic
502,Slovenia,SI,IND_TOTAL,I_DSK2_DCC_AB,2021,45.28,Digital Content Creation,Above Basic
503,Slovakia,SK,IND_TOTAL,I_DSK2_DCC_AB,2021,48.7,Digital Content Creation,Above Basic
504,Türkiye,TR,IND_TOTAL,I_DSK2_DCC_AB,2021,21.07,Digital Content Creation,Above Basic
505,Albania,AL,IND_TOTAL,I_DSK2_DCC_B,2021,20.14,Digital Content Creation,Basic
506,Austria,AT,IND_TOTAL,I_DSK2_DCC_B,2021,19.24,Digital Content Creation,Basic
507,Bosnia and Herzegovina,BA,IND_TOTAL,I_DSK2_DCC_B,2021,38.12,Digital Content Creation,Basic
508,Belgium,BE,IND_TOTAL,I_DSK2_DCC_B,2021,19.13,Digital Content Creation,Basic
509,Bulgaria,BG,IND_TOTAL,I_DSK2_DCC_B,2021,21.36,Digital Content Creation,Basic
510,Switzerland,CH,IND_TOTAL,I_DSK2_DCC_B,2021,25.99,Digital Content Creation,Basic
511,Cyprus,CY,IND_TOTAL,I_DSK2_DCC_B,2021,16.96,Digital Content Creation,Basic
512,Czechia,CZ,IND_TOTAL,I_DSK2_DCC_B,2021,22.22,Digital Content Creation,Basic
513,Germany,DE,IND_TOTAL,I_DSK2_DCC_B,2021,25.4,Digital Content Creation,Basic
514,Denmark,DK,IND_TOTAL,I_DSK2_DCC_B,2021,21.03,Digital Content Creation,Basic
515,Estonia,EE,IND_TOTAL,I_DSK2_DCC_B,2021,21.03,Digital Content Creation,Basic
516,Greece,EL,IND_TOTAL,I_DSK2_DCC_B,2021,21.74,Digital Content Creation,Basic
517,Spain,ES,IND_TOTAL,I_DSK2_DCC_B,2021,21.17,Digital Content Creation,Basic
518,Finland,FI,IND_TOTAL,I_DSK2_DCC_B,2021,19.03,Digital Content Creation,Basic
519,France,FR,IND_TOTAL,I_DSK2_DCC_B,2021,21.11,Digital Content Creation,Basic
520,Croatia,HR,IND_TOTAL,I_DSK2_DCC_B,2021,16.83,Digital Content Creation,Basic
521,Hungary,HU,IND_TOTAL,I_DSK2_DCC_B,2021,20.66,Digital Content Creation,Basic
522,Ireland,IE,IND_TOTAL,I_DSK2_DCC_B,2021,21.01,Digital Content Creation,Basic
523,Iceland,IS,IND_TOTAL,I_DSK2_DCC_B,2021,16.95,Digital Content Creation,Basic
524,Italy,IT,IND_TOTAL,I_DSK2_DCC_B,2021,16.86,Digital Content Creation,Basic
525,Lithuania,LT,IND_TOTAL,I_DSK2_DCC_B,2021,18.74,Digital Content Creation,Basic
526,Luxembourg,LU,IND_TOTAL,I_DSK2_DCC_B,2021,25.33,Digital Content Creation,Basic
527,Latvia,LV,IND_TOTAL,I_DSK2_DCC_B,2021,24.45,Digital Content Creation,Basic
528,Montenegro,ME,IND_TOTAL,I_DSK2_DCC_B,2021,40.58,Digital Content Creation,Basic
529,North Macedonia,MK,IND_TOTAL,I_DSK2_DCC_B,2021,26.39,Digital Content Creation,Basic
530,Malta,MT,IND_TOTAL,I_DSK2_DCC_B,2021,22.83,Digital Content Creation,Basic
531,Netherlands,NL,IND_TOTAL,I_DSK2_DCC_B,2021,18.46,Digital Content Creation,Basic
532,Norway,NO,IND_TOTAL,I_DSK2_DCC_B,2021,20.58,Digital Content Creation,Basic
533,Poland,PL,IND_TOTAL,I_DSK2_DCC_B,2021,19.81,Digital Content Creation,Basic
534,Portugal,PT,IND_TOTAL,I_DSK2_DCC_B,2021,16.43,Digital Content Creation,Basic
535,Romania,RO,IND_TOTAL,I_DSK2_DCC_B,2021,18.76,Digital Content Creation,Basic
536,Serbia,RS,IND_TOTAL,I_DSK2_DCC_B,2021,30.74,Digital Content Creation,Basic
537,Sweden,SE,IND_TOTAL,I_DSK2_DCC_B,2021,22.11,Digital Content Creation,Basic
538,Slovenia,SI,IND_TOTAL,I_DSK2_DCC_B,2021,25.87,Digital Content Creation,Basic
539,Slovakia,SK,IND_TOTAL,I_DSK2_DCC_B,2021,29.04,Digital Content Creation,Basic
540,Türkiye,TR,IND_TOTAL,I_DSK2_DCC_B,2021,22.65,Digital Content Creation,Basic
541,Albania,AL,IND_TOTAL,I_DSK2_DCC_B,2021,25.38,Digital Content Creation,Basic
542,Austria,AT,IND_TOTAL,I_DSK2_DCC_B,2021,20.79,Digital Content Creation,Basic
543,Bosnia and Herzegovina,BA,IND_TOTAL,I_DSK2_DCC_B,2021,50.37,Digital Content Creation,Basic
544,Belgium,BE,IND_TOTAL,I_DSK2_DCC_B,2021,20.62,Digital Content Creation,Basic
545,Bulgaria,BG,IND_TOTAL,I_DSK2_DCC_B,2021,28.37,Digital Content Creation,Basic
546,Switzerland,CH,IND_TOTAL,I_DSK2_DCC_B,2021,26.48,Digital Content Creation,Basic
547,Cyprus,CY,IND_TOTAL,I_DSK2_DCC_B,2021,18.69,Digital Content Creation,Basic
548,Czechia,CZ,IND_TOTAL,I_DSK2_DCC_B,2021,25.01,Digital Content Creation,Basic
549,Germany,DE,IND_TOTAL,I_DSK2_DCC_B,2021,27.78,Digital Content Creation,Basic
550,Denmark,DK,IND_TOTAL,I_DSK2_DCC_B,2021,21.27,Digital Content Creation,Basic
551,Estonia,EE,IND_TOTAL,I_DSK2_DCC_B,2021,23.11,Digital Content Creation,Basic
552,Greece,EL,IND_TOTAL,I_DSK2_DCC_B,2021,27.69,Digital Content Creation,Basic
553,Spain,ES,IND_TOTAL,I_DSK2_DCC_B,2021,22.55,Digital Content Creation,Basic
554,Finland,FI,IND_TOTAL,I_DSK2_DCC_B,2021,19.68,Digital Content Creation,Basic
555,France,FR,IND_TOTAL,I_DSK2_DCC_B,2021,23.05,Digital Content Creation,Basic
556,Croatia,HR,IND_TOTAL,I_DSK2_DCC_B,2021,20.71,Digital Content Creation,Basic
557,Hungary,HU,IND_TOTAL,I_DSK2_DCC_B,2021,23.3,Digital Content Creation,Basic
558,Ireland,IE,IND_TOTAL,I_DSK2_DCC_B,2021,21.24,Digital Content Creation,Basic
559,Iceland,IS,IND_TOTAL,I_DSK2_DCC_B,2021,17.05,Digital Content Creation,Basic
560,Italy,IT,IND_TOTAL,I_DSK2_DCC_B,2021,20.67,Digital Content Creation,Basic
561,Lithuania,LT,IND_TOTAL,I_DSK2_DCC_B,2021,21.56,Digital Content Creation,Basic
562,Luxembourg,LU,IND_TOTAL,I_DSK2_DCC_B,2021,25.67,Digital Content Creation,Basic
563,Latvia,LV,IND_TOTAL,I_DSK2_DCC_B,2021,26.78,Digital Content Creation,Basic
564,Montenegro,ME,IND_TOTAL,I_DSK2_DCC_B,2021,49.36,Digital Content Creation,Basic
565,North Macedonia,MK,IND_TOTAL,I_DSK2_DCC_B,2021,30.54,Digital Content Creation,Basic
566,Malta,MT,IND_TOTAL,I_DSK2_DCC_B,2021,26.1,Digital Content Creation,Basic
567,Netherlands,NL,IND_TOTAL,I_DSK2_DCC_B,2021,19.53,Digital Content Creation,Basic
568,Norway,NO,IND_TOTAL,I_DSK2_DCC_B,2021,20.7,Digital Content Creation,Basic
569,Poland,PL,IND_TOTAL,I_DSK2_DCC_B,2021,23.2,Digital Content Creation,Basic
570,Portugal,PT,IND_TOTAL,I_DSK2_DCC_B,2021,19.97,Digital Content Creation,Basic
571,Romania,RO,IND_TOTAL,I_DSK2_DCC_B,2021,22.44,Digital Content Creation,Basic
572,Serbia,RS,IND_TOTAL,I_DSK2_DCC_B,2021,37.88,Digital Content Creation,Basic
573,Sweden,SE,IND_TOTAL,I_DSK2_DCC_B,2021,22.85,Digital Content Creation,Basic
574,Slovenia,SI,IND_TOTAL,I_DSK2_DCC_B,2021,29.06,Digital Content Creation,Basic
575,Slovakia,SK,IND_TOTAL,I_DSK2_DCC_B,2021,32.66,Digital Content Creation,Basic
576,Türkiye,TR,IND_TOTAL,I_DSK2_DCC_B,2021,27.82,Digital Content Creation,Basic
577,Albania,AL,IND_TOTAL,I_DSK2_DCC_BAB,2021,37.25,Digital Content Creation,At Least Basic
578,Austria,AT,IND_TOTAL,I_DSK2_DCC_BAB,2021,75.18,Digital Content Creation,At Least Basic
579,Bosnia and Herzegovina,BA,IND_TOTAL,I_DSK2_DCC_BAB,2021,62.62,Digital Content Creation,At Least Basic
580,Belgium,BE,IND_TOTAL,I_DSK2_DCC_BAB,2021,67.05,Digital Content Creation,At Least Basic
581,Bulgaria,BG,IND_TOTAL,I_DSK2_DCC_BAB,2021,43.79,Digital Content Creation,At Least Basic
582,Switzerland,CH,IND_TOTAL,I_DSK2_DCC_BAB,2021,86.04,Digital Content Creation,At Least Basic
583,Cyprus,CY,IND_TOTAL,I_DSK2_DCC_BAB,2021,59.76,Digital Content Creation,At Least Basic
584,Czechia,CZ,IND_TOTAL,I_DSK2_DCC_BAB,2021,65.93,Digital Content Creation,At Least Basic
585,Germany,DE,IND_TOTAL,I_DSK2_DCC_BAB,2021,64.75,Digital Content Creation,At Least Basic
586,Denmark,DK,IND_TOTAL,I_DSK2_DCC_BAB,2021,75.67,Digital Content Creation,At Least Basic
587,Estonia,EE,IND_TOTAL,I_DSK2_DCC_BAB,2021,66.47,Digital Content Creation,At Least Basic
588,Greece,EL,IND_TOTAL,I_DSK2_DCC_BAB,2021,62.29,Digital Content Creation,At Least Basic
589,Spain,ES,IND_TOTAL,I_DSK2_DCC_BAB,2021,73.52,Digital Content Creation,At Least Basic
590,Finland,FI,IND_TOTAL,I_DSK2_DCC_BAB,2021,82.91,Digital Content Creation,At Least Basic
591,France,FR,IND_TOTAL,I_DSK2_DCC_BAB,2021,76.15,Digital Content Creation,At Least Basic
592,Croatia,HR,IND_TOTAL,I_DSK2_DCC_BAB,2021,81.25,Digital Content Creation,At Least Basic
593,Hungary,HU,IND_TOTAL,I_DSK2_DCC_BAB,2021,59.1,Digital Content Creation,At Least Basic
594,Ireland,IE,IND_TOTAL,I_DSK2_DCC_BAB,2021,76.97,Digital Content Creation,At Least Basic
595,Iceland,IS,IND_TOTAL,I_DSK2_DCC_BAB,2021,85.9,Digital Content Creation,At Least Basic
596,Italy,IT,IND_TOTAL,I_DSK2_DCC_BAB,2021,57.74,Digital Content Creation,At Least Basic
597,Lithuania,LT,IND_TOTAL,I_DSK2_DCC_BAB,2021,61.24,Digital Content Creation,At Least Basic
598,Luxembourg,LU,IND_TOTAL,I_DSK2_DCC_BAB,2021,80.28,Digital Content Creation,At Least Basic
599,Latvia,LV,IND_TOTAL,I_DSK2_DCC_BAB,2021,63.67,Digital Content Creation,At Least Basic
600,Montenegro,ME,IND_TOTAL,I_DSK2_DCC_BAB,2021,81.43,Digital Content Creation,At Least Basic
601,North Macedonia,MK,IND_TOTAL,I_DSK2_DCC_BAB,2021,42.55,Digital Content Creation,At Least Basic
602,Malta,MT,IND_TOTAL,I_DSK2_DCC_BAB,2021,71.46,Digital Content Creation,At Least Basic
603,Netherlands,NL,IND_TOTAL,I_DSK2_DCC_BAB,2021,83.34,Digital Content Creation,At Least Basic
604,Norway,NO,IND_TOTAL,I_DSK2_DCC_BAB,2021,86.38,Digital Content Creation,At Least Basic
605,Poland,PL,IND_TOTAL,I_DSK2_DCC_BAB,2021,57.08,Digital Content Creation,At Least Basic
606,Portugal,PT,IND_TOTAL,I_DSK2_DCC_BAB,2021,60.93,Digital Content Creation,At Least Basic
607,Romania,RO,IND_TOTAL,I_DSK2_DCC_BAB,2021,41.46,Digital Content Creation,At Least Basic
608,Serbia,RS,IND_TOTAL,I_DSK2_DCC_BAB,2021,64.24,Digital Content Creation,At Least Basic
609,Sweden,SE,IND_TOTAL,I_DSK2_DCC_BAB,2021,77.09,Digital Content Creation,At Least Basic
610,Slovenia,SI,IND_TOTAL,I_DSK2_DCC_BAB,2021,66.17,Digital Content Creation,At Least Basic
611,Slovakia,SK,IND_TOTAL,I_DSK2_DCC_BAB,2021,72.35,Digital Content Creation,At Least Basic
612,Türkiye,TR,IND_TOTAL,I_DSK2_DCC_BAB,2021,39.81,Digital Content Creation,At Least Basic
613,Albania,AL,IND_TOTAL,I_DSK2_DCC_BAB,2021,46.93,Digital Content Creation,At Least Basic
614,Austria,AT,IND_TOTAL,I_DSK2_DCC_BAB,2021,81.25,Digital Content Creation,At Least Basic
615,Bosnia and Herzegovina,BA,IND_TOTAL,I_DSK2_DCC_BAB,2021,82.74,Digital Content Creation,At Least Basic
616,Belgium,BE,IND_TOTAL,I_DSK2_DCC_BAB,2021,72.26,Digital Content Creation,At Least Basic
617,Bulgaria,BG,IND_TOTAL,I_DSK2_DCC_BAB,2021,58.17,Digital Content Creation,At Least Basic
618,Switzerland,CH,IND_TOTAL,I_DSK2_DCC_BAB,2021,87.67,Digital Content Creation,At Least Basic
619,Cyprus,CY,IND_TOTAL,I_DSK2_DCC_BAB,2021,65.85,Digital Content Creation,At Least Basic
620,Czechia,CZ,IND_TOTAL,I_DSK2_DCC_BAB,2021,74.2,Digital Content Creation,At Least Basic
621,Germany,DE,IND_TOTAL,I_DSK2_DCC_BAB,2021,70.81,Digital Content Creation,At Least Basic
622,Denmark,DK,IND_TOTAL,I_DSK2_DCC_BAB,2021,76.52,Digital Content Creation,At Least Basic
623,Estonia,EE,IND_TOTAL,I_DSK2_DCC_BAB,2021,73.05,Digital Content Creation,At Least Basic
624,Greece,EL,IND_TOTAL,I_DSK2_DCC_BAB,2021,79.35,Digital Content Creation,At Least Basic
625,Spain,ES,IND_TOTAL,I_DSK2_DCC_BAB,2021,78.3,Digital Content Creation,At Least Basic
626,Finland,FI,IND_TOTAL,I_DSK2_DCC_BAB,2021,85.74,Digital Content Creation,At Least Basic
627,France,FR,IND_TOTAL,I_DSK2_DCC_BAB,2021,83.17,Digital Content Creation,At Least Basic
628,Croatia,HR,IND_TOTAL,I_DSK2_DCC_BAB,2021,100.0,Digital Content Creation,At Least Basic
629,Hungary,HU,IND_TOTAL,I_DSK2_DCC_BAB,2021,66.68,Digital Content Creation,At Least Basic
630,Ireland,IE,IND_TOTAL,I_DSK2_DCC_BAB,2021,77.8,Digital Content Creation,At Least Basic
631,Iceland,IS,IND_TOTAL,I_DSK2_DCC_BAB,2021,86.38,Digital Content Creation,At Least Basic
632,Italy,IT,IND_TOTAL,I_DSK2_DCC_BAB,2021,70.77,Digital Content Creation,At Least Basic
633,Lithuania,LT,IND_TOTAL,I_DSK2_DCC_BAB,2021,70.44,Digital Content Creation,At Least Basic
634,Luxembourg,LU,IND_TOTAL,I_DSK2_DCC_BAB,2021,81.37,Digital Content Creation,At Least Basic
635,Latvia,LV,IND_TOTAL,I_DSK2_DCC_BAB,2021,69.74,Digital Content Creation,At Least Basic
636,Montenegro,ME,IND_TOTAL,I_DSK2_DCC_BAB,2021,99.04,Digital Content Creation,At Least Basic
637,North Macedonia,MK,IND_TOTAL,I_DSK2_DCC_BAB,2021,49.25,Digital Content Creation,At Least Basic
638,Malta,MT,IND_TOTAL,I_DSK2_DCC_BAB,2021,81.69,Digital Content Creation,At Least Basic
639,Netherlands,NL,IND_TOTAL,I_DSK2_DCC_BAB,2021,88.18,Digital Content Creation,At Least Basic
640,Norway,NO,IND_TOTAL,I_DSK2_DCC_BAB,2021,86.88,Digital Content Creation,At Least Basic
641,Poland,PL,IND_TOTAL,I_DSK2_DCC_BAB,2021,66.86,Digital Content Creation,At Least Basic
642,Portugal,PT,IND_TOTAL,I_DSK2_DCC_BAB,2021,74.02,Digital Content Creation,At Least Basic
643,Romania,RO,IND_TOTAL,I_DSK2_DCC_BAB,2021,49.59,Digital Content Creation,At Least Basic
644,Serbia,RS,IND_TOTAL,I_DSK2_DCC_BAB,2021,79.15,Digital Content Creation,At Least Basic
645,Sweden,SE,IND_TOTAL,I_DSK2_DCC_BAB,2021,79.68,Digital Content Creation,At Least Basic
646,Slovenia,SI,IND_TOTAL,I_DSK2_DCC_BAB,2021,74.34,Digital Content Creation,At Least Basic
647,Slovakia,SK,IND_TOTAL,I_DSK2_DCC_BAB,2021,81.36,Digital Content Creation,At Least Basic
648,Türkiye,TR,IND_TOTAL,I_DSK2_DCC_BAB,2021,48.9,Digital Content Creation,At Least Basic
649,Albania,AL,IND_TOTAL,I_DSK2_IC_S,2021,8.4,Information & Communication,Specialized
650,Austria,AT,IND_TOTAL,I_DSK2_IC_S,2021,0.98,Information & Communication,Specialized
651,Bosnia and Herzegovina,BA,IND_TOTAL,I_DSK2_IC_S,2021,5.37,Information & Communication,Specialized
652,Belgium,BE,IND_TOTAL,I_DSK2_IC_S,2021,1.76,Information & Communication,Specialized
653,Bulgaria,BG,IND_TOTAL,I_DSK2_IC_S,2021,8.52,Information & Communication,Specialized
654,Switzerland,CH,IND_TOTAL,I_DSK2_IC_S,2021,1.21,Information & Communication,Specialized
655,Cyprus,CY,IND_TOTAL,I_DSK2_IC_S,2021,6.16,Information & Communication,Specialized
656,Czechia,CZ,IND_TOTAL,I_DSK2_IC_S,2021,1.47,Information & Communication,Specialized
657,Germany,DE,IND_TOTAL,I_DSK2_IC_S,2021,1.62,Information & Communication,Specialized
658,Denmark,DK,IND_TOTAL,I_DSK2_IC_S,2021,0.19,Information & Communication,Specialized
659,Estonia,EE,IND_TOTAL,I_DSK2_IC_S,2021,1.26,Information & Communication,Specialized
660,Greece,EL,IND_TOTAL,I_DSK2_IC_S,2021,4.37,Information & Communication,Specialized
661,Spain,ES,IND_TOTAL,I_DSK2_IC_S,2021,2.46,Information & Communication,Specialized
662,Finland,FI,IND_TOTAL,I_DSK2_IC_S,2021,0.38,Information & Communication,Specialized
663,France,FR,IND_TOTAL,I_DSK2_IC_S,2021,0.67,Information & Communication,Specialized
664,Hungary,HU,IND_TOTAL,I_DSK2_IC_S,2021,3.76,Information & Communication,Specialized
665,Ireland,IE,IND_TOTAL,I_DSK2_IC_S,2021,3.83,Information & Communication,Specialized
666,Iceland,IS,IND_TOTAL,I_DSK2_IC_S,2021,0.23,Information & Communication,Specialized
667,Italy,IT,IND_TOTAL,I_DSK2_IC_S,2021,3.36,Information & Communication,Specialized
668,Lithuania,LT,IND_TOTAL,I_DSK2_IC_S,2021,4.56,Information & Communication,Specialized
669,Luxembourg,LU,IND_TOTAL,I_DSK2_IC_S,2021,1.07,Information & Communication,Specialized
670,Latvia,LV,IND_TOTAL,I_DSK2_IC_S,2021,1.97,Information & Communication,Specialized
671,Montenegro,ME,IND_TOTAL,I_DSK2_IC_S,2021,0.4,Information & Communication,Specialized
672,North Macedonia,MK,IND_TOTAL,I_DSK2_IC_S,2021,8.03,Information & Communication,Specialized
673,Malta,MT,IND_TOTAL,I_DSK2_IC_S,2021,1.58,Information & Communication,Specialized
674,Netherlands,NL,IND_TOTAL,I_DSK2_IC_S,2021,0.13,Information & Communication,Specialized
675,Norway,NO,IND_TOTAL,I_DSK2_IC_S,2021,0.15,Information & Communication,Specialized
676,Poland,PL,IND_TOTAL,I_DSK2_IC_S,2021,4.12,Information & Communication,Specialized
677,Portugal,PT,IND_TOTAL,I_DSK2_IC_S,2021,2.87,Information & Communication,Specialized
678,Romania,RO,IND_TOTAL,I_DSK2_IC_S,2021,10.13,Information & Communication,Specialized
679,Serbia,RS,IND_TOTAL,I_DSK2_IC_S,2021,5.37,Information & Communication,Specialized
680,Sweden,SE,IND_TOTAL,I_DSK2_IC_S,2021,0.49,Information & Communication,Specialized
681,Slovenia,SI,IND_TOTAL,I_DSK2_IC_S,2021,2.89,Information & Communication,Specialized
682,Slovakia,SK,IND_TOTAL,I_DSK2_IC_S,2021,2.29,Information & Communication,Specialized
683,Türkiye,TR,IND_TOTAL,I_DSK2_IC_S,2021,6.45,Information & Communication,Specialized
684,Albania,AL,IND_TOTAL,I_DSK2_IC_S,2021,10.59,Information & Communication,Specialized
685,Austria,AT,IND_TOTAL,I_DSK2_IC_S,2021,1.06,Information & Communication,Specialized
686,Bosnia and Herzegovina,BA,IND_TOTAL,I_DSK2_IC_S,2021,7.09,Information & Communication,Specialized
687,Belgium,BE,IND_TOTAL,I_DSK2_IC_S,2021,1.89,Information & Communication,Specialized
688,Bulgaria,BG,IND_TOTAL,I_DSK2_IC_S,2021,11.32,Information & Communication,Specialized
689,Switzerland,CH,IND_TOTAL,I_DSK2_IC_S,2021,1.23,Information & Communication,Specialized
690,Cyprus,CY,IND_TOTAL,I_DSK2_IC_S,2021,6.79,Information & Communication,Specialized
691,Czechia,CZ,IND_TOTAL,I_DSK2_IC_S,2021,1.66,Information & Communication,Specialized
692,Germany,DE,IND_TOTAL,I_DSK2_IC_S,2021,1.77,Information & Communication,Specialized
693,Estonia,EE,IND_TOTAL,I_DSK2_IC_S,2021,1.38,Information & Communication,Specialized
694,Greece,EL,IND_TOTAL,I_DSK2_IC_S,2021,5.57,Information & Communication,Specialized
695,Spain,ES,IND_TOTAL,I_DSK2_IC_S,2021,2.62,Information & Communication,Specialized
696,Finland,FI,IND_TOTAL,I_DSK2_IC_S,2021,0.39,Information & Communication,Specialized
697,France,FR,IND_TOTAL,I_DSK2_IC_S,2021,0.73,Information & Communication,Specialized
698,Hungary,HU,IND_TOTAL,I_DSK2_IC_S,2021,4.24,Information & Communication,Specialized
699,Ireland,IE,IND_TOTAL,I_DSK2_IC_S,2021,3.87,Information & Communication,Specialized
700,Italy,IT,IND_TOTAL,I_DSK2_IC_S,2021,4.11,Information & Communication,Specialized
701,Lithuania,LT,IND_TOTAL,I_DSK2_IC_S,2021,5.25,Information & Communication,Specialized
702,Luxembourg,LU,IND_TOTAL,I_DSK2_IC_S,2021,1.09,Information & Communication,Specialized
703,Latvia,LV,IND_TOTAL,I_DSK2_IC_S,2021,2.16,Information & Communication,Specialized
704,Montenegro,ME,IND_TOTAL,I_DSK2_IC_S,2021,0.49,Information & Communication,Specialized
705,North Macedonia,MK,IND_TOTAL,I_DSK2_IC_S,2021,9.3,Information & Communication,Specialized
706,Malta,MT,IND_TOTAL,I_DSK2_IC_S,2021,1.81,Information & Communication,Specialized
707,Netherlands,NL,IND_TOTAL,I_DSK2_IC_S,2021,0.14,Information & Communication,Specialized
708,Norway,NO,IND_TOTAL,I_DSK2_IC_S,2021,0.16,Information & Communication,Specialized
709,Poland,PL,IND_TOTAL,I_DSK2_IC_S,2021,4.82,Information & Communication,Specialized
710,Portugal,PT,IND_TOTAL,I_DSK2_IC_S,2021,3.48,Information & Communication,Specialized
711,Romania,RO,IND_TOTAL,I_DSK2_IC_S,2021,12.12,Information & Communication,Specialized
712,Serbia,RS,IND_TOTAL,I_DSK2_IC_S,2021,6.62,Information & Communication,Specialized
713,Sweden,SE,IND_TOTAL,I_DSK2_IC_S,2021,0.51,Information & Communication,Specialized
714,Slovenia,SI,IND_TOTAL,I_DSK2_IC_S,2021,3.25,Information & Communication,Specialized
715,Slovakia,SK,IND_TOTAL,I_DSK2_IC_S,2021,2.58,Information & Communication,Specialized
716,Türkiye,TR,IND_TOTAL,I_DSK2_IC_S,2021,7.93,Information & Communication,Specialized
717,Albania,AL,IND_TOTAL,I_DSK2_IL_AB,2021,49.05,Information & Data Literacy,Above Basic
718,Austria,AT,IND_TOTAL,I_DSK2_IL_AB,2021,73.04,Information & Data Literacy,Above Basic
719,Bosnia and Herzegovina,BA,IND_TOTAL,I_DSK2_IL_AB,2021,55.55,Information & Data Literacy,Above Basic
720,Belgium,BE,IND_TOTAL,I_DSK2_IL_AB,2021,70.12,Information & Data Literacy,Above Basic
721,Bulgaria,BG,IND_TOTAL,I_DSK2_IL_AB,2021,50.7,Information & Data Literacy,Above Basic
722,Switzerland,CH,IND_TOTAL,I_DSK2_IL_AB,2021,85.22,Information & Data Literacy,Above Basic
723,Cyprus,CY,IND_TOTAL,I_DSK2_IL_AB,2021,84.03,Information & Data Literacy,Above Basic
724,Czechia,CZ,IND_TOTAL,I_DSK2_IL_AB,2021,80.7,Information & Data Literacy,Above Basic
725,Germany,DE,IND_TOTAL,I_DSK2_IL_AB,2021,59.82,Information & Data Literacy,Above Basic
726,Denmark,DK,IND_TOTAL,I_DSK2_IL_AB,2021,88.05,Information & Data Literacy,Above Basic
727,Estonia,EE,IND_TOTAL,I_DSK2_IL_AB,2021,81.13,Information & Data Literacy,Above Basic
728,Greece,EL,IND_TOTAL,I_DSK2_IL_AB,2021,70.22,Information & Data Literacy,Above Basic
729,Spain,ES,IND_TOTAL,I_DSK2_IL_AB,2021,78.98,Information & Data Literacy,Above Basic
730,Finland,FI,IND_TOTAL,I_DSK2_IL_AB,2021,92.31,Information & Data Literacy,Above Basic
731,France,FR,IND_TOTAL,I_DSK2_IL_AB,2021,66.98,Information & Data Literacy,Above Basic
732,Croatia,HR,IND_TOTAL,I_DSK2_IL_AB,2021,76.12,Information & Data Literacy,Above Basic
733,Hungary,HU,IND_TOTAL,I_DSK2_IL_AB,2021,79.6,Information & Data Literacy,Above Basic
734,Ireland,IE,IND_TOTAL,I_DSK2_IL_AB,2021,87.48,Information & Data Literacy,Above Basic
735,Iceland,IS,IND_TOTAL,I_DSK2_IL_AB,2021,94.93,Information & Data Literacy,Above Basic
736,Italy,IT,IND_TOTAL,I_DSK2_IL_AB,2021,58.4,Information & Data Literacy,Above Basic
737,Lithuania,LT,IND_TOTAL,I_DSK2_IL_AB,2021,78.15,Information & Data Literacy,Above Basic
738,Luxembourg,LU,IND_TOTAL,I_DSK2_IL_AB,2021,73.51,Information & Data Literacy,Above Basic
739,Latvia,LV,IND_TOTAL,I_DSK2_IL_AB,2021,72.68,Information & Data Literacy,Above Basic
740,Montenegro,ME,IND_TOTAL,I_DSK2_IL_AB,2021,63.28,Information & Data Literacy,Above Basic
741,North Macedonia,MK,IND_TOTAL,I_DSK2_IL_AB,2021,61.33,Information & Data Literacy,Above Basic
742,Malta,MT,IND_TOTAL,I_DSK2_IL_AB,2021,79.03,Information & Data Literacy,Above Basic
743,Netherlands,NL,IND_TOTAL,I_DSK2_IL_AB,2021,89.38,Information & Data Literacy,Above Basic
744,Norway,NO,IND_TOTAL,I_DSK2_IL_AB,2021,94.98,Information & Data Literacy,Above Basic
745,Poland,PL,IND_TOTAL,I_DSK2_IL_AB,2021,69.53,Information & Data Literacy,Above Basic
746,Portugal,PT,IND_TOTAL,I_DSK2_IL_AB,2021,71.11,Information & Data Literacy,Above Basic
747,Romania,RO,IND_TOTAL,I_DSK2_IL_AB,2021,48.42,Information & Data Literacy,Above Basic
748,Serbia,RS,IND_TOTAL,I_DSK2_IL_AB,2021,65.43,Information & Data Literacy,Above Basic
749,Sweden,SE,IND_TOTAL,I_DSK2_IL_AB,2021,83.13,Information & Data Literacy,Above Basic
750,Slovenia,SI,IND_TOTAL,I_DSK2_IL_AB,2021,74.35,Information & Data Literacy,Above Basic
751,Slovakia,SK,IND_TOTAL,I_DSK2_IL_AB,2021,72.35,Information & Data Literacy,Above Basic
752,Türkiye,TR,IND_TOTAL,I_DSK2_IL_AB,2021,57.12,Information & Data Literacy,Above Basic
753,Albania,AL,IND_TOTAL,I_DSK2_IL_AB,2021,61.8,Information & Data Literacy,Above Basic
754,Austria,AT,IND_TOTAL,I_DSK2_IL_AB,2021,78.93,Information & Data Literacy,Above Basic
755,Bosnia and Herzegovina,BA,IND_TOTAL,I_DSK2_IL_AB,2021,73.41,Information & Data Literacy,Above Basic
756,Belgium,BE,IND_TOTAL,I_DSK2_IL_AB,2021,75.57,Information & Data Literacy,Above Basic
757,Bulgaria,BG,IND_TOTAL,I_DSK2_IL_AB,2021,67.35,Information & Data Literacy,Above Basic
758,Switzerland,CH,IND_TOTAL,I_DSK2_IL_AB,2021,86.83,Information & Data Literacy,Above Basic
759,Cyprus,CY,IND_TOTAL,I_DSK2_IL_AB,2021,92.59,Information & Data Literacy,Above Basic
760,Czechia,CZ,IND_TOTAL,I_DSK2_IL_AB,2021,90.82,Information & Data Literacy,Above Basic
761,Germany,DE,IND_TOTAL,I_DSK2_IL_AB,2021,65.43,Information & Data Literacy,Above Basic
762,Denmark,DK,IND_TOTAL,I_DSK2_IL_AB,2021,89.03,Information & Data Literacy,Above Basic
763,Estonia,EE,IND_TOTAL,I_DSK2_IL_AB,2021,89.17,Information & Data Literacy,Above Basic
764,Greece,EL,IND_TOTAL,I_DSK2_IL_AB,2021,89.46,Information & Data Literacy,Above Basic
765,Spain,ES,IND_TOTAL,I_DSK2_IL_AB,2021,84.11,Information & Data Literacy,Above Basic
766,Finland,FI,IND_TOTAL,I_DSK2_IL_AB,2021,95.46,Information & Data Literacy,Above Basic
767,France,FR,IND_TOTAL,I_DSK2_IL_AB,2021,73.16,Information & Data Literacy,Above Basic
768,Croatia,HR,IND_TOTAL,I_DSK2_IL_AB,2021,93.68,Information & Data Literacy,Above Basic
769,Hungary,HU,IND_TOTAL,I_DSK2_IL_AB,2021,89.8,Information & Data Literacy,Above Basic
770,Ireland,IE,IND_TOTAL,I_DSK2_IL_AB,2021,88.42,Information & Data Literacy,Above Basic
771,Iceland,IS,IND_TOTAL,I_DSK2_IL_AB,2021,95.46,Information & Data Literacy,Above Basic
772,Italy,IT,IND_TOTAL,I_DSK2_IL_AB,2021,71.58,Information & Data Literacy,Above Basic
773,Lithuania,LT,IND_TOTAL,I_DSK2_IL_AB,2021,89.9,Information & Data Literacy,Above Basic
774,Luxembourg,LU,IND_TOTAL,I_DSK2_IL_AB,2021,74.51,Information & Data Literacy,Above Basic
775,Latvia,LV,IND_TOTAL,I_DSK2_IL_AB,2021,79.61,Information & Data Literacy,Above Basic
776,Montenegro,ME,IND_TOTAL,I_DSK2_IL_AB,2021,76.97,Information & Data Literacy,Above Basic
777,North Macedonia,MK,IND_TOTAL,I_DSK2_IL_AB,2021,70.99,Information & Data Literacy,Above Basic
778,Malta,MT,IND_TOTAL,I_DSK2_IL_AB,2021,90.35,Information & Data Literacy,Above Basic
779,Netherlands,NL,IND_TOTAL,I_DSK2_IL_AB,2021,94.57,Information & Data Literacy,Above Basic
780,Norway,NO,IND_TOTAL,I_DSK2_IL_AB,2021,95.54,Information & Data Literacy,Above Basic
781,Poland,PL,IND_TOTAL,I_DSK2_IL_AB,2021,81.44,Information & Data Literacy,Above Basic
782,Portugal,PT,IND_TOTAL,I_DSK2_IL_AB,2021,86.39,Information & Data Literacy,Above Basic
783,Romania,RO,IND_TOTAL,I_DSK2_IL_AB,2021,57.93,Information & Data Literacy,Above Basic
784,Serbia,RS,IND_TOTAL,I_DSK2_IL_AB,2021,80.61,Information & Data Literacy,Above Basic
785,Sweden,SE,IND_TOTAL,I_DSK2_IL_AB,2021,85.92,Information & Data Literacy,Above Basic
786,Slovenia,SI,IND_TOTAL,I_DSK2_IL_AB,2021,83.53,Information & Data Literacy,Above Basic
787,Slovakia,SK,IND_TOTAL,I_DSK2_IL_AB,2021,81.36,Information & Data Literacy,Above Basic
788,Türkiye,TR,IND_TOTAL,I_DSK2_IL_AB,2021,70.16,Information & Data Literacy,Above Basic
789,Albania,AL,IND_TOTAL,I_DSK2_IL_B,2021,14.3,Information & Data Literacy,Basic
790,Austria,AT,IND_TOTAL,I_DSK2_IL_B,2021,11.2,Information & Data Literacy,Basic
791,Bosnia and Herzegovina,BA,IND_TOTAL,I_DSK2_IL_B,2021,14.83,Information & Data Literacy,Basic
792,Belgium,BE,IND_TOTAL,I_DSK2_IL_B,2021,14.13,Information & Data Literacy,Basic
793,Bulgaria,BG,IND_TOTAL,I_DSK2_IL_B,2021,14.3,Information & Data Literacy,Basic
794,Switzerland,CH,IND_TOTAL,I_DSK2_IL_B,2021,9.07,Information & Data Literacy,Basic
795,Cyprus,CY,IND_TOTAL,I_DSK2_IL_B,2021,3.89,Information & Data Literacy,Basic
796,Czechia,CZ,IND_TOTAL,I_DSK2_IL_B,2021,6.5,Information & Data Literacy,Basic
797,Germany,DE,IND_TOTAL,I_DSK2_IL_B,2021,17.29,Information & Data Literacy,Basic
798,Denmark,DK,IND_TOTAL,I_DSK2_IL_B,2021,7.58,Information & Data Literacy,Basic
799,Estonia,EE,IND_TOTAL,I_DSK2_IL_B,2021,7.05,Information & Data Literacy,Basic
800,Greece,EL,IND_TOTAL,I_DSK2_IL_B,2021,6.27,Information & Data Literacy,Basic
801,Spain,ES,IND_TOTAL,I_DSK2_IL_B,2021,8.64,Information & Data Literacy,Basic
802,Finland,FI,IND_TOTAL,I_DSK2_IL_B,2021,3.41,Information & Data Literacy,Basic
803,France,FR,IND_TOTAL,I_DSK2_IL_B,2021,14.8,Information & Data Literacy,Basic
804,Croatia,HR,IND_TOTAL,I_DSK2_IL_B,2021,3.48,Information & Data Literacy,Basic
805,Hungary,HU,IND_TOTAL,I_DSK2_IL_B,2021,5.55,Information & Data Literacy,Basic
806,Ireland,IE,IND_TOTAL,I_DSK2_IL_B,2021,8.96,Information & Data Literacy,Basic
807,Iceland,IS,IND_TOTAL,I_DSK2_IL_B,2021,3.51,Information & Data Literacy,Basic
808,Italy,IT,IND_TOTAL,I_DSK2_IL_B,2021,12.99,Information & Data Literacy,Basic
809,Lithuania,LT,IND_TOTAL,I_DSK2_IL_B,2021,6.85,Information & Data Literacy,Basic
810,Luxembourg,LU,IND_TOTAL,I_DSK2_IL_B,2021,15.08,Information & Data Literacy,Basic
811,Latvia,LV,IND_TOTAL,I_DSK2_IL_B,2021,12.9,Information & Data Literacy,Basic
812,Montenegro,ME,IND_TOTAL,I_DSK2_IL_B,2021,10.88,Information & Data Literacy,Basic
813,North Macedonia,MK,IND_TOTAL,I_DSK2_IL_B,2021,13.69,Information & Data Literacy,Basic
814,Malta,MT,IND_TOTAL,I_DSK2_IL_B,2021,4.88,Information & Data Literacy,Basic
815,Netherlands,NL,IND_TOTAL,I_DSK2_IL_B,2021,3.99,Information & Data Literacy,Basic
816,Norway,NO,IND_TOTAL,I_DSK2_IL_B,2021,2.88,Information & Data Literacy,Basic
817,Poland,PL,IND_TOTAL,I_DSK2_IL_B,2021,11.35,Information & Data Literacy,Basic
818,Portugal,PT,IND_TOTAL,I_DSK2_IL_B,2021,6.18,Information & Data Literacy,Basic
819,Romania,RO,IND_TOTAL,I_DSK2_IL_B,2021,17.31,Information & Data Literacy,Basic
820,Serbia,RS,IND_TOTAL,I_DSK2_IL_B,2021,9.63,Information & Data Literacy,Basic
821,Sweden,SE,IND_TOTAL,I_DSK2_IL_B,2021,8.56,Information & Data Literacy,Basic
822,Slovenia,SI,IND_TOTAL,I_DSK2_IL_B,2021,10.68,Information & Data Literacy,Basic
823,Slovakia,SK,IND_TOTAL,I_DSK2_IL_B,2021,11.47,Information & Data Literacy,Basic
824,Türkiye,TR,IND_TOTAL,I_DSK2_IL_B,2021,11.41,Information & Data Literacy,Basic
825,Albania,AL,IND_TOTAL,I_DSK2_IL_B,2021,18.01,Information & Data Literacy,Basic
826,Austria,AT,IND_TOTAL,I_DSK2_IL_B,2021,12.11,Information & Data Literacy,Basic
827,Bosnia and Herzegovina,BA,IND_TOTAL,I_DSK2_IL_B,2021,19.59,Information & Data Literacy,Basic
828,Belgium,BE,IND_TOTAL,I_DSK2_IL_B,2021,15.23,Information & Data Literacy,Basic
829,Bulgaria,BG,IND_TOTAL,I_DSK2_IL_B,2021,18.99,Information & Data Literacy,Basic
830,Switzerland,CH,IND_TOTAL,I_DSK2_IL_B,2021,9.24,Information & Data Literacy,Basic
831,Cyprus,CY,IND_TOTAL,I_DSK2_IL_B,2021,4.29,Information & Data Literacy,Basic
832,Czechia,CZ,IND_TOTAL,I_DSK2_IL_B,2021,7.31,Information & Data Literacy,Basic
833,Germany,DE,IND_TOTAL,I_DSK2_IL_B,2021,18.91,Information & Data Literacy,Basic
834,Denmark,DK,IND_TOTAL,I_DSK2_IL_B,2021,7.66,Information & Data Literacy,Basic
835,Estonia,EE,IND_TOTAL,I_DSK2_IL_B,2021,7.74,Information & Data Literacy,Basic
836,Greece,EL,IND_TOTAL,I_DSK2_IL_B,2021,7.99,Information & Data Literacy,Basic
837,Spain,ES,IND_TOTAL,I_DSK2_IL_B,2021,9.2,Information & Data Literacy,Basic
838,Finland,FI,IND_TOTAL,I_DSK2_IL_B,2021,3.52,Information & Data Literacy,Basic
839,France,FR,IND_TOTAL,I_DSK2_IL_B,2021,16.17,Information & Data Literacy,Basic
840,Croatia,HR,IND_TOTAL,I_DSK2_IL_B,2021,4.28,Information & Data Literacy,Basic
841,Hungary,HU,IND_TOTAL,I_DSK2_IL_B,2021,6.26,Information & Data Literacy,Basic
842,Ireland,IE,IND_TOTAL,I_DSK2_IL_B,2021,9.05,Information & Data Literacy,Basic
843,Iceland,IS,IND_TOTAL,I_DSK2_IL_B,2021,3.53,Information & Data Literacy,Basic
844,Italy,IT,IND_TOTAL,I_DSK2_IL_B,2021,15.93,Information & Data Literacy,Basic
845,Lithuania,LT,IND_TOTAL,I_DSK2_IL_B,2021,7.88,Information & Data Literacy,Basic
846,Luxembourg,LU,IND_TOTAL,I_DSK2_IL_B,2021,15.28,Information & Data Literacy,Basic
847,Latvia,LV,IND_TOTAL,I_DSK2_IL_B,2021,14.13,Information & Data Literacy,Basic
848,Montenegro,ME,IND_TOTAL,I_DSK2_IL_B,2021,13.23,Information & Data Literacy,Basic
849,North Macedonia,MK,IND_TOTAL,I_DSK2_IL_B,2021,15.85,Information & Data Literacy,Basic
850,Malta,MT,IND_TOTAL,I_DSK2_IL_B,2021,5.58,Information & Data Literacy,Basic
851,Netherlands,NL,IND_TOTAL,I_DSK2_IL_B,2021,4.22,Information & Data Literacy,Basic
852,Norway,NO,IND_TOTAL,I_DSK2_IL_B,2021,2.9,Information & Data Literacy,Basic
853,Poland,PL,IND_TOTAL,I_DSK2_IL_B,2021,13.29,Information & Data Literacy,Basic
854,Portugal,PT,IND_TOTAL,I_DSK2_IL_B,2021,7.5,Information & Data Literacy,Basic
855,Romania,RO,IND_TOTAL,I_DSK2_IL_B,2021,20.71,Information & Data Literacy,Basic
856,Serbia,RS,IND_TOTAL,I_DSK2_IL_B,2021,11.87,Information & Data Literacy,Basic
857,Sweden,SE,IND_TOTAL,I_DSK2_IL_B,2021,8.85,Information & Data Literacy,Basic
858,Slovenia,SI,IND_TOTAL,I_DSK2_IL_B,2021,11.99,Information & Data Literacy,Basic
859,Slovakia,SK,IND_TOTAL,I_DSK2_IL_B,2021,12.89,Information & Data Literacy,Basic
860,Türkiye,TR,IND_TOTAL,I_DSK2_IL_B,2021,14.02,Information & Data Literacy,Basic
861,Albania,AL,IND_TOTAL,I_DSK2_IL_BAB,2021,63.35,Information & Data Literacy,At Least Basic
862,Austria,AT,IND_TOTAL,I_DSK2_IL_BAB,2021,84.24,Information & Data Literacy,At Least Basic
863,Bosnia and Herzegovina,BA,IND_TOTAL,I_DSK2_IL_BAB,2021,70.38,Information & Data Literacy,At Least Basic
864,Belgium,BE,IND_TOTAL,I_DSK2_IL_BAB,2021,84.26,Information & Data Literacy,At Least Basic
865,Bulgaria,BG,IND_TOTAL,I_DSK2_IL_BAB,2021,65.0,Information & Data Literacy,At Least Basic
866,Switzerland,CH,IND_TOTAL,I_DSK2_IL_BAB,2021,94.28,Information & Data Literacy,At Least Basic
867,Cyprus,CY,IND_TOTAL,I_DSK2_IL_BAB,2021,87.92,Information & Data Literacy,At Least Basic
868,Czechia,CZ,IND_TOTAL,I_DSK2_IL_BAB,2021,87.19,Information & Data Literacy,At Least Basic
869,Germany,DE,IND_TOTAL,I_DSK2_IL_BAB,2021,77.11,Information & Data Literacy,At Least Basic
870,Denmark,DK,IND_TOTAL,I_DSK2_IL_BAB,2021,95.62,Information & Data Literacy,At Least Basic
871,Estonia,EE,IND_TOTAL,I_DSK2_IL_BAB,2021,88.18,Information & Data Literacy,At Least Basic
872,Greece,EL,IND_TOTAL,I_DSK2_IL_BAB,2021,76.49,Information & Data Literacy,At Least Basic
873,Spain,ES,IND_TOTAL,I_DSK2_IL_BAB,2021,87.62,Information & Data Literacy,At Least Basic
874,Finland,FI,IND_TOTAL,I_DSK2_IL_BAB,2021,95.72,Information & Data Literacy,At Least Basic
875,France,FR,IND_TOTAL,I_DSK2_IL_BAB,2021,81.79,Information & Data Literacy,At Least Basic
876,Croatia,HR,IND_TOTAL,I_DSK2_IL_BAB,2021,79.59,Information & Data Literacy,At Least Basic
877,Hungary,HU,IND_TOTAL,I_DSK2_IL_BAB,2021,85.15,Information & Data Literacy,At Least Basic
878,Ireland,IE,IND_TOTAL,I_DSK2_IL_BAB,2021,96.43,Information & Data Literacy,At Least Basic
879,Iceland,IS,IND_TOTAL,I_DSK2_IL_BAB,2021,98.44,Information & Data Literacy,At Least Basic
880,Italy,IT,IND_TOTAL,I_DSK2_IL_BAB,2021,71.39,Information & Data Literacy,At Least Basic
881,Lithuania,LT,IND_TOTAL,I_DSK2_IL_BAB,2021,85.0,Information & Data Literacy,At Least Basic
882,Luxembourg,LU,IND_TOTAL,I_DSK2_IL_BAB,2021,88.59,Information & Data Literacy,At Least Basic
883,Latvia,LV,IND_TOTAL,I_DSK2_IL_BAB,2021,85.58,Information & Data Literacy,At Least Basic
884,Montenegro,ME,IND_TOTAL,I_DSK2_IL_BAB,2021,74.16,Information & Data Literacy,At Least Basic
885,North Macedonia,MK,IND_TOTAL,I_DSK2_IL_BAB,2021,75.02,Information & Data Literacy,At Least Basic
886,Malta,MT,IND_TOTAL,I_DSK2_IL_BAB,2021,83.91,Information & Data Literacy,At Least Basic
887,Netherlands,NL,IND_TOTAL,I_DSK2_IL_BAB,2021,93.37,Information & Data Literacy,At Least Basic
888,Norway,NO,IND_TOTAL,I_DSK2_IL_BAB,2021,97.87,Information & Data Literacy,At Least Basic
889,Poland,PL,IND_TOTAL,I_DSK2_IL_BAB,2021,80.87,Information & Data Literacy,At Least Basic
890,Portugal,PT,IND_TOTAL,I_DSK2_IL_BAB,2021,77.29,Information & Data Literacy,At Least Basic
891,Romania,RO,IND_TOTAL,I_DSK2_IL_BAB,2021,65.73,Information & Data Literacy,At Least Basic
892,Serbia,RS,IND_TOTAL,I_DSK2_IL_BAB,2021,75.06,Information & Data Literacy,At Least Basic
893,Sweden,SE,IND_TOTAL,I_DSK2_IL_BAB,2021,91.7,Information & Data Literacy,At Least Basic
894,Slovenia,SI,IND_TOTAL,I_DSK2_IL_BAB,2021,85.02,Information & Data Literacy,At Least Basic
895,Slovakia,SK,IND_TOTAL,I_DSK2_IL_BAB,2021,83.82,Information & Data Literacy,At Least Basic
896,Türkiye,TR,IND_TOTAL,I_DSK2_IL_BAB,2021,68.53,Information & Data Literacy,At Least Basic
897,Albania,AL,IND_TOTAL,I_DSK2_IL_BAB,2021,79.81,Information & Data Literacy,At Least Basic
898,Austria,AT,IND_TOTAL,I_DSK2_IL_BAB,2021,91.04,Information & Data Literacy,At Least Basic
899,Bosnia and Herzegovina,BA,IND_TOTAL,I_DSK2_IL_BAB,2021,93.0,Information & Data Literacy,At Least Basic
900,Belgium,BE,IND_TOTAL,I_DSK2_IL_BAB,2021,90.8,Information & Data Literacy,At Least Basic
901,Bulgaria,BG,IND_TOTAL,I_DSK2_IL_BAB,2021,86.35,Information & Data Literacy,At Least Basic
902,Switzerland,CH,IND_TOTAL,I_DSK2_IL_BAB,2021,96.07,Information & Data Literacy,At Least Basic
903,Cyprus,CY,IND_TOTAL,I_DSK2_IL_BAB,2021,96.88,Information & Data Literacy,At Least Basic
904,Czechia,CZ,IND_TOTAL,I_DSK2_IL_BAB,2021,98.13,Information & Data Literacy,At Least Basic
905,Germany,DE,IND_TOTAL,I_DSK2_IL_BAB,2021,84.34,Information & Data Literacy,At Least Basic
906,Denmark,DK,IND_TOTAL,I_DSK2_IL_BAB,2021,96.69,Information & Data Literacy,At Least Basic
907,Estonia,EE,IND_TOTAL,I_DSK2_IL_BAB,2021,96.91,Information & Data Literacy,At Least Basic
908,Greece,EL,IND_TOTAL,I_DSK2_IL_BAB,2021,97.45,Information & Data Literacy,At Least Basic
909,Spain,ES,IND_TOTAL,I_DSK2_IL_BAB,2021,93.31,Information & Data Literacy,At Least Basic
910,Finland,FI,IND_TOTAL,I_DSK2_IL_BAB,2021,98.98,Information & Data Literacy,At Least Basic
911,France,FR,IND_TOTAL,I_DSK2_IL_BAB,2021,89.33,Information & Data Literacy,At Least Basic
912,Croatia,HR,IND_TOTAL,I_DSK2_IL_BAB,2021,97.96,Information & Data Literacy,At Least Basic
913,Hungary,HU,IND_TOTAL,I_DSK2_IL_BAB,2021,96.06,Information & Data Literacy,At Least Basic
914,Ireland,IE,IND_TOTAL,I_DSK2_IL_BAB,2021,97.47,Information & Data Literacy,At Least Basic
915,Iceland,IS,IND_TOTAL,I_DSK2_IL_BAB,2021,98.99,Information & Data Literacy,At Least Basic
916,Italy,IT,IND_TOTAL,I_DSK2_IL_BAB,2021,87.5,Information & Data Literacy,At Least Basic
917,Lithuania,LT,IND_TOTAL,I_DSK2_IL_BAB,2021,97.78,Information & Data Literacy,At Least Basic
918,Luxembourg,LU,IND_TOTAL,I_DSK2_IL_BAB,2021,89.79,Information & Data Literacy,At Least Basic
919,Latvia,LV,IND_TOTAL,I_DSK2_IL_BAB,2021,93.74,Information & Data Literacy,At Least Basic
920,Montenegro,ME,IND_TOTAL,I_DSK2_IL_BAB,2021,90.19,Information & Data Literacy,At Least Basic
921,North Macedonia,MK,IND_TOTAL,I_DSK2_IL_BAB,2021,86.83,Information & Data Literacy,At Least Basic
922,Malta,MT,IND_TOTAL,I_DSK2_IL_BAB,2021,95.93,Information & Data Literacy,At Least Basic
923,Netherlands,NL,IND_TOTAL,I_DSK2_IL_BAB,2021,98.79,Information & Data Literacy,At Least Basic
924,Norway,NO,IND_TOTAL,I_DSK2_IL_BAB,2021,98.43,Information & Data Literacy,At Least Basic
925,Poland,PL,IND_TOTAL,I_DSK2_IL_BAB,2021,94.72,Information & Data Literacy,At Least Basic
926,Portugal,PT,IND_TOTAL,I_DSK2_IL_BAB,2021,93.9,Information & Data Literacy,At Least Basic
927,Romania,RO,IND_TOTAL,I_DSK2_IL_BAB,2021,78.64,Information & Data Literacy,At Least Basic
928,Serbia,RS,IND_TOTAL,I_DSK2_IL_BAB,2021,92.48,Information & Data Literacy,At Least Basic
929,Sweden,SE,IND_TOTAL,I_DSK2_IL_BAB,2021,94.77,Information & Data Literacy,At Least Basic
930,Slovenia,SI,IND_TOTAL,I_DSK2_IL_BAB,2021,95.53,Information & Data Literacy,At Least Basic
931,Slovakia,SK,IND_TOTAL,I_DSK2_IL_BAB,2021,94.26,Information & Data Literacy,At Least Basic
932,Türkiye,TR,IND_TOTAL,I_DSK2_IL_BAB,2021,84.18,Information & Data Literacy,At Least Basic
933,Albania,AL,IND_TOTAL,I_DSK2_LM,2021,14.42,Overall Digital Skills,Limited
934,Austria,AT,IND_TOTAL,I_DSK2_LM,2021,3.38,Overall Digital Skills,Limited
935,Bosnia and Herzegovina,BA,IND_TOTAL,I_DSK2_LM,2021,7.17,Overall Digital Skills,Limited
936,Belgium,BE,IND_TOTAL,I_DSK2_LM,2021,5.24,Overall Digital Skills,Limited
937,Bulgaria,BG,IND_TOTAL,I_DSK2_LM,2021,11.75,Overall Digital Skills,Limited
938,Switzerland,CH,IND_TOTAL,I_DSK2_LM,2021,2.17,Overall Digital Skills,Limited
939,Cyprus,CY,IND_TOTAL,I_DSK2_LM,2021,6.98,Overall Digital Skills,Limited
940,Czechia,CZ,IND_TOTAL,I_DSK2_LM,2021,2.42,Overall Digital Skills,Limited
941,Germany,DE,IND_TOTAL,I_DSK2_LM,2021,6.19,Overall Digital Skills,Limited
942,Denmark,DK,IND_TOTAL,I_DSK2_LM,2021,1.14,Overall Digital Skills,Limited
943,Estonia,EE,IND_TOTAL,I_DSK2_LM,2021,3.37,Overall Digital Skills,Limited
944,Greece,EL,IND_TOTAL,I_DSK2_LM,2021,5.45,Overall Digital Skills,Limited
945,Spain,ES,IND_TOTAL,I_DSK2_LM,2021,4.47,Overall Digital Skills,Limited
946,Finland,FI,IND_TOTAL,I_DSK2_LM,2021,1.02,Overall Digital Skills,Limited
947,France,FR,IND_TOTAL,I_DSK2_LM,2021,3.74,Overall Digital Skills,Limited
948,Croatia,HR,IND_TOTAL,I_DSK2_LM,2021,1.49,Overall Digital Skills,Limited
949,Hungary,HU,IND_TOTAL,I_DSK2_LM,2021,4.98,Overall Digital Skills,Limited
950,Ireland,IE,IND_TOTAL,I_DSK2_LM,2021,4.83,Overall Digital Skills,Limited
951,Iceland,IS,IND_TOTAL,I_DSK2_LM,2021,0.74,Overall Digital Skills,Limited
952,Italy,IT,IND_TOTAL,I_DSK2_LM,2021,6.12,Overall Digital Skills,Limited
953,Lithuania,LT,IND_TOTAL,I_DSK2_LM,2021,5.84,Overall Digital Skills,Limited
954,Luxembourg,LU,IND_TOTAL,I_DSK2_LM,2021,4.7,Overall Digital Skills,Limited
955,Latvia,LV,IND_TOTAL,I_DSK2_LM,2021,5.05,Overall Digital Skills,Limited
956,Montenegro,ME,IND_TOTAL,I_DSK2_LM,2021,1.65,Overall Digital Skills,Limited
957,North Macedonia,MK,IND_TOTAL,I_DSK2_LM,2021,11.71,Overall Digital Skills,Limited
958,Malta,MT,IND_TOTAL,I_DSK2_LM,2021,3.25,Overall Digital Skills,Limited
959,Netherlands,NL,IND_TOTAL,I_DSK2_LM,2021,0.46,Overall Digital Skills,Limited
960,Norway,NO,IND_TOTAL,I_DSK2_LM,2021,0.86,Overall Digital Skills,Limited
961,Poland,PL,IND_TOTAL,I_DSK2_LM,2021,7.31,Overall Digital Skills,Limited
962,Portugal,PT,IND_TOTAL,I_DSK2_LM,2021,4.76,Overall Digital Skills,Limited
963,Romania,RO,IND_TOTAL,I_DSK2_LM,2021,14.88,Overall Digital Skills,Limited
964,Serbia,RS,IND_TOTAL,I_DSK2_LM,2021,6.65,Overall Digital Skills,Limited
965,Sweden,SE,IND_TOTAL,I_DSK2_LM,2021,2.78,Overall Digital Skills,Limited
966,Slovenia,SI,IND_TOTAL,I_DSK2_LM,2021,4.8,Overall Digital Skills,Limited
967,Slovakia,SK,IND_TOTAL,I_DSK2_LM,2021,4.4,Overall Digital Skills,Limited
968,Türkiye,TR,IND_TOTAL,I_DSK2_LM,2021,10.0,Overall Digital Skills,Limited
969,Albania,AL,IND_TOTAL,I_DSK2_LM,2021,18.16,Overall Digital Skills,Limited
970,Austria,AT,IND_TOTAL,I_DSK2_LM,2021,3.65,Overall Digital Skills,Limited
971,Bosnia and Herzegovina,BA,IND_TOTAL,I_DSK2_LM,2021,9.48,Overall Digital Skills,Limited
972,Belgium,BE,IND_TOTAL,I_DSK2_LM,2021,5.65,Overall Digital Skills,Limited
973,Bulgaria,BG,IND_TOTAL,I_DSK2_LM,2021,15.6,Overall Digital Skills,Limited
974,Switzerland,CH,IND_TOTAL,I_DSK2_LM,2021,2.21,Overall Digital Skills,Limited
975,Cyprus,CY,IND_TOTAL,I_DSK2_LM,2021,7.69,Overall Digital Skills,Limited
976,Czechia,CZ,IND_TOTAL,I_DSK2_LM,2021,2.73,Overall Digital Skills,Limited
977,Germany,DE,IND_TOTAL,I_DSK2_LM,2021,6.77,Overall Digital Skills,Limited
978,Denmark,DK,IND_TOTAL,I_DSK2_LM,2021,1.16,Overall Digital Skills,Limited
979,Estonia,EE,IND_TOTAL,I_DSK2_LM,2021,3.71,Overall Digital Skills,Limited
980,Greece,EL,IND_TOTAL,I_DSK2_LM,2021,6.94,Overall Digital Skills,Limited
981,Spain,ES,IND_TOTAL,I_DSK2_LM,2021,4.76,Overall Digital Skills,Limited
982,Finland,FI,IND_TOTAL,I_DSK2_LM,2021,1.06,Overall Digital Skills,Limited
983,France,FR,IND_TOTAL,I_DSK2_LM,2021,4.08,Overall Digital Skills,Limited
984,Croatia,HR,IND_TOTAL,I_DSK2_LM,2021,1.83,Overall Digital Skills,Limited
985,Hungary,HU,IND_TOTAL,I_DSK2_LM,2021,5.62,Overall Digital Skills,Limited
986,Ireland,IE,IND_TOTAL,I_DSK2_LM,2021,4.88,Overall Digital Skills,Limited
987,Italy,IT,IND_TOTAL,I_DSK2_LM,2021,7.51,Overall Digital Skills,Limited
988,Lithuania,LT,IND_TOTAL,I_DSK2_LM,2021,6.72,Overall Digital Skills,Limited
989,Luxembourg,LU,IND_TOTAL,I_DSK2_LM,2021,4.77,Overall Digital Skills,Limited
990,Latvia,LV,IND_TOTAL,I_DSK2_LM,2021,5.53,Overall Digital Skills,Limited
991,Montenegro,ME,IND_TOTAL,I_DSK2_LM,2021,2.01,Overall Digital Skills,Limited
992,North Macedonia,MK,IND_TOTAL,I_DSK2_LM,2021,13.56,Overall Digital Skills,Limited
993,Malta,MT,IND_TOTAL,I_DSK2_LM,2021,3.71,Overall Digital Skills,Limited
994,Netherlands,NL,IND_TOTAL,I_DSK2_LM,2021,0.48,Overall Digital Skills,Limited
995,Poland,PL,IND_TOTAL,I_DSK2_LM,2021,8.56,Overall Digital Skills,Limited
996,Portugal,PT,IND_TOTAL,I_DSK2_LM,2021,5.78,Overall Digital Skills,Limited
997,Romania,RO,IND_TOTAL,I_DSK2_LM,2021,17.8,Overall Digital Skills,Limited
998,Serbia,RS,IND_TOTAL,I_DSK2_LM,2021,8.19,Overall Digital Skills,Limited
999,Sweden,SE,IND_TOTAL,I_DSK2_LM,2021,2.87,Overall Digital Skills,Limited
1000,Slovenia,SI,IND_TOTAL,I_DSK2_LM,2021,5.39,Overall Digital Skills,Limited
1001,Slovakia,SK,IND_TOTAL,I_DSK2_LM,2021,4.95,Overall Digital Skills,Limited
1002,Türkiye,TR,IND_TOTAL,I_DSK2_LM,2021,12.28,Overall Digital Skills,Limited
1003,Albania,AL,IND_TOTAL,I_DSK2_LW,2021,16.8,Overall Digital Skills,Low
1004,Austria,AT,IND_TOTAL,I_DSK2_LW,2021,16.95,Overall Digital Skills,Low
1005,Bosnia and Herzegovina,BA,IND_TOTAL,I_DSK2_LW,2021,21.53,Overall Digital Skills,Low
1006,Belgium,BE,IND_TOTAL,I_DSK2_LW,2021,18.59,Overall Digital Skills,Low
1007,Bulgaria,BG,IND_TOTAL,I_DSK2_LW,2021,14.51,Overall Digital Skills,Low
1008,Switzerland,CH,IND_TOTAL,I_DSK2_LW,2021,12.22,Overall Digital Skills,Low
1009,Cyprus,CY,IND_TOTAL,I_DSK2_LW,2021,20.58,Overall Digital Skills,Low
1010,Czechia,CZ,IND_TOTAL,I_DSK2_LW,2021,17.36,Overall Digital Skills,Low
1011,Germany,DE,IND_TOTAL,I_DSK2_LW,2021,21.22,Overall Digital Skills,Low
1012,Denmark,DK,IND_TOTAL,I_DSK2_LW,2021,20.17,Overall Digital Skills,Low
1013,Estonia,EE,IND_TOTAL,I_DSK2_LW,2021,19.13,Overall Digital Skills,Low
1014,Greece,EL,IND_TOTAL,I_DSK2_LW,2021,10.64,Overall Digital Skills,Low
1015,Spain,ES,IND_TOTAL,I_DSK2_LW,2021,15.44,Overall Digital Skills,Low
1016,Finland,FI,IND_TOTAL,I_DSK2_LW,2021,12.58,Overall Digital Skills,Low
1017,France,FR,IND_TOTAL,I_DSK2_LW,2021,16.07,Overall Digital Skills,Low
1018,Croatia,HR,IND_TOTAL,I_DSK2_LW,2021,11.57,Overall Digital Skills,Low
1019,Hungary,HU,IND_TOTAL,I_DSK2_LW,2021,20.51,Overall Digital Skills,Low
1020,Ireland,IE,IND_TOTAL,I_DSK2_LW,2021,14.17,Overall Digital Skills,Low
1021,Iceland,IS,IND_TOTAL,I_DSK2_LW,2021,12.1,Overall Digital Skills,Low
1022,Italy,IT,IND_TOTAL,I_DSK2_LW,2021,16.34,Overall Digital Skills,Low
1023,Lithuania,LT,IND_TOTAL,I_DSK2_LW,2021,18.61,Overall Digital Skills,Low
1024,Luxembourg,LU,IND_TOTAL,I_DSK2_LW,2021,20.41,Overall Digital Skills,Low
1025,Latvia,LV,IND_TOTAL,I_DSK2_LW,2021,20.7,Overall Digital Skills,Low
1026,Montenegro,ME,IND_TOTAL,I_DSK2_LW,2021,25.44,Overall Digital Skills,Low
1027,North Macedonia,MK,IND_TOTAL,I_DSK2_LW,2021,18.28,Overall Digital Skills,Low
1028,Malta,MT,IND_TOTAL,I_DSK2_LW,2021,15.45,Overall Digital Skills,Low
1029,Netherlands,NL,IND_TOTAL,I_DSK2_LW,2021,11.4,Overall Digital Skills,Low
1030,Norway,NO,IND_TOTAL,I_DSK2_LW,2021,15.03,Overall Digital Skills,Low
1031,Poland,PL,IND_TOTAL,I_DSK2_LW,2021,18.82,Overall Digital Skills,Low
1032,Portugal,PT,IND_TOTAL,I_DSK2_LW,2021,12.64,Overall Digital Skills,Low
1033,Romania,RO,IND_TOTAL,I_DSK2_LW,2021,16.53,Overall Digital Skills,Low
1034,Serbia,RS,IND_TOTAL,I_DSK2_LW,2021,18.67,Overall Digital Skills,Low
1035,Sweden,SE,IND_TOTAL,I_DSK2_LW,2021,17.92,Overall Digital Skills,Low
1036,Slovenia,SI,IND_TOTAL,I_DSK2_LW,2021,20.48,Overall Digital Skills,Low
1037,Slovakia,SK,IND_TOTAL,I_DSK2_LW,2021,18.15,Overall Digital Skills,Low
1038,Türkiye,TR,IND_TOTAL,I_DSK2_LW,2021,19.64,Overall Digital Skills,Low
1039,Albania,AL,IND_TOTAL,I_DSK2_LW,2021,21.17,Overall Digital Skills,Low
1040,Austria,AT,IND_TOTAL,I_DSK2_LW,2021,18.31,Overall Digital Skills,Low
1041,Bosnia and Herzegovina,BA,IND_TOTAL,I_DSK2_LW,2021,28.45,Overall Digital Skills,Low
1042,Belgium,BE,IND_TOTAL,I_DSK2_LW,2021,20.04,Overall Digital Skills,Low
1043,Bulgaria,BG,IND_TOTAL,I_DSK2_LW,2021,19.28,Overall Digital Skills,Low
1044,Switzerland,CH,IND_TOTAL,I_DSK2_LW,2021,12.46,Overall Digital Skills,Low
1045,Cyprus,CY,IND_TOTAL,I_DSK2_LW,2021,22.68,Overall Digital Skills,Low
1046,Czechia,CZ,IND_TOTAL,I_DSK2_LW,2021,19.54,Overall Digital Skills,Low
1047,Germany,DE,IND_TOTAL,I_DSK2_LW,2021,23.21,Overall Digital Skills,Low
1048,Denmark,DK,IND_TOTAL,I_DSK2_LW,2021,20.4,Overall Digital Skills,Low
1049,Estonia,EE,IND_TOTAL,I_DSK2_LW,2021,21.03,Overall Digital Skills,Low
1050,Greece,EL,IND_TOTAL,I_DSK2_LW,2021,13.56,Overall Digital Skills,Low
1051,Spain,ES,IND_TOTAL,I_DSK2_LW,2021,16.44,Overall Digital Skills,Low
1052,Finland,FI,IND_TOTAL,I_DSK2_LW,2021,13.01,Overall Digital Skills,Low
1053,France,FR,IND_TOTAL,I_DSK2_LW,2021,17.55,Overall Digital Skills,Low
1054,Croatia,HR,IND_TOTAL,I_DSK2_LW,2021,14.24,Overall Digital Skills,Low
1055,Hungary,HU,IND_TOTAL,I_DSK2_LW,2021,23.14,Overall Digital Skills,Low
1056,Ireland,IE,IND_TOTAL,I_DSK2_LW,2021,14.32,Overall Digital Skills,Low
1057,Iceland,IS,IND_TOTAL,I_DSK2_LW,2021,12.17,Overall Digital Skills,Low
1058,Italy,IT,IND_TOTAL,I_DSK2_LW,2021,20.02,Overall Digital Skills,Low
1059,Lithuania,LT,IND_TOTAL,I_DSK2_LW,2021,21.4,Overall Digital Skills,Low
1060,Luxembourg,LU,IND_TOTAL,I_DSK2_LW,2021,20.68,Overall Digital Skills,Low
1061,Latvia,LV,IND_TOTAL,I_DSK2_LW,2021,22.68,Overall Digital Skills,Low
1062,Montenegro,ME,IND_TOTAL,I_DSK2_LW,2021,30.94,Overall Digital Skills,Low
1063,North Macedonia,MK,IND_TOTAL,I_DSK2_LW,2021,21.16,Overall Digital Skills,Low
1064,Malta,MT,IND_TOTAL,I_DSK2_LW,2021,17.67,Overall Digital Skills,Low
1065,Netherlands,NL,IND_TOTAL,I_DSK2_LW,2021,12.07,Overall Digital Skills,Low
1066,Norway,NO,IND_TOTAL,I_DSK2_LW,2021,15.12,Overall Digital Skills,Low
1067,Poland,PL,IND_TOTAL,I_DSK2_LW,2021,22.04,Overall Digital Skills,Low
1068,Portugal,PT,IND_TOTAL,I_DSK2_LW,2021,15.36,Overall Digital Skills,Low
1069,Romania,RO,IND_TOTAL,I_DSK2_LW,2021,19.77,Overall Digital Skills,Low
1070,Serbia,RS,IND_TOTAL,I_DSK2_LW,2021,23.0,Overall Digital Skills,Low
1071,Sweden,SE,IND_TOTAL,I_DSK2_LW,2021,18.52,Overall Digital Skills,Low
1072,Slovenia,SI,IND_TOTAL,I_DSK2_LW,2021,23.01,Overall Digital Skills,Low
1073,Slovakia,SK,IND_TOTAL,I_DSK2_LW,2021,20.41,Overall Digital Skills,Low
1074,Türkiye,TR,IND_TOTAL,I_DSK2_LW,2021,24.12,Overall Digital Skills,Low
1075,Albania,AL,IND_TOTAL,I_DSK2_N,2021,17.39,Overall Digital Skills,Narrow
1076,Austria,AT,IND_TOTAL,I_DSK2_N,2021,6.82,Overall Digital Skills,Narrow
1077,Bosnia and Herzegovina,BA,IND_TOTAL,I_DSK2_N,2021,10.17,Overall Digital Skills,Narrow
1078,Belgium,BE,IND_TOTAL,I_DSK2_N,2021,11.71,Overall Digital Skills,Narrow
1079,Bulgaria,BG,IND_TOTAL,I_DSK2_N,2021,11.67,Overall Digital Skills,Narrow
1080,Switzerland,CH,IND_TOTAL,I_DSK2_N,2021,4.6,Overall Digital Skills,Narrow
1081,Cyprus,CY,IND_TOTAL,I_DSK2_N,2021,10.07,Overall Digital Skills,Narrow
1082,Czechia,CZ,IND_TOTAL,I_DSK2_N,2021,8.42,Overall Digital Skills,Narrow
1083,Germany,DE,IND_TOTAL,I_DSK2_N,2021,11.51,Overall Digital Skills,Narrow
1084,Denmark,DK,IND_TOTAL,I_DSK2_N,2021,8.04,Overall Digital Skills,Narrow
1085,Estonia,EE,IND_TOTAL,I_DSK2_N,2021,9.82,Overall Digital Skills,Narrow
1086,Greece,EL,IND_TOTAL,I_DSK2_N,2021,7.86,Overall Digital Skills,Narrow
1087,Spain,ES,IND_TOTAL,I_DSK2_N,2021,7.44,Overall Digital Skills,Narrow
1088,Finland,FI,IND_TOTAL,I_DSK2_N,2021,3.59,Overall Digital Skills,Narrow
1089,France,FR,IND_TOTAL,I_DSK2_N,2021,8.47,Overall Digital Skills,Narrow
1090,Croatia,HR,IND_TOTAL,I_DSK2_N,2021,4.73,Overall Digital Skills,Narrow
1091,Hungary,HU,IND_TOTAL,I_DSK2_N,2021,11.91,Overall Digital Skills,Narrow
1092,Ireland,IE,IND_TOTAL,I_DSK2_N,2021,7.6,Overall Digital Skills,Narrow
1093,Iceland,IS,IND_TOTAL,I_DSK2_N,2021,4.93,Overall Digital Skills,Narrow
1094,Italy,IT,IND_TOTAL,I_DSK2_N,2021,9.84,Overall Digital Skills,Narrow
1095,Lithuania,LT,IND_TOTAL,I_DSK2_N,2021,10.41,Overall Digital Skills,Narrow
1096,Luxembourg,LU,IND_TOTAL,I_DSK2_N,2021,8.32,Overall Digital Skills,Narrow
1097,Latvia,LV,IND_TOTAL,I_DSK2_N,2021,12.37,Overall Digital Skills,Narrow
1098,Montenegro,ME,IND_TOTAL,I_DSK2_N,2021,7.91,Overall Digital Skills,Narrow
1099,North Macedonia,MK,IND_TOTAL,I_DSK2_N,2021,15.93,Overall Digital Skills,Narrow
1100,Malta,MT,IND_TOTAL,I_DSK2_N,2021,6.09,Overall Digital Skills,Narrow
1101,Netherlands,NL,IND_TOTAL,I_DSK2_N,2021,3.39,Overall Digital Skills,Narrow
1102,Norway,NO,IND_TOTAL,I_DSK2_N,2021,4.33,Overall Digital Skills,Narrow
1103,Poland,PL,IND_TOTAL,I_DSK2_N,2021,11.45,Overall Digital Skills,Narrow
1104,Portugal,PT,IND_TOTAL,I_DSK2_N,2021,6.99,Overall Digital Skills,Narrow
1105,Romania,RO,IND_TOTAL,I_DSK2_N,2021,14.23,Overall Digital Skills,Narrow
1106,Serbia,RS,IND_TOTAL,I_DSK2_N,2021,10.48,Overall Digital Skills,Narrow
1107,Sweden,SE,IND_TOTAL,I_DSK2_N,2021,7.93,Overall Digital Skills,Narrow
1108,Slovenia,SI,IND_TOTAL,I_DSK2_N,2021,11.21,Overall Digital Skills,Narrow
1109,Slovakia,SK,IND_TOTAL,I_DSK2_N,2021,8.93,Overall Digital Skills,Narrow
1110,Türkiye,TR,IND_TOTAL,I_DSK2_N,2021,14.34,Overall Digital Skills,Narrow
1111,Albania,AL,IND_TOTAL,I_DSK2_N,2021,21.91,Overall Digital Skills,Narrow
1112,Austria,AT,IND_TOTAL,I_DSK2_N,2021,7.37,Overall Digital Skills,Narrow
1113,Bosnia and Herzegovina,BA,IND_TOTAL,I_DSK2_N,2021,13.44,Overall Digital Skills,Narrow
1114,Belgium,BE,IND_TOTAL,I_DSK2_N,2021,12.62,Overall Digital Skills,Narrow
1115,Bulgaria,BG,IND_TOTAL,I_DSK2_N,2021,15.51,Overall Digital Skills,Narrow
1116,Switzerland,CH,IND_TOTAL,I_DSK2_N,2021,4.68,Overall Digital Skills,Narrow
1117,Cyprus,CY,IND_TOTAL,I_DSK2_N,2021,11.09,Overall Digital Skills,Narrow
1118,Czechia,CZ,IND_TOTAL,I_DSK2_N,2021,9.48,Overall Digital Skills,Narrow
1119,Germany,DE,IND_TOTAL,I_DSK2_N,2021,12.59,Overall Digital Skills,Narrow
1120,Denmark,DK,IND_TOTAL,I_DSK2_N,2021,8.13,Overall Digital Skills,Narrow
1121,Estonia,EE,IND_TOTAL,I_DSK2_N,2021,10.8,Overall Digital Skills,Narrow
1122,Greece,EL,IND_TOTAL,I_DSK2_N,2021,10.02,Overall Digital Skills,Narrow
1123,Spain,ES,IND_TOTAL,I_DSK2_N,2021,7.93,Overall Digital Skills,Narrow
1124,Finland,FI,IND_TOTAL,I_DSK2_N,2021,3.71,Overall Digital Skills,Narrow
1125,France,FR,IND_TOTAL,I_DSK2_N,2021,9.25,Overall Digital Skills,Narrow
1126,Croatia,HR,IND_TOTAL,I_DSK2_N,2021,5.82,Overall Digital Skills,Narrow
1127,Hungary,HU,IND_TOTAL,I_DSK2_N,2021,13.44,Overall Digital Skills,Narrow
1128,Ireland,IE,IND_TOTAL,I_DSK2_N,2021,7.68,Overall Digital Skills,Narrow
1129,Iceland,IS,IND_TOTAL,I_DSK2_N,2021,4.96,Overall Digital Skills,Narrow
1130,Italy,IT,IND_TOTAL,I_DSK2_N,2021,12.06,Overall Digital Skills,Narrow
1131,Lithuania,LT,IND_TOTAL,I_DSK2_N,2021,11.97,Overall Digital Skills,Narrow
1132,Luxembourg,LU,IND_TOTAL,I_DSK2_N,2021,8.44,Overall Digital Skills,Narrow
1133,Latvia,LV,IND_TOTAL,I_DSK2_N,2021,13.55,Overall Digital Skills,Narrow
1134,Montenegro,ME,IND_TOTAL,I_DSK2_N,2021,9.62,Overall Digital Skills,Narrow
1135,North Macedonia,MK,IND_TOTAL,I_DSK2_N,2021,18.44,Overall Digital Skills,Narrow
1136,Malta,MT,IND_TOTAL,I_DSK2_N,2021,6.96,Overall Digital Skills,Narrow
1137,Netherlands,NL,IND_TOTAL,I_DSK2_N,2021,3.59,Overall Digital Skills,Narrow
1138,Norway,NO,IND_TOTAL,I_DSK2_N,2021,4.35,Overall Digital Skills,Narrow
1139,Poland,PL,IND_TOTAL,I_DSK2_N,2021,13.41,Overall Digital Skills,Narrow
1140,Portugal,PT,IND_TOTAL,I_DSK2_N,2021,8.5,Overall Digital Skills,Narrow
1141,Romania,RO,IND_TOTAL,I_DSK2_N,2021,17.03,Overall Digital Skills,Narrow
1142,Serbia,RS,IND_TOTAL,I_DSK2_N,2021,12.91,Overall Digital Skills,Narrow
1143,Sweden,SE,IND_TOTAL,I_DSK2_N,2021,8.2,Overall Digital Skills,Narrow
1144,Slovenia,SI,IND_TOTAL,I_DSK2_N,2021,12.6,Overall Digital Skills,Narrow
1145,Slovakia,SK,IND_TOTAL,I_DSK2_N,2021,10.04,Overall Digital Skills,Narrow
1146,Türkiye,TR,IND_TOTAL,I_DSK2_N,2021,17.61,Overall Digital Skills,Narrow
1147,Albania,AL,IND_TOTAL,I_DSK2_NA,2021,20.63,Overall Digital Skills,Not Assessed
1148,Austria,AT,IND_TOTAL,I_DSK2_NA,2021,7.47,Overall Digital Skills,Not Assessed
1149,Bosnia and Herzegovina,BA,IND_TOTAL,I_DSK2_NA,2021,24.32,Overall Digital Skills,Not Assessed
1150,Belgium,BE,IND_TOTAL,I_DSK2_NA,2021,7.21,Overall Digital Skills,Not Assessed
1151,Bulgaria,BG,IND_TOTAL,I_DSK2_NA,2021,24.73,Overall Digital Skills,Not Assessed
1152,Switzerland,CH,IND_TOTAL,I_DSK2_NA,2021,1.86,Overall Digital Skills,Not Assessed
1153,Cyprus,CY,IND_TOTAL,I_DSK2_NA,2021,9.24,Overall Digital Skills,Not Assessed
1154,Czechia,CZ,IND_TOTAL,I_DSK2_NA,2021,11.15,Overall Digital Skills,Not Assessed
1155,Germany,DE,IND_TOTAL,I_DSK2_NA,2021,8.57,Overall Digital Skills,Not Assessed
1156,Denmark,DK,IND_TOTAL,I_DSK2_NA,2021,1.11,Overall Digital Skills,Not Assessed
1157,Estonia,EE,IND_TOTAL,I_DSK2_NA,2021,9.02,Overall Digital Skills,Not Assessed
1158,Greece,EL,IND_TOTAL,I_DSK2_NA,2021,21.51,Overall Digital Skills,Not Assessed
1159,Spain,ES,IND_TOTAL,I_DSK2_NA,2021,6.1,Overall Digital Skills,Not Assessed
1160,Finland,FI,IND_TOTAL,I_DSK2_NA,2021,3.29,Overall Digital Skills,Not Assessed
1161,France,FR,IND_TOTAL,I_DSK2_NA,2021,8.45,Overall Digital Skills,Not Assessed
1162,Croatia,HR,IND_TOTAL,I_DSK2_NA,2021,18.75,Overall Digital Skills,Not Assessed
1163,Hungary,HU,IND_TOTAL,I_DSK2_NA,2021,11.36,Overall Digital Skills,Not Assessed
1164,Ireland,IE,IND_TOTAL,I_DSK2_NA,2021,1.07,Overall Digital Skills,Not Assessed
1165,Iceland,IS,IND_TOTAL,I_DSK2_NA,2021,0.56,Overall Digital Skills,Not Assessed
1166,Italy,IT,IND_TOTAL,I_DSK2_NA,2021,18.41,Overall Digital Skills,Not Assessed
1167,Lithuania,LT,IND_TOTAL,I_DSK2_NA,2021,13.07,Overall Digital Skills,Not Assessed
1168,Luxembourg,LU,IND_TOTAL,I_DSK2_NA,2021,1.34,Overall Digital Skills,Not Assessed
1169,Latvia,LV,IND_TOTAL,I_DSK2_NA,2021,8.7,Overall Digital Skills,Not Assessed
1170,Montenegro,ME,IND_TOTAL,I_DSK2_NA,2021,17.78,Overall Digital Skills,Not Assessed
1171,North Macedonia,MK,IND_TOTAL,I_DSK2_NA,2021,13.6,Overall Digital Skills,Not Assessed
1172,Malta,MT,IND_TOTAL,I_DSK2_NA,2021,12.53,Overall Digital Skills,Not Assessed
1173,Netherlands,NL,IND_TOTAL,I_DSK2_NA,2021,5.48,Overall Digital Skills,Not Assessed
1174,Norway,NO,IND_TOTAL,I_DSK2_NA,2021,0.58,Overall Digital Skills,Not Assessed
1175,Poland,PL,IND_TOTAL,I_DSK2_NA,2021,14.63,Overall Digital Skills,Not Assessed
1176,Portugal,PT,IND_TOTAL,I_DSK2_NA,2021,17.69,Overall Digital Skills,Not Assessed
1177,Romania,RO,IND_TOTAL,I_DSK2_NA,2021,16.41,Overall Digital Skills,Not Assessed
1178,Serbia,RS,IND_TOTAL,I_DSK2_NA,2021,18.83,Overall Digital Skills,Not Assessed
1179,Sweden,SE,IND_TOTAL,I_DSK2_NA,2021,3.24,Overall Digital Skills,Not Assessed
1180,Slovenia,SI,IND_TOTAL,I_DSK2_NA,2021,11.0,Overall Digital Skills,Not Assessed
1181,Slovakia,SK,IND_TOTAL,I_DSK2_NA,2021,11.07,Overall Digital Skills,Not Assessed
1182,Türkiye,TR,IND_TOTAL,I_DSK2_NA,2021,18.59,Overall Digital Skills,Not Assessed
1183,Albania,AL,IND_TOTAL,I_DSK2_PS_AB,2021,8.71,Problem Solving,Above Basic
1184,Austria,AT,IND_TOTAL,I_DSK2_PS_AB,2021,62.4,Problem Solving,Above Basic
1185,Bosnia and Herzegovina,BA,IND_TOTAL,I_DSK2_PS_AB,2021,18.84,Problem Solving,Above Basic
1186,Belgium,BE,IND_TOTAL,I_DSK2_PS_AB,2021,57.41,Problem Solving,Above Basic
1187,Bulgaria,BG,IND_TOTAL,I_DSK2_PS_AB,2021,20.0,Problem Solving,Above Basic
1188,Switzerland,CH,IND_TOTAL,I_DSK2_PS_AB,2021,70.68,Problem Solving,Above Basic
1189,Cyprus,CY,IND_TOTAL,I_DSK2_PS_AB,2021,50.3,Problem Solving,Above Basic
1190,Czechia,CZ,IND_TOTAL,I_DSK2_PS_AB,2021,50.63,Problem Solving,Above Basic
1191,Germany,DE,IND_TOTAL,I_DSK2_PS_AB,2021,44.06,Problem Solving,Above Basic
1192,Denmark,DK,IND_TOTAL,I_DSK2_PS_AB,2021,80.99,Problem Solving,Above Basic
1193,Estonia,EE,IND_TOTAL,I_DSK2_PS_AB,2021,63.14,Problem Solving,Above Basic
1194,Greece,EL,IND_TOTAL,I_DSK2_PS_AB,2021,39.96,Problem Solving,Above Basic
1195,Spain,ES,IND_TOTAL,I_DSK2_PS_AB,2021,63.29,Problem Solving,Above Basic
1196,Finland,FI,IND_TOTAL,I_DSK2_PS_AB,2021,79.64,Problem Solving,Above Basic
1197,France,FR,IND_TOTAL,I_DSK2_PS_AB,2021,64.13,Problem Solving,Above Basic
1198,Croatia,HR,IND_TOTAL,I_DSK2_PS_AB,2021,50.67,Problem Solving,Above Basic
1199,Hungary,HU,IND_TOTAL,I_DSK2_PS_AB,2021,49.23,Problem Solving,Above Basic
1200,Ireland,IE,IND_TOTAL,I_DSK2_PS_AB,2021,71.6,Problem Solving,Above Basic
1201,Iceland,IS,IND_TOTAL,I_DSK2_PS_AB,2021,84.84,Problem Solving,Above Basic
1202,Italy,IT,IND_TOTAL,I_DSK2_PS_AB,2021,46.88,Problem Solving,Above Basic
1203,Lithuania,LT,IND_TOTAL,I_DSK2_PS_AB,2021,52.55,Problem Solving,Above Basic
1204,Luxembourg,LU,IND_TOTAL,I_DSK2_PS_AB,2021,68.14,Problem Solving,Above Basic
1205,Latvia,LV,IND_TOTAL,I_DSK2_PS_AB,2021,53.76,Problem Solving,Above Basic
1206,Montenegro,ME,IND_TOTAL,I_DSK2_PS_AB,2021,20.9,Problem Solving,Above Basic
1207,North Macedonia,MK,IND_TOTAL,I_DSK2_PS_AB,2021,21.37,Problem Solving,Above Basic
1208,Malta,MT,IND_TOTAL,I_DSK2_PS_AB,2021,61.02,Problem Solving,Above Basic
1209,Netherlands,NL,IND_TOTAL,I_DSK2_PS_AB,2021,83.3,Problem Solving,Above Basic
1210,Norway,NO,IND_TOTAL,I_DSK2_PS_AB,2021,85.3,Problem Solving,Above Basic
1211,Poland,PL,IND_TOTAL,I_DSK2_PS_AB,2021,45.3,Problem Solving,Above Basic
1212,Portugal,PT,IND_TOTAL,I_DSK2_PS_AB,2021,41.63,Problem Solving,Above Basic
1213,Romania,RO,IND_TOTAL,I_DSK2_PS_AB,2021,17.99,Problem Solving,Above Basic
1214,Serbia,RS,IND_TOTAL,I_DSK2_PS_AB,2021,35.46,Problem Solving,Above Basic
1215,Sweden,SE,IND_TOTAL,I_DSK2_PS_AB,2021,76.29,Problem Solving,Above Basic
1216,Slovenia,SI,IND_TOTAL,I_DSK2_PS_AB,2021,53.33,Problem Solving,Above Basic
1217,Slovakia,SK,IND_TOTAL,I_DSK2_PS_AB,2021,51.6,Problem Solving,Above Basic
1218,Türkiye,TR,IND_TOTAL,I_DSK2_PS_AB,2021,33.35,Problem Solving,Above Basic
1219,Albania,AL,IND_TOTAL,I_DSK2_PS_AB,2021,10.97,Problem Solving,Above Basic
1220,Austria,AT,IND_TOTAL,I_DSK2_PS_AB,2021,67.44,Problem Solving,Above Basic
1221,Bosnia and Herzegovina,BA,IND_TOTAL,I_DSK2_PS_AB,2021,24.9,Problem Solving,Above Basic
1222,Belgium,BE,IND_TOTAL,I_DSK2_PS_AB,2021,61.87,Problem Solving,Above Basic
1223,Bulgaria,BG,IND_TOTAL,I_DSK2_PS_AB,2021,26.56,Problem Solving,Above Basic
1224,Switzerland,CH,IND_TOTAL,I_DSK2_PS_AB,2021,72.02,Problem Solving,Above Basic
1225,Cyprus,CY,IND_TOTAL,I_DSK2_PS_AB,2021,55.42,Problem Solving,Above Basic
1226,Czechia,CZ,IND_TOTAL,I_DSK2_PS_AB,2021,56.98,Problem Solving,Above Basic
1227,Germany,DE,IND_TOTAL,I_DSK2_PS_AB,2021,48.19,Problem Solving,Above Basic
1228,Denmark,DK,IND_TOTAL,I_DSK2_PS_AB,2021,81.9,Problem Solving,Above Basic
1229,Estonia,EE,IND_TOTAL,I_DSK2_PS_AB,2021,69.4,Problem Solving,Above Basic
1230,Greece,EL,IND_TOTAL,I_DSK2_PS_AB,2021,50.91,Problem Solving,Above Basic
1231,Spain,ES,IND_TOTAL,I_DSK2_PS_AB,2021,67.4,Problem Solving,Above Basic
1232,Finland,FI,IND_TOTAL,I_DSK2_PS_AB,2021,82.35,Problem Solving,Above Basic
1233,France,FR,IND_TOTAL,I_DSK2_PS_AB,2021,70.05,Problem Solving,Above Basic
1234,Croatia,HR,IND_TOTAL,I_DSK2_PS_AB,2021,62.36,Problem Solving,Above Basic
1235,Hungary,HU,IND_TOTAL,I_DSK2_PS_AB,2021,55.54,Problem Solving,Above Basic
1236,Ireland,IE,IND_TOTAL,I_DSK2_PS_AB,2021,72.37,Problem Solving,Above Basic
1237,Iceland,IS,IND_TOTAL,I_DSK2_PS_AB,2021,85.32,Problem Solving,Above Basic
1238,Italy,IT,IND_TOTAL,I_DSK2_PS_AB,2021,57.46,Problem Solving,Above Basic
1239,Lithuania,LT,IND_TOTAL,I_DSK2_PS_AB,2021,60.45,Problem Solving,Above Basic
1240,Luxembourg,LU,IND_TOTAL,I_DSK2_PS_AB,2021,69.07,Problem Solving,Above Basic
1241,Latvia,LV,IND_TOTAL,I_DSK2_PS_AB,2021,58.88,Problem Solving,Above Basic
1242,Montenegro,ME,IND_TOTAL,I_DSK2_PS_AB,2021,25.41,Problem Solving,Above Basic
1243,North Macedonia,MK,IND_TOTAL,I_DSK2_PS_AB,2021,24.73,Problem Solving,Above Basic
1244,Malta,MT,IND_TOTAL,I_DSK2_PS_AB,2021,69.77,Problem Solving,Above Basic
1245,Netherlands,NL,IND_TOTAL,I_DSK2_PS_AB,2021,88.13,Problem Solving,Above Basic
1246,Norway,NO,IND_TOTAL,I_DSK2_PS_AB,2021,85.8,Problem Solving,Above Basic
1247,Poland,PL,IND_TOTAL,I_DSK2_PS_AB,2021,53.06,Problem Solving,Above Basic
1248,Portugal,PT,IND_TOTAL,I_DSK2_PS_AB,2021,50.58,Problem Solving,Above Basic
1249,Romania,RO,IND_TOTAL,I_DSK2_PS_AB,2021,21.53,Problem Solving,Above Basic
1250,Serbia,RS,IND_TOTAL,I_DSK2_PS_AB,2021,43.69,Problem Solving,Above Basic
1251,Sweden,SE,IND_TOTAL,I_DSK2_PS_AB,2021,78.84,Problem Solving,Above Basic
1252,Slovenia,SI,IND_TOTAL,I_DSK2_PS_AB,2021,59.92,Problem Solving,Above Basic
1253,Slovakia,SK,IND_TOTAL,I_DSK2_PS_AB,2021,58.03,Problem Solving,Above Basic
1254,Türkiye,TR,IND_TOTAL,I_DSK2_PS_AB,2021,40.96,Problem Solving,Above Basic
1255,Albania,AL,IND_TOTAL,I_DSK2_PS_B,2021,31.55,Problem Solving,Basic
1256,Austria,AT,IND_TOTAL,I_DSK2_PS_B,2021,22.68,Problem Solving,Basic
1257,Bosnia and Herzegovina,BA,IND_TOTAL,I_DSK2_PS_B,2021,34.29,Problem Solving,Basic
1258,Belgium,BE,IND_TOTAL,I_DSK2_PS_B,2021,29.56,Problem Solving,Basic
1259,Bulgaria,BG,IND_TOTAL,I_DSK2_PS_B,2021,28.33,Problem Solving,Basic
1260,Switzerland,CH,IND_TOTAL,I_DSK2_PS_B,2021,21.53,Problem Solving,Basic
1261,Cyprus,CY,IND_TOTAL,I_DSK2_PS_B,2021,24.7,Problem Solving,Basic
1262,Czechia,CZ,IND_TOTAL,I_DSK2_PS_B,2021,33.55,Problem Solving,Basic
1263,Germany,DE,IND_TOTAL,I_DSK2_PS_B,2021,38.13,Problem Solving,Basic
1264,Denmark,DK,IND_TOTAL,I_DSK2_PS_B,2021,16.49,Problem Solving,Basic
1265,Estonia,EE,IND_TOTAL,I_DSK2_PS_B,2021,23.56,Problem Solving,Basic
1266,Greece,EL,IND_TOTAL,I_DSK2_PS_B,2021,26.74,Problem Solving,Basic
1267,Spain,ES,IND_TOTAL,I_DSK2_PS_B,2021,21.66,Problem Solving,Basic
1268,Finland,FI,IND_TOTAL,I_DSK2_PS_B,2021,15.83,Problem Solving,Basic
1269,France,FR,IND_TOTAL,I_DSK2_PS_B,2021,23.27,Problem Solving,Basic
1270,Croatia,HR,IND_TOTAL,I_DSK2_PS_B,2021,20.49,Problem Solving,Basic
1271,Hungary,HU,IND_TOTAL,I_DSK2_PS_B,2021,27.55,Problem Solving,Basic
1272,Ireland,IE,IND_TOTAL,I_DSK2_PS_B,2021,21.15,Problem Solving,Basic
1273,Iceland,IS,IND_TOTAL,I_DSK2_PS_B,2021,13.16,Problem Solving,Basic
1274,Italy,IT,IND_TOTAL,I_DSK2_PS_B,2021,22.35,Problem Solving,Basic
1275,Lithuania,LT,IND_TOTAL,I_DSK2_PS_B,2021,24.95,Problem Solving,Basic
1276,Luxembourg,LU,IND_TOTAL,I_DSK2_PS_B,2021,24.93,Problem Solving,Basic
1277,Latvia,LV,IND_TOTAL,I_DSK2_PS_B,2021,31.85,Problem Solving,Basic
1278,Montenegro,ME,IND_TOTAL,I_DSK2_PS_B,2021,48.18,Problem Solving,Basic
1279,North Macedonia,MK,IND_TOTAL,I_DSK2_PS_B,2021,37.44,Problem Solving,Basic
1280,Malta,MT,IND_TOTAL,I_DSK2_PS_B,2021,18.74,Problem Solving,Basic
1281,Netherlands,NL,IND_TOTAL,I_DSK2_PS_B,2021,10.29,Problem Solving,Basic
1282,Norway,NO,IND_TOTAL,I_DSK2_PS_B,2021,13.2,Problem Solving,Basic
1283,Poland,PL,IND_TOTAL,I_DSK2_PS_B,2021,27.68,Problem Solving,Basic
1284,Portugal,PT,IND_TOTAL,I_DSK2_PS_B,2021,27.06,Problem Solving,Basic
1285,Romania,RO,IND_TOTAL,I_DSK2_PS_B,2021,32.77,Problem Solving,Basic
1286,Serbia,RS,IND_TOTAL,I_DSK2_PS_B,2021,29.66,Problem Solving,Basic
1287,Sweden,SE,IND_TOTAL,I_DSK2_PS_B,2021,18.39,Problem Solving,Basic
1288,Slovenia,SI,IND_TOTAL,I_DSK2_PS_B,2021,27.28,Problem Solving,Basic
1289,Slovakia,SK,IND_TOTAL,I_DSK2_PS_B,2021,28.62,Problem Solving,Basic
1290,Türkiye,TR,IND_TOTAL,I_DSK2_PS_B,2021,28.64,Problem Solving,Basic
1291,Albania,AL,IND_TOTAL,I_DSK2_PS_B,2021,39.74,Problem Solving,Basic
1292,Austria,AT,IND_TOTAL,I_DSK2_PS_B,2021,24.51,Problem Solving,Basic
1293,Bosnia and Herzegovina,BA,IND_TOTAL,I_DSK2_PS_B,2021,45.31,Problem Solving,Basic
1294,Belgium,BE,IND_TOTAL,I_DSK2_PS_B,2021,31.86,Problem Solving,Basic
1295,Bulgaria,BG,IND_TOTAL,I_DSK2_PS_B,2021,37.63,Problem Solving,Basic
1296,Switzerland,CH,IND_TOTAL,I_DSK2_PS_B,2021,21.94,Problem Solving,Basic
1297,Cyprus,CY,IND_TOTAL,I_DSK2_PS_B,2021,27.22,Problem Solving,Basic
1298,Czechia,CZ,IND_TOTAL,I_DSK2_PS_B,2021,37.76,Problem Solving,Basic
1299,Germany,DE,IND_TOTAL,I_DSK2_PS_B,2021,41.7,Problem Solving,Basic
1300,Denmark,DK,IND_TOTAL,I_DSK2_PS_B,2021,16.67,Problem Solving,Basic
1301,Estonia,EE,IND_TOTAL,I_DSK2_PS_B,2021,25.89,Problem Solving,Basic
1302,Greece,EL,IND_TOTAL,I_DSK2_PS_B,2021,34.06,Problem Solving,Basic
1303,Spain,ES,IND_TOTAL,I_DSK2_PS_B,2021,23.07,Problem Solving,Basic
1304,Finland,FI,IND_TOTAL,I_DSK2_PS_B,2021,16.37,Problem Solving,Basic
1305,France,FR,IND_TOTAL,I_DSK2_PS_B,2021,25.41,Problem Solving,Basic
1306,Croatia,HR,IND_TOTAL,I_DSK2_PS_B,2021,25.22,Problem Solving,Basic
1307,Hungary,HU,IND_TOTAL,I_DSK2_PS_B,2021,31.08,Problem Solving,Basic
1308,Ireland,IE,IND_TOTAL,I_DSK2_PS_B,2021,21.38,Problem Solving,Basic
1309,Iceland,IS,IND_TOTAL,I_DSK2_PS_B,2021,13.24,Problem Solving,Basic
1310,Italy,IT,IND_TOTAL,I_DSK2_PS_B,2021,27.39,Problem Solving,Basic
1311,Lithuania,LT,IND_TOTAL,I_DSK2_PS_B,2021,28.7,Problem Solving,Basic
1312,Luxembourg,LU,IND_TOTAL,I_DSK2_PS_B,2021,25.26,Problem Solving,Basic
1313,Latvia,LV,IND_TOTAL,I_DSK2_PS_B,2021,34.88,Problem Solving,Basic
1314,Montenegro,ME,IND_TOTAL,I_DSK2_PS_B,2021,58.6,Problem Solving,Basic
1315,North Macedonia,MK,IND_TOTAL,I_DSK2_PS_B,2021,43.34,Problem Solving,Basic
1316,Malta,MT,IND_TOTAL,I_DSK2_PS_B,2021,21.42,Problem Solving,Basic
1317,Netherlands,NL,IND_TOTAL,I_DSK2_PS_B,2021,10.88,Problem Solving,Basic
1318,Norway,NO,IND_TOTAL,I_DSK2_PS_B,2021,13.27,Problem Solving,Basic
1319,Poland,PL,IND_TOTAL,I_DSK2_PS_B,2021,32.42,Problem Solving,Basic
1320,Portugal,PT,IND_TOTAL,I_DSK2_PS_B,2021,32.88,Problem Solving,Basic
1321,Romania,RO,IND_TOTAL,I_DSK2_PS_B,2021,39.2,Problem Solving,Basic
1322,Serbia,RS,IND_TOTAL,I_DSK2_PS_B,2021,36.54,Problem Solving,Basic
1323,Sweden,SE,IND_TOTAL,I_DSK2_PS_B,2021,19.01,Problem Solving,Basic
1324,Slovenia,SI,IND_TOTAL,I_DSK2_PS_B,2021,30.64,Problem Solving,Basic
1325,Slovakia,SK,IND_TOTAL,I_DSK2_PS_B,2021,32.18,Problem Solving,Basic
1326,Türkiye,TR,IND_TOTAL,I_DSK2_PS_B,2021,35.18,Problem Solving,Basic
1327,Albania,AL,IND_TOTAL,I_DSK2_PS_BAB,2021,40.26,Problem Solving,At Least Basic
1328,Austria,AT,IND_TOTAL,I_DSK2_PS_BAB,2021,85.08,Problem Solving,At Least Basic
1329,Bosnia and Herzegovina,BA,IND_TOTAL,I_DSK2_PS_BAB,2021,53.13,Problem Solving,At Least Basic
1330,Belgium,BE,IND_TOTAL,I_DSK2_PS_BAB,2021,86.97,Problem Solving,At Least Basic
1331,Bulgaria,BG,IND_TOTAL,I_DSK2_PS_BAB,2021,48.32,Problem Solving,At Least Basic
1332,Switzerland,CH,IND_TOTAL,I_DSK2_PS_BAB,2021,92.21,Problem Solving,At Least Basic
1333,Cyprus,CY,IND_TOTAL,I_DSK2_PS_BAB,2021,75.0,Problem Solving,At Least Basic
1334,Czechia,CZ,IND_TOTAL,I_DSK2_PS_BAB,2021,84.18,Problem Solving,At Least Basic
1335,Germany,DE,IND_TOTAL,I_DSK2_PS_BAB,2021,82.19,Problem Solving,At Least Basic
1336,Denmark,DK,IND_TOTAL,I_DSK2_PS_BAB,2021,97.48,Problem Solving,At Least Basic
1337,Estonia,EE,IND_TOTAL,I_DSK2_PS_BAB,2021,86.7,Problem Solving,At Least Basic
1338,Greece,EL,IND_TOTAL,I_DSK2_PS_BAB,2021,66.7,Problem Solving,At Least Basic
1339,Spain,ES,IND_TOTAL,I_DSK2_PS_BAB,2021,84.95,Problem Solving,At Least Basic
1340,Finland,FI,IND_TOTAL,I_DSK2_PS_BAB,2021,95.47,Problem Solving,At Least Basic
1341,France,FR,IND_TOTAL,I_DSK2_PS_BAB,2021,87.4,Problem Solving,At Least Basic
1342,Croatia,HR,IND_TOTAL,I_DSK2_PS_BAB,2021,71.16,Problem Solving,At Least Basic
1343,Hungary,HU,IND_TOTAL,I_DSK2_PS_BAB,2021,76.78,Problem Solving,At Least Basic
1344,Ireland,IE,IND_TOTAL,I_DSK2_PS_BAB,2021,92.75,Problem Solving,At Least Basic
1345,Iceland,IS,IND_TOTAL,I_DSK2_PS_BAB,2021,98.01,Problem Solving,At Least Basic
1346,Italy,IT,IND_TOTAL,I_DSK2_PS_BAB,2021,69.23,Problem Solving,At Least Basic
1347,Lithuania,LT,IND_TOTAL,I_DSK2_PS_BAB,2021,77.5,Problem Solving,At Least Basic
1348,Luxembourg,LU,IND_TOTAL,I_DSK2_PS_BAB,2021,93.07,Problem Solving,At Least Basic
1349,Latvia,LV,IND_TOTAL,I_DSK2_PS_BAB,2021,85.61,Problem Solving,At Least Basic
1350,Montenegro,ME,IND_TOTAL,I_DSK2_PS_BAB,2021,69.08,Problem Solving,At Least Basic
1351,North Macedonia,MK,IND_TOTAL,I_DSK2_PS_BAB,2021,58.81,Problem Solving,At Least Basic
1352,Malta,MT,IND_TOTAL,I_DSK2_PS_BAB,2021,79.76,Problem Solving,At Least Basic
1353,Netherlands,NL,IND_TOTAL,I_DSK2_PS_BAB,2021,93.58,Problem Solving,At Least Basic
1354,Norway,NO,IND_TOTAL,I_DSK2_PS_BAB,2021,98.5,Problem Solving,At Least Basic
1355,Poland,PL,IND_TOTAL,I_DSK2_PS_BAB,2021,72.98,Problem Solving,At Least Basic
1356,Portugal,PT,IND_TOTAL,I_DSK2_PS_BAB,2021,68.69,Problem Solving,At Least Basic
1357,Romania,RO,IND_TOTAL,I_DSK2_PS_BAB,2021,50.77,Problem Solving,At Least Basic
1358,Serbia,RS,IND_TOTAL,I_DSK2_PS_BAB,2021,65.12,Problem Solving,At Least Basic
1359,Sweden,SE,IND_TOTAL,I_DSK2_PS_BAB,2021,94.68,Problem Solving,At Least Basic
1360,Slovenia,SI,IND_TOTAL,I_DSK2_PS_BAB,2021,80.6,Problem Solving,At Least Basic
1361,Slovakia,SK,IND_TOTAL,I_DSK2_PS_BAB,2021,80.22,Problem Solving,At Least Basic
1362,Türkiye,TR,IND_TOTAL,I_DSK2_PS_BAB,2021,61.99,Problem Solving,At Least Basic
1363,Albania,AL,IND_TOTAL,I_DSK2_PS_BAB,2021,50.72,Problem Solving,At Least Basic
1364,Austria,AT,IND_TOTAL,I_DSK2_PS_BAB,2021,91.95,Problem Solving,At Least Basic
1365,Bosnia and Herzegovina,BA,IND_TOTAL,I_DSK2_PS_BAB,2021,70.21,Problem Solving,At Least Basic
1366,Belgium,BE,IND_TOTAL,I_DSK2_PS_BAB,2021,93.73,Problem Solving,At Least Basic
1367,Bulgaria,BG,IND_TOTAL,I_DSK2_PS_BAB,2021,64.19,Problem Solving,At Least Basic
1368,Switzerland,CH,IND_TOTAL,I_DSK2_PS_BAB,2021,93.96,Problem Solving,At Least Basic
1369,Cyprus,CY,IND_TOTAL,I_DSK2_PS_BAB,2021,82.64,Problem Solving,At Least Basic
1370,Czechia,CZ,IND_TOTAL,I_DSK2_PS_BAB,2021,94.74,Problem Solving,At Least Basic
1371,Germany,DE,IND_TOTAL,I_DSK2_PS_BAB,2021,89.89,Problem Solving,At Least Basic
1372,Denmark,DK,IND_TOTAL,I_DSK2_PS_BAB,2021,98.57,Problem Solving,At Least Basic
1373,Estonia,EE,IND_TOTAL,I_DSK2_PS_BAB,2021,95.29,Problem Solving,At Least Basic
1374,Greece,EL,IND_TOTAL,I_DSK2_PS_BAB,2021,84.97,Problem Solving,At Least Basic
1375,Spain,ES,IND_TOTAL,I_DSK2_PS_BAB,2021,90.47,Problem Solving,At Least Basic
1376,Finland,FI,IND_TOTAL,I_DSK2_PS_BAB,2021,98.72,Problem Solving,At Least Basic
1377,France,FR,IND_TOTAL,I_DSK2_PS_BAB,2021,95.46,Problem Solving,At Least Basic
1378,Croatia,HR,IND_TOTAL,I_DSK2_PS_BAB,2021,87.58,Problem Solving,At Least Basic
1379,Hungary,HU,IND_TOTAL,I_DSK2_PS_BAB,2021,86.62,Problem Solving,At Least Basic
1380,Ireland,IE,IND_TOTAL,I_DSK2_PS_BAB,2021,93.75,Problem Solving,At Least Basic
1381,Iceland,IS,IND_TOTAL,I_DSK2_PS_BAB,2021,98.56,Problem Solving,At Least Basic
1382,Italy,IT,IND_TOTAL,I_DSK2_PS_BAB,2021,84.85,Problem Solving,At Least Basic
1383,Lithuania,LT,IND_TOTAL,I_DSK2_PS_BAB,2021,89.15,Problem Solving,At Least Basic
1384,Luxembourg,LU,IND_TOTAL,I_DSK2_PS_BAB,2021,94.33,Problem Solving,At Least Basic
1385,Latvia,LV,IND_TOTAL,I_DSK2_PS_BAB,2021,93.77,Problem Solving,At Least Basic
1386,Montenegro,ME,IND_TOTAL,I_DSK2_PS_BAB,2021,84.01,Problem Solving,At Least Basic
1387,North Macedonia,MK,IND_TOTAL,I_DSK2_PS_BAB,2021,68.07,Problem Solving,At Least Basic
1388,Malta,MT,IND_TOTAL,I_DSK2_PS_BAB,2021,91.19,Problem Solving,At Least Basic
1389,Netherlands,NL,IND_TOTAL,I_DSK2_PS_BAB,2021,99.01,Problem Solving,At Least Basic
1390,Norway,NO,IND_TOTAL,I_DSK2_PS_BAB,2021,99.07,Problem Solving,At Least Basic
1391,Poland,PL,IND_TOTAL,I_DSK2_PS_BAB,2021,85.48,Problem Solving,At Least Basic
1392,Portugal,PT,IND_TOTAL,I_DSK2_PS_BAB,2021,83.46,Problem Solving,At Least Basic
1393,Romania,RO,IND_TOTAL,I_DSK2_PS_BAB,2021,60.73,Problem Solving,At Least Basic
1394,Serbia,RS,IND_TOTAL,I_DSK2_PS_BAB,2021,80.23,Problem Solving,At Least Basic
1395,Sweden,SE,IND_TOTAL,I_DSK2_PS_BAB,2021,97.85,Problem Solving,At Least Basic
1396,Slovenia,SI,IND_TOTAL,I_DSK2_PS_BAB,2021,90.56,Problem Solving,At Least Basic
1397,Slovakia,SK,IND_TOTAL,I_DSK2_PS_BAB,2021,90.21,Problem Solving,At Least Basic
1398,Türkiye,TR,IND_TOTAL,I_DSK2_PS_BAB,2021,76.15,Problem Solving,At Least Basic
1399,Albania,AL,IND_TOTAL,I_DSK2_SF_AB,2021,14.89,Safety,Above Basic
1400,Austria,AT,IND_TOTAL,I_DSK2_SF_AB,2021,52.23,Safety,Above Basic
1401,Bosnia and Herzegovina,BA,IND_TOTAL,I_DSK2_SF_AB,2021,14.38,Safety,Above Basic
1402,Belgium,BE,IND_TOTAL,I_DSK2_SF_AB,2021,39.0,Safety,Above Basic
1403,Bulgaria,BG,IND_TOTAL,I_DSK2_SF_AB,2021,17.74,Safety,Above Basic
1404,Switzerland,CH,IND_TOTAL,I_DSK2_SF_AB,2021,65.11,Safety,Above Basic
1405,Cyprus,CY,IND_TOTAL,I_DSK2_SF_AB,2021,39.87,Safety,Above Basic
1406,Czechia,CZ,IND_TOTAL,I_DSK2_SF_AB,2021,43.15,Safety,Above Basic
1407,Germany,DE,IND_TOTAL,I_DSK2_SF_AB,2021,39.28,Safety,Above Basic
1408,Denmark,DK,IND_TOTAL,I_DSK2_SF_AB,2021,58.23,Safety,Above Basic
1409,Estonia,EE,IND_TOTAL,I_DSK2_SF_AB,2021,42.25,Safety,Above Basic
1410,Greece,EL,IND_TOTAL,I_DSK2_SF_AB,2021,35.75,Safety,Above Basic
1411,Spain,ES,IND_TOTAL,I_DSK2_SF_AB,2021,59.08,Safety,Above Basic
1412,Finland,FI,IND_TOTAL,I_DSK2_SF_AB,2021,66.35,Safety,Above Basic
1413,France,FR,IND_TOTAL,I_DSK2_SF_AB,2021,49.99,Safety,Above Basic
1414,Croatia,HR,IND_TOTAL,I_DSK2_SF_AB,2021,45.4,Safety,Above Basic
1415,Hungary,HU,IND_TOTAL,I_DSK2_SF_AB,2021,36.05,Safety,Above Basic
1416,Ireland,IE,IND_TOTAL,I_DSK2_SF_AB,2021,56.32,Safety,Above Basic
1417,Iceland,IS,IND_TOTAL,I_DSK2_SF_AB,2021,55.63,Safety,Above Basic
1418,Italy,IT,IND_TOTAL,I_DSK2_SF_AB,2021,35.95,Safety,Above Basic
1419,Lithuania,LT,IND_TOTAL,I_DSK2_SF_AB,2021,33.89,Safety,Above Basic
1420,Luxembourg,LU,IND_TOTAL,I_DSK2_SF_AB,2021,45.33,Safety,Above Basic
1421,Latvia,LV,IND_TOTAL,I_DSK2_SF_AB,2021,39.95,Safety,Above Basic
1422,Montenegro,ME,IND_TOTAL,I_DSK2_SF_AB,2021,28.98,Safety,Above Basic
1423,North Macedonia,MK,IND_TOTAL,I_DSK2_SF_AB,2021,28.64,Safety,Above Basic
1424,Malta,MT,IND_TOTAL,I_DSK2_SF_AB,2021,52.2,Safety,Above Basic
1425,Netherlands,NL,IND_TOTAL,I_DSK2_SF_AB,2021,71.51,Safety,Above Basic
1426,Norway,NO,IND_TOTAL,I_DSK2_SF_AB,2021,56.82,Safety,Above Basic
1427,Poland,PL,IND_TOTAL,I_DSK2_SF_AB,2021,33.92,Safety,Above Basic
1428,Portugal,PT,IND_TOTAL,I_DSK2_SF_AB,2021,55.59,Safety,Above Basic
1429,Romania,RO,IND_TOTAL,I_DSK2_SF_AB,2021,21.61,Safety,Above Basic
1430,Serbia,RS,IND_TOTAL,I_DSK2_SF_AB,2021,23.29,Safety,Above Basic
1431,Sweden,SE,IND_TOTAL,I_DSK2_SF_AB,2021,48.21,Safety,Above Basic
1432,Slovenia,SI,IND_TOTAL,I_DSK2_SF_AB,2021,28.46,Safety,Above Basic
1433,Slovakia,SK,IND_TOTAL,I_DSK2_SF_AB,2021,31.24,Safety,Above Basic
1434,Türkiye,TR,IND_TOTAL,I_DSK2_SF_AB,2021,27.75,Safety,Above Basic
1435,Albania,AL,IND_TOTAL,I_DSK2_SF_AB,2021,18.75,Safety,Above Basic
1436,Austria,AT,IND_TOTAL,I_DSK2_SF_AB,2021,56.45,Safety,Above Basic
1437,Bosnia and Herzegovina,BA,IND_TOTAL,I_DSK2_SF_AB,2021,19.0,Safety,Above Basic
1438,Belgium,BE,IND_TOTAL,I_DSK2_SF_AB,2021,42.03,Safety,Above Basic
1439,Bulgaria,BG,IND_TOTAL,I_DSK2_SF_AB,2021,23.57,Safety,Above Basic
1440,Switzerland,CH,IND_TOTAL,I_DSK2_SF_AB,2021,66.34,Safety,Above Basic
1441,Cyprus,CY,IND_TOTAL,I_DSK2_SF_AB,2021,43.92,Safety,Above Basic
1442,Czechia,CZ,IND_TOTAL,I_DSK2_SF_AB,2021,48.56,Safety,Above Basic
1443,Germany,DE,IND_TOTAL,I_DSK2_SF_AB,2021,42.96,Safety,Above Basic
1444,Denmark,DK,IND_TOTAL,I_DSK2_SF_AB,2021,58.88,Safety,Above Basic
1445,Estonia,EE,IND_TOTAL,I_DSK2_SF_AB,2021,46.44,Safety,Above Basic
1446,Greece,EL,IND_TOTAL,I_DSK2_SF_AB,2021,45.55,Safety,Above Basic
1447,Spain,ES,IND_TOTAL,I_DSK2_SF_AB,2021,62.92,Safety,Above Basic
1448,Finland,FI,IND_TOTAL,I_DSK2_SF_AB,2021,68.61,Safety,Above Basic
1449,France,FR,IND_TOTAL,I_DSK2_SF_AB,2021,54.6,Safety,Above Basic
1450,Croatia,HR,IND_TOTAL,I_DSK2_SF_AB,2021,55.88,Safety,Above Basic
1451,Hungary,HU,IND_TOTAL,I_DSK2_SF_AB,2021,40.67,Safety,Above Basic
1452,Ireland,IE,IND_TOTAL,I_DSK2_SF_AB,2021,56.93,Safety,Above Basic
1453,Iceland,IS,IND_TOTAL,I_DSK2_SF_AB,2021,55.94,Safety,Above Basic
1454,Italy,IT,IND_TOTAL,I_DSK2_SF_AB,2021,44.06,Safety,Above Basic
1455,Lithuania,LT,IND_TOTAL,I_DSK2_SF_AB,2021,38.99,Safety,Above Basic
1456,Luxembourg,LU,IND_TOTAL,I_DSK2_SF_AB,2021,45.95,Safety,Above Basic
1457,Latvia,LV,IND_TOTAL,I_DSK2_SF_AB,2021,43.76,Safety,Above Basic
1458,Montenegro,ME,IND_TOTAL,I_DSK2_SF_AB,2021,35.24,Safety,Above Basic
1459,North Macedonia,MK,IND_TOTAL,I_DSK2_SF_AB,2021,33.15,Safety,Above Basic
1460,Malta,MT,IND_TOTAL,I_DSK2_SF_AB,2021,59.67,Safety,Above Basic
1461,Netherlands,NL,IND_TOTAL,I_DSK2_SF_AB,2021,75.66,Safety,Above Basic
1462,Norway,NO,IND_TOTAL,I_DSK2_SF_AB,2021,57.15,Safety,Above Basic
1463,Poland,PL,IND_TOTAL,I_DSK2_SF_AB,2021,39.73,Safety,Above Basic
1464,Portugal,PT,IND_TOTAL,I_DSK2_SF_AB,2021,67.53,Safety,Above Basic
1465,Romania,RO,IND_TOTAL,I_DSK2_SF_AB,2021,25.85,Safety,Above Basic
1466,Serbia,RS,IND_TOTAL,I_DSK2_SF_AB,2021,28.69,Safety,Above Basic
1467,Sweden,SE,IND_TOTAL,I_DSK2_SF_AB,2021,49.82,Safety,Above Basic
1468,Slovenia,SI,IND_TOTAL,I_DSK2_SF_AB,2021,31.98,Safety,Above Basic
1469,Slovakia,SK,IND_TOTAL,I_DSK2_SF_AB,2021,35.13,Safety,Above Basic
1470,Türkiye,TR,IND_TOTAL,I_DSK2_SF_AB,2021,34.08,Safety,Above Basic
1471,Albania,AL,IND_TOTAL,I_DSK2_SF_B,2021,39.11,Safety,Basic
1472,Austria,AT,IND_TOTAL,I_DSK2_SF_B,2021,25.59,Safety,Basic
1473,Bosnia and Herzegovina,BA,IND_TOTAL,I_DSK2_SF_B,2021,31.61,Safety,Basic
1474,Belgium,BE,IND_TOTAL,I_DSK2_SF_B,2021,25.91,Safety,Basic
1475,Bulgaria,BG,IND_TOTAL,I_DSK2_SF_B,2021,30.72,Safety,Basic
1476,Switzerland,CH,IND_TOTAL,I_DSK2_SF_B,2021,22.25,Safety,Basic
1477,Cyprus,CY,IND_TOTAL,I_DSK2_SF_B,2021,28.62,Safety,Basic
1478,Czechia,CZ,IND_TOTAL,I_DSK2_SF_B,2021,31.35,Safety,Basic
1479,Germany,DE,IND_TOTAL,I_DSK2_SF_B,2021,29.25,Safety,Basic
1480,Denmark,DK,IND_TOTAL,I_DSK2_SF_B,2021,25.94,Safety,Basic
1481,Estonia,EE,IND_TOTAL,I_DSK2_SF_B,2021,25.92,Safety,Basic
1482,Greece,EL,IND_TOTAL,I_DSK2_SF_B,2021,24.65,Safety,Basic
1483,Spain,ES,IND_TOTAL,I_DSK2_SF_B,2021,17.98,Safety,Basic
1484,Finland,FI,IND_TOTAL,I_DSK2_SF_B,2021,23.35,Safety,Basic
1485,France,FR,IND_TOTAL,I_DSK2_SF_B,2021,23.97,Safety,Basic
1486,Croatia,HR,IND_TOTAL,I_DSK2_SF_B,2021,23.65,Safety,Basic
1487,Hungary,HU,IND_TOTAL,I_DSK2_SF_B,2021,30.94,Safety,Basic
1488,Ireland,IE,IND_TOTAL,I_DSK2_SF_B,2021,23.58,Safety,Basic
1489,Iceland,IS,IND_TOTAL,I_DSK2_SF_B,2021,33.37,Safety,Basic
1490,Italy,IT,IND_TOTAL,I_DSK2_SF_B,2021,23.85,Safety,Basic
1491,Lithuania,LT,IND_TOTAL,I_DSK2_SF_B,2021,24.51,Safety,Basic
1492,Luxembourg,LU,IND_TOTAL,I_DSK2_SF_B,2021,34.01,Safety,Basic
1493,Latvia,LV,IND_TOTAL,I_DSK2_SF_B,2021,23.37,Safety,Basic
1494,Montenegro,ME,IND_TOTAL,I_DSK2_SF_B,2021,29.35,Safety,Basic
1495,North Macedonia,MK,IND_TOTAL,I_DSK2_SF_B,2021,32.72,Safety,Basic
1496,Malta,MT,IND_TOTAL,I_DSK2_SF_B,2021,20.77,Safety,Basic
1497,Netherlands,NL,IND_TOTAL,I_DSK2_SF_B,2021,15.53,Safety,Basic
1498,Norway,NO,IND_TOTAL,I_DSK2_SF_B,2021,30.39,Safety,Basic
1499,Poland,PL,IND_TOTAL,I_DSK2_SF_B,2021,19.64,Safety,Basic
1500,Portugal,PT,IND_TOTAL,I_DSK2_SF_B,2021,16.35,Safety,Basic
1501,Romania,RO,IND_TOTAL,I_DSK2_SF_B,2021,26.34,Safety,Basic
1502,Serbia,RS,IND_TOTAL,I_DSK2_SF_B,2021,23.07,Safety,Basic
1503,Sweden,SE,IND_TOTAL,I_DSK2_SF_B,2021,29.61,Safety,Basic
1504,Slovenia,SI,IND_TOTAL,I_DSK2_SF_B,2021,30.24,Safety,Basic
1505,Slovakia,SK,IND_TOTAL,I_DSK2_SF_B,2021,32.69,Safety,Basic
1506,Türkiye,TR,IND_TOTAL,I_DSK2_SF_B,2021,21.15,Safety,Basic
1507,Albania,AL,IND_TOTAL,I_DSK2_SF_B,2021,49.27,Safety,Basic
1508,Austria,AT,IND_TOTAL,I_DSK2_SF_B,2021,27.65,Safety,Basic
1509,Bosnia and Herzegovina,BA,IND_TOTAL,I_DSK2_SF_B,2021,41.77,Safety,Basic
1510,Belgium,BE,IND_TOTAL,I_DSK2_SF_B,2021,27.92,Safety,Basic
1511,Bulgaria,BG,IND_TOTAL,I_DSK2_SF_B,2021,40.81,Safety,Basic
1512,Switzerland,CH,IND_TOTAL,I_DSK2_SF_B,2021,22.67,Safety,Basic
1513,Cyprus,CY,IND_TOTAL,I_DSK2_SF_B,2021,31.53,Safety,Basic
1514,Czechia,CZ,IND_TOTAL,I_DSK2_SF_B,2021,35.28,Safety,Basic
1515,Germany,DE,IND_TOTAL,I_DSK2_SF_B,2021,31.99,Safety,Basic
1516,Denmark,DK,IND_TOTAL,I_DSK2_SF_B,2021,26.23,Safety,Basic
1517,Estonia,EE,IND_TOTAL,I_DSK2_SF_B,2021,28.49,Safety,Basic
1518,Greece,EL,IND_TOTAL,I_DSK2_SF_B,2021,31.41,Safety,Basic
1519,Spain,ES,IND_TOTAL,I_DSK2_SF_B,2021,19.15,Safety,Basic
1520,Finland,FI,IND_TOTAL,I_DSK2_SF_B,2021,24.14,Safety,Basic
1521,France,FR,IND_TOTAL,I_DSK2_SF_B,2021,26.18,Safety,Basic
1522,Croatia,HR,IND_TOTAL,I_DSK2_SF_B,2021,29.1,Safety,Basic
1523,Hungary,HU,IND_TOTAL,I_DSK2_SF_B,2021,34.9,Safety,Basic
1524,Ireland,IE,IND_TOTAL,I_DSK2_SF_B,2021,23.84,Safety,Basic
1525,Iceland,IS,IND_TOTAL,I_DSK2_SF_B,2021,33.56,Safety,Basic
1526,Italy,IT,IND_TOTAL,I_DSK2_SF_B,2021,29.24,Safety,Basic
1527,Lithuania,LT,IND_TOTAL,I_DSK2_SF_B,2021,28.19,Safety,Basic
1528,Luxembourg,LU,IND_TOTAL,I_DSK2_SF_B,2021,34.48,Safety,Basic
1529,Latvia,LV,IND_TOTAL,I_DSK2_SF_B,2021,25.6,Safety,Basic
1530,Montenegro,ME,IND_TOTAL,I_DSK2_SF_B,2021,35.7,Safety,Basic
1531,North Macedonia,MK,IND_TOTAL,I_DSK2_SF_B,2021,37.88,Safety,Basic
1532,Malta,MT,IND_TOTAL,I_DSK2_SF_B,2021,23.75,Safety,Basic
1533,Netherlands,NL,IND_TOTAL,I_DSK2_SF_B,2021,16.43,Safety,Basic
1534,Norway,NO,IND_TOTAL,I_DSK2_SF_B,2021,30.57,Safety,Basic
1535,Poland,PL,IND_TOTAL,I_DSK2_SF_B,2021,23.0,Safety,Basic
1536,Portugal,PT,IND_TOTAL,I_DSK2_SF_B,2021,19.86,Safety,Basic
1537,Romania,RO,IND_TOTAL,I_DSK2_SF_B,2021,31.51,Safety,Basic
1538,Serbia,RS,IND_TOTAL,I_DSK2_SF_B,2021,28.43,Safety,Basic
1539,Sweden,SE,IND_TOTAL,I_DSK2_SF_B,2021,30.6,Safety,Basic
1540,Slovenia,SI,IND_TOTAL,I_DSK2_SF_B,2021,33.97,Safety,Basic
1541,Slovakia,SK,IND_TOTAL,I_DSK2_SF_B,2021,36.76,Safety,Basic
1542,Türkiye,TR,IND_TOTAL,I_DSK2_SF_B,2021,25.98,Safety,Basic
1543,Albania,AL,IND_TOTAL,I_DSK2_SF_BAB,2021,53.99,Safety,At Least Basic
1544,Austria,AT,IND_TOTAL,I_DSK2_SF_BAB,2021,77.82,Safety,At Least Basic
1545,Bosnia and Herzegovina,BA,IND_TOTAL,I_DSK2_SF_BAB,2021,45.99,Safety,At Least Basic
1546,Belgium,BE,IND_TOTAL,I_DSK2_SF_BAB,2021,64.91,Safety,At Least Basic
1547,Bulgaria,BG,IND_TOTAL,I_DSK2_SF_BAB,2021,48.46,Safety,At Least Basic
1548,Switzerland,CH,IND_TOTAL,I_DSK2_SF_BAB,2021,87.36,Safety,At Least Basic
1549,Cyprus,CY,IND_TOTAL,I_DSK2_SF_BAB,2021,68.49,Safety,At Least Basic
1550,Czechia,CZ,IND_TOTAL,I_DSK2_SF_BAB,2021,74.5,Safety,At Least Basic
1551,Germany,DE,IND_TOTAL,I_DSK2_SF_BAB,2021,68.53,Safety,At Least Basic
1552,Denmark,DK,IND_TOTAL,I_DSK2_SF_BAB,2021,84.17,Safety,At Least Basic
1553,Estonia,EE,IND_TOTAL,I_DSK2_SF_BAB,2021,68.17,Safety,At Least Basic
1554,Greece,EL,IND_TOTAL,I_DSK2_SF_BAB,2021,60.41,Safety,At Least Basic
1555,Spain,ES,IND_TOTAL,I_DSK2_SF_BAB,2021,77.06,Safety,At Least Basic
1556,Finland,FI,IND_TOTAL,I_DSK2_SF_BAB,2021,89.7,Safety,At Least Basic
1557,France,FR,IND_TOTAL,I_DSK2_SF_BAB,2021,73.96,Safety,At Least Basic
1558,Croatia,HR,IND_TOTAL,I_DSK2_SF_BAB,2021,69.05,Safety,At Least Basic
1559,Hungary,HU,IND_TOTAL,I_DSK2_SF_BAB,2021,66.99,Safety,At Least Basic
1560,Ireland,IE,IND_TOTAL,I_DSK2_SF_BAB,2021,79.9,Safety,At Least Basic
1561,Iceland,IS,IND_TOTAL,I_DSK2_SF_BAB,2021,89.0,Safety,At Least Basic
1562,Italy,IT,IND_TOTAL,I_DSK2_SF_BAB,2021,59.8,Safety,At Least Basic
1563,Lithuania,LT,IND_TOTAL,I_DSK2_SF_BAB,2021,58.4,Safety,At Least Basic
1564,Luxembourg,LU,IND_TOTAL,I_DSK2_SF_BAB,2021,79.35,Safety,At Least Basic
1565,Latvia,LV,IND_TOTAL,I_DSK2_SF_BAB,2021,63.32,Safety,At Least Basic
1566,Montenegro,ME,IND_TOTAL,I_DSK2_SF_BAB,2021,58.33,Safety,At Least Basic
1567,North Macedonia,MK,IND_TOTAL,I_DSK2_SF_BAB,2021,61.36,Safety,At Least Basic
1568,Malta,MT,IND_TOTAL,I_DSK2_SF_BAB,2021,72.97,Safety,At Least Basic
1569,Netherlands,NL,IND_TOTAL,I_DSK2_SF_BAB,2021,87.04,Safety,At Least Basic
1570,Norway,NO,IND_TOTAL,I_DSK2_SF_BAB,2021,87.21,Safety,At Least Basic
1571,Poland,PL,IND_TOTAL,I_DSK2_SF_BAB,2021,53.56,Safety,At Least Basic
1572,Portugal,PT,IND_TOTAL,I_DSK2_SF_BAB,2021,71.94,Safety,At Least Basic
1573,Romania,RO,IND_TOTAL,I_DSK2_SF_BAB,2021,47.95,Safety,At Least Basic
1574,Serbia,RS,IND_TOTAL,I_DSK2_SF_BAB,2021,46.36,Safety,At Least Basic
1575,Sweden,SE,IND_TOTAL,I_DSK2_SF_BAB,2021,77.82,Safety,At Least Basic
1576,Slovenia,SI,IND_TOTAL,I_DSK2_SF_BAB,2021,58.7,Safety,At Least Basic
1577,Slovakia,SK,IND_TOTAL,I_DSK2_SF_BAB,2021,63.93,Safety,At Least Basic
1578,Türkiye,TR,IND_TOTAL,I_DSK2_SF_BAB,2021,48.89,Safety,At Least Basic
1579,Albania,AL,IND_TOTAL,I_DSK2_SF_BAB,2021,68.02,Safety,At Least Basic
1580,Austria,AT,IND_TOTAL,I_DSK2_SF_BAB,2021,84.11,Safety,At Least Basic
1581,Bosnia and Herzegovina,BA,IND_TOTAL,I_DSK2_SF_BAB,2021,60.77,Safety,At Least Basic
1582,Belgium,BE,IND_TOTAL,I_DSK2_SF_BAB,2021,69.95,Safety,At Least Basic
1583,Bulgaria,BG,IND_TOTAL,I_DSK2_SF_BAB,2021,64.38,Safety,At Least Basic
1584,Switzerland,CH,IND_TOTAL,I_DSK2_SF_BAB,2021,89.01,Safety,At Least Basic
1585,Cyprus,CY,IND_TOTAL,I_DSK2_SF_BAB,2021,75.46,Safety,At Least Basic
1586,Czechia,CZ,IND_TOTAL,I_DSK2_SF_BAB,2021,83.84,Safety,At Least Basic
1587,Germany,DE,IND_TOTAL,I_DSK2_SF_BAB,2021,74.95,Safety,At Least Basic
1588,Denmark,DK,IND_TOTAL,I_DSK2_SF_BAB,2021,85.12,Safety,At Least Basic
1589,Estonia,EE,IND_TOTAL,I_DSK2_SF_BAB,2021,74.92,Safety,At Least Basic
1590,Greece,EL,IND_TOTAL,I_DSK2_SF_BAB,2021,76.96,Safety,At Least Basic
1591,Spain,ES,IND_TOTAL,I_DSK2_SF_BAB,2021,82.07,Safety,At Least Basic
1592,Finland,FI,IND_TOTAL,I_DSK2_SF_BAB,2021,92.76,Safety,At Least Basic
1593,France,FR,IND_TOTAL,I_DSK2_SF_BAB,2021,80.78,Safety,At Least Basic
1594,Croatia,HR,IND_TOTAL,I_DSK2_SF_BAB,2021,84.98,Safety,At Least Basic
1595,Hungary,HU,IND_TOTAL,I_DSK2_SF_BAB,2021,75.58,Safety,At Least Basic
1596,Ireland,IE,IND_TOTAL,I_DSK2_SF_BAB,2021,80.76,Safety,At Least Basic
1597,Iceland,IS,IND_TOTAL,I_DSK2_SF_BAB,2021,89.5,Safety,At Least Basic
1598,Italy,IT,IND_TOTAL,I_DSK2_SF_BAB,2021,73.29,Safety,At Least Basic
1599,Lithuania,LT,IND_TOTAL,I_DSK2_SF_BAB,2021,67.18,Safety,At Least Basic
1600,Luxembourg,LU,IND_TOTAL,I_DSK2_SF_BAB,2021,80.42,Safety,At Least Basic
1601,Latvia,LV,IND_TOTAL,I_DSK2_SF_BAB,2021,69.36,Safety,At Least Basic
1602,Montenegro,ME,IND_TOTAL,I_DSK2_SF_BAB,2021,70.94,Safety,At Least Basic
1603,North Macedonia,MK,IND_TOTAL,I_DSK2_SF_BAB,2021,71.02,Safety,At Least Basic
1604,Malta,MT,IND_TOTAL,I_DSK2_SF_BAB,2021,83.42,Safety,At Least Basic
1605,Netherlands,NL,IND_TOTAL,I_DSK2_SF_BAB,2021,92.1,Safety,At Least Basic
1606,Norway,NO,IND_TOTAL,I_DSK2_SF_BAB,2021,87.71,Safety,At Least Basic
1607,Poland,PL,IND_TOTAL,I_DSK2_SF_BAB,2021,62.73,Safety,At Least Basic
1608,Portugal,PT,IND_TOTAL,I_DSK2_SF_BAB,2021,87.4,Safety,At Least Basic
1609,Romania,RO,IND_TOTAL,I_DSK2_SF_BAB,2021,57.36,Safety,At Least Basic
1610,Serbia,RS,IND_TOTAL,I_DSK2_SF_BAB,2021,57.12,Safety,At Least Basic
1611,Sweden,SE,IND_TOTAL,I_DSK2_SF_BAB,2021,80.43,Safety,At Least Basic
1612,Slovenia,SI,IND_TOTAL,I_DSK2_SF_BAB,2021,65.95,Safety,At Least Basic
1613,Slovakia,SK,IND_TOTAL,I_DSK2_SF_BAB,2021,71.89,Safety,At Least Basic
1614,Türkiye,TR,IND_TOTAL,I_DSK2_SF_BAB,2021,60.06,Safety,At Least Basic
1615,Albania,AL,IND_TOTAL,I_DSK2_X,2021,6.96,Overall Digital Skills,No Skills
1616,Austria,AT,IND_TOTAL,I_DSK2_X,2021,2.05,Overall Digital Skills,No Skills
1617,Bosnia and Herzegovina,BA,IND_TOTAL,I_DSK2_X,2021,2.16,Overall Digital Skills,No Skills
1618,Belgium,BE,IND_TOTAL,I_DSK2_X,2021,3.01,Overall Digital Skills,No Skills
1619,Bulgaria,BG,IND_TOTAL,I_DSK2_X,2021,6.16,Overall Digital Skills,No Skills
1620,Switzerland,CH,IND_TOTAL,I_DSK2_X,2021,1.36,Overall Digital Skills,No Skills
1621,Cyprus,CY,IND_TOTAL,I_DSK2_X,2021,2.92,Overall Digital Skills,No Skills
1622,Czechia,CZ,IND_TOTAL,I_DSK2_X,2021,0.96,Overall Digital Skills,No Skills
1623,Germany,DE,IND_TOTAL,I_DSK2_X,2021,3.58,Overall Digital Skills,No Skills
1624,Denmark,DK,IND_TOTAL,I_DSK2_X,2021,0.89,Overall Digital Skills,No Skills
1625,Estonia,EE,IND_TOTAL,I_DSK2_X,2021,2.28,Overall Digital Skills,No Skills
1626,Greece,EL,IND_TOTAL,I_DSK2_X,2021,2.07,Overall Digital Skills,No Skills
1627,Spain,ES,IND_TOTAL,I_DSK2_X,2021,2.39,Overall Digital Skills,No Skills
1628,Finland,FI,IND_TOTAL,I_DSK2_X,2021,0.33,Overall Digital Skills,No Skills
1629,France,FR,IND_TOTAL,I_DSK2_X,2021,1.32,Overall Digital Skills,No Skills
1630,Croatia,HR,IND_TOTAL,I_DSK2_X,2021,0.1,Overall Digital Skills,No Skills
1631,Hungary,HU,IND_TOTAL,I_DSK2_X,2021,2.14,Overall Digital Skills,No Skills
1632,Ireland,IE,IND_TOTAL,I_DSK2_X,2021,1.85,Overall Digital Skills,No Skills
1633,Iceland,IS,IND_TOTAL,I_DSK2_X,2021,0.68,Overall Digital Skills,No Skills
1634,Italy,IT,IND_TOTAL,I_DSK2_X,2021,3.69,Overall Digital Skills,No Skills
1635,Lithuania,LT,IND_TOTAL,I_DSK2_X,2021,3.23,Overall Digital Skills,No Skills
1636,Luxembourg,LU,IND_TOTAL,I_DSK2_X,2021,1.44,Overall Digital Skills,No Skills
1637,Latvia,LV,IND_TOTAL,I_DSK2_X,2021,2.37,Overall Digital Skills,No Skills
1638,Montenegro,ME,IND_TOTAL,I_DSK2_X,2021,0.0,Overall Digital Skills,No Skills
1639,North Macedonia,MK,IND_TOTAL,I_DSK2_X,2021,5.85,Overall Digital Skills,No Skills
1640,Malta,MT,IND_TOTAL,I_DSK2_X,2021,1.46,Overall Digital Skills,No Skills
1641,Netherlands,NL,IND_TOTAL,I_DSK2_X,2021,0.32,Overall Digital Skills,No Skills
1642,Norway,NO,IND_TOTAL,I_DSK2_X,2021,0.49,Overall Digital Skills,No Skills
1643,Poland,PL,IND_TOTAL,I_DSK2_X,2021,4.88,Overall Digital Skills,No Skills
1644,Portugal,PT,IND_TOTAL,I_DSK2_X,2021,2.6,Overall Digital Skills,No Skills
1645,Romania,RO,IND_TOTAL,I_DSK2_X,2021,10.13,Overall Digital Skills,No Skills
1646,Serbia,RS,IND_TOTAL,I_DSK2_X,2021,4.08,Overall Digital Skills,No Skills
1647,Sweden,SE,IND_TOTAL,I_DSK2_X,2021,1.53,Overall Digital Skills,No Skills
1648,Slovenia,SI,IND_TOTAL,I_DSK2_X,2021,2.84,Overall Digital Skills,No Skills
1649,Slovakia,SK,IND_TOTAL,I_DSK2_X,2021,2.26,Overall Digital Skills,No Skills
1650,Türkiye,TR,IND_TOTAL,I_DSK2_X,2021,7.32,Overall Digital Skills,No Skills
1651,Albania,AL,IND_TOTAL,I_DSK2_X,2021,8.77,Overall Digital Skills,No Skills
1652,Austria,AT,IND_TOTAL,I_DSK2_X,2021,2.22,Overall Digital Skills,No Skills
1653,Bosnia and Herzegovina,BA,IND_TOTAL,I_DSK2_X,2021,2.85,Overall Digital Skills,No Skills
1654,Belgium,BE,IND_TOTAL,I_DSK2_X,2021,3.24,Overall Digital Skills,No Skills
1655,Bulgaria,BG,IND_TOTAL,I_DSK2_X,2021,8.19,Overall Digital Skills,No Skills
1656,Switzerland,CH,IND_TOTAL,I_DSK2_X,2021,1.38,Overall Digital Skills,No Skills
1657,Cyprus,CY,IND_TOTAL,I_DSK2_X,2021,3.22,Overall Digital Skills,No Skills
1658,Czechia,CZ,IND_TOTAL,I_DSK2_X,2021,1.08,Overall Digital Skills,No Skills
1659,Germany,DE,IND_TOTAL,I_DSK2_X,2021,3.92,Overall Digital Skills,No Skills
1660,Denmark,DK,IND_TOTAL,I_DSK2_X,2021,0.9,Overall Digital Skills,No Skills
1661,Estonia,EE,IND_TOTAL,I_DSK2_X,2021,2.51,Overall Digital Skills,No Skills
1662,Greece,EL,IND_TOTAL,I_DSK2_X,2021,2.63,Overall Digital Skills,No Skills
1663,Spain,ES,IND_TOTAL,I_DSK2_X,2021,2.54,Overall Digital Skills,No Skills
1664,Finland,FI,IND_TOTAL,I_DSK2_X,2021,0.34,Overall Digital Skills,No Skills
1665,France,FR,IND_TOTAL,I_DSK2_X,2021,1.44,Overall Digital Skills,No Skills
1666,Croatia,HR,IND_TOTAL,I_DSK2_X,2021,0.12,Overall Digital Skills,No Skills
1667,Hungary,HU,IND_TOTAL,I_DSK2_X,2021,2.41,Overall Digital Skills,No Skills
1668,Ireland,IE,IND_TOTAL,I_DSK2_X,2021,1.86,Overall Digital Skills,No Skills
1669,Italy,IT,IND_TOTAL,I_DSK2_X,2021,4.52,Overall Digital Skills,No Skills
1670,Lithuania,LT,IND_TOTAL,I_DSK2_X,2021,3.72,Overall Digital Skills,No Skills
1671,Luxembourg,LU,IND_TOTAL,I_DSK2_X,2021,1.46,Overall Digital Skills,No Skills
1672,Latvia,LV,IND_TOTAL,I_DSK2_X,2021,2.59,Overall Digital Skills,No Skills
1673,North Macedonia,MK,IND_TOTAL,I_DSK2_X,2021,6.77,Overall Digital Skills,No Skills
1674,Malta,MT,IND_TOTAL,I_DSK2_X,2021,1.66,Overall Digital Skills,No Skills
1675,Netherlands,NL,IND_TOTAL,I_DSK2_X,2021,0.34,Overall Digital Skills,No Skills
1676,Norway,NO,IND_TOTAL,I_DSK2_X,2021,0.5,Overall Digital Skills,No Skills
1677,Poland,PL,IND_TOTAL,I_DSK2_X,2021,5.71,Overall Digital Skills,No Skills
1678,Portugal,PT,IND_TOTAL,I_DSK2_X,2021,3.16,Overall Digital Skills,No Skills
1679,Romania,RO,IND_TOTAL,I_DSK2_X,2021,12.12,Overall Digital Skills,No Skills
1680,Serbia,RS,IND_TOTAL,I_DSK2_X,2021,5.02,Overall Digital Skills,No Skills
1681,Sweden,SE,IND_TOTAL,I_DSK2_X,2021,1.59,Overall Digital Skills,No Skills
1682,Slovenia,SI,IND_TOTAL,I_DSK2_X,2021,3.2,Overall Digital Skills,No Skills
1683,Slovakia,SK,IND_TOTAL,I_DSK2_X,2021,2.54,Overall Digital Skills,No Skills
1684,Türkiye,TR,IND_TOTAL,I_DSK2_X,2021,8.99,Overall Digital Skills,No Skills
1685,Albania,AL,IND_TOTAL,I_DSK2_AB,2023,7.77,Overall Digital Skills,Above Basic
1686,Austria,AT,IND_TOTAL,I_DSK2_AB,2023,32.04,Overall Digital Skills,Above Basic
1687,Bosnia and Herzegovina,BA,IND_TOTAL,I_DSK2_AB,2023,6.88,Overall Digital Skills,Above Basic
1688,Belgium,BE,IND_TOTAL,I_DSK2_AB,2023,28.26,Overall Digital Skills,Above Basic
1689,Bulgaria,BG,IND_TOTAL,I_DSK2_AB,2023,7.73,Overall Digital Skills,Above Basic
1690,Switzerland,CH,IND_TOTAL,I_DSK2_AB,2023,42.69,Overall Digital Skills,Above Basic
1691,Cyprus,CY,IND_TOTAL,I_DSK2_AB,2023,24.96,Overall Digital Skills,Above Basic
1692,Czechia,CZ,IND_TOTAL,I_DSK2_AB,2023,35.48,Overall Digital Skills,Above Basic
1693,Germany,DE,IND_TOTAL,I_DSK2_AB,2023,19.79,Overall Digital Skills,Above Basic
1694,Denmark,DK,IND_TOTAL,I_DSK2_AB,2023,39.37,Overall Digital Skills,Above Basic
1695,Estonia,EE,IND_TOTAL,I_DSK2_AB,2023,34.84,Overall Digital Skills,Above Basic
1696,Greece,EL,IND_TOTAL,I_DSK2_AB,2023,20.02,Overall Digital Skills,Above Basic
1697,Spain,ES,IND_TOTAL,I_DSK2_AB,2023,38.65,Overall Digital Skills,Above Basic
1698,Finland,FI,IND_TOTAL,I_DSK2_AB,2023,53.63,Overall Digital Skills,Above Basic
1699,France,FR,IND_TOTAL,I_DSK2_AB,2023,30.62,Overall Digital Skills,Above Basic
1700,Croatia,HR,IND_TOTAL,I_DSK2_AB,2023,25.0,Overall Digital Skills,Above Basic
1701,Hungary,HU,IND_TOTAL,I_DSK2_AB,2023,28.13,Overall Digital Skills,Above Basic
1702,Ireland,IE,IND_TOTAL,I_DSK2_AB,2023,43.82,Overall Digital Skills,Above Basic
1703,Italy,IT,IND_TOTAL,I_DSK2_AB,2023,22.21,Overall Digital Skills,Above Basic
1704,Lithuania,LT,IND_TOTAL,I_DSK2_AB,2023,25.9,Overall Digital Skills,Above Basic
1705,Luxembourg,LU,IND_TOTAL,I_DSK2_AB,2023,27.86,Overall Digital Skills,Above Basic
1706,Latvia,LV,IND_TOTAL,I_DSK2_AB,2023,16.55,Overall Digital Skills,Above Basic
1707,Montenegro,ME,IND_TOTAL,I_DSK2_AB,2023,10.55,Overall Digital Skills,Above Basic
1708,Malta,MT,IND_TOTAL,I_DSK2_AB,2023,36.67,Overall Digital Skills,Above Basic
1709,Netherlands,NL,IND_TOTAL,I_DSK2_AB,2023,54.53,Overall Digital Skills,Above Basic
1710,Norway,NO,IND_TOTAL,I_DSK2_AB,2023,50.71,Overall Digital Skills,Above Basic
1711,Poland,PL,IND_TOTAL,I_DSK2_AB,2023,20.05,Overall Digital Skills,Above Basic
1712,Portugal,PT,IND_TOTAL,I_DSK2_AB,2023,29.93,Overall Digital Skills,Above Basic
1713,Romania,RO,IND_TOTAL,I_DSK2_AB,2023,8.97,Overall Digital Skills,Above Basic
1714,Serbia,RS,IND_TOTAL,I_DSK2_AB,2023,11.32,Overall Digital Skills,Above Basic
1715,Sweden,SE,IND_TOTAL,I_DSK2_AB,2023,36.51,Overall Digital Skills,Above Basic
1716,Slovenia,SI,IND_TOTAL,I_DSK2_AB,2023,18.88,Overall Digital Skills,Above Basic
1717,Slovakia,SK,IND_TOTAL,I_DSK2_AB,2023,21.7,Overall Digital Skills,Above Basic
1718,Türkiye,TR,IND_TOTAL,I_DSK2_AB,2023,10.61,Overall Digital Skills,Above Basic
1719,Albania,AL,IND_TOTAL,I_DSK2_AB,2023,9.35,Overall Digital Skills,Above Basic
1720,Austria,AT,IND_TOTAL,I_DSK2_AB,2023,33.61,Overall Digital Skills,Above Basic
1721,Bosnia and Herzegovina,BA,IND_TOTAL,I_DSK2_AB,2023,8.25,Overall Digital Skills,Above Basic
1722,Belgium,BE,IND_TOTAL,I_DSK2_AB,2023,29.87,Overall Digital Skills,Above Basic
1723,Bulgaria,BG,IND_TOTAL,I_DSK2_AB,2023,9.62,Overall Digital Skills,Above Basic
1724,Switzerland,CH,IND_TOTAL,I_DSK2_AB,2023,43.01,Overall Digital Skills,Above Basic
1725,Cyprus,CY,IND_TOTAL,I_DSK2_AB,2023,27.36,Overall Digital Skills,Above Basic
1726,Czechia,CZ,IND_TOTAL,I_DSK2_AB,2023,38.55,Overall Digital Skills,Above Basic
1727,Germany,DE,IND_TOTAL,I_DSK2_AB,2023,21.4,Overall Digital Skills,Above Basic
1728,Denmark,DK,IND_TOTAL,I_DSK2_AB,2023,39.85,Overall Digital Skills,Above Basic
1729,Estonia,EE,IND_TOTAL,I_DSK2_AB,2023,37.39,Overall Digital Skills,Above Basic
1730,Greece,EL,IND_TOTAL,I_DSK2_AB,2023,23.55,Overall Digital Skills,Above Basic
1731,Spain,ES,IND_TOTAL,I_DSK2_AB,2023,40.5,Overall Digital Skills,Above Basic
1732,Finland,FI,IND_TOTAL,I_DSK2_AB,2023,54.9,Overall Digital Skills,Above Basic
1733,France,FR,IND_TOTAL,I_DSK2_AB,2023,32.98,Overall Digital Skills,Above Basic
1734,Croatia,HR,IND_TOTAL,I_DSK2_AB,2023,29.98,Overall Digital Skills,Above Basic
1735,Hungary,HU,IND_TOTAL,I_DSK2_AB,2023,30.76,Overall Digital Skills,Above Basic
1736,Ireland,IE,IND_TOTAL,I_DSK2_AB,2023,46.98,Overall Digital Skills,Above Basic
1737,Italy,IT,IND_TOTAL,I_DSK2_AB,2023,25.55,Overall Digital Skills,Above Basic
1738,Lithuania,LT,IND_TOTAL,I_DSK2_AB,2023,29.26,Overall Digital Skills,Above Basic
1739,Luxembourg,LU,IND_TOTAL,I_DSK2_AB,2023,28.04,Overall Digital Skills,Above Basic
1740,Latvia,LV,IND_TOTAL,I_DSK2_AB,2023,17.92,Overall Digital Skills,Above Basic
1741,Montenegro,ME,IND_TOTAL,I_DSK2_AB,2023,11.93,Overall Digital Skills,Above Basic
1742,Malta,MT,IND_TOTAL,I_DSK2_AB,2023,39.51,Overall Digital Skills,Above Basic
1743,Netherlands,NL,IND_TOTAL,I_DSK2_AB,2023,55.0,Overall Digital Skills,Above Basic
1744,Norway,NO,IND_TOTAL,I_DSK2_AB,2023,50.87,Overall Digital Skills,Above Basic
1745,Poland,PL,IND_TOTAL,I_DSK2_AB,2023,23.2,Overall Digital Skills,Above Basic
1746,Portugal,PT,IND_TOTAL,I_DSK2_AB,2023,34.89,Overall Digital Skills,Above Basic
1747,Romania,RO,IND_TOTAL,I_DSK2_AB,2023,10.05,Overall Digital Skills,Above Basic
1748,Serbia,RS,IND_TOTAL,I_DSK2_AB,2023,13.27,Overall Digital Skills,Above Basic
1749,Sweden,SE,IND_TOTAL,I_DSK2_AB,2023,37.41,Overall Digital Skills,Above Basic
1750,Slovenia,SI,IND_TOTAL,I_DSK2_AB,2023,20.89,Overall Digital Skills,Above Basic
1751,Slovakia,SK,IND_TOTAL,I_DSK2_AB,2023,24.89,Overall Digital Skills,Above Basic
1752,Türkiye,TR,IND_TOTAL,I_DSK2_AB,2023,12.34,Overall Digital Skills,Above Basic
1753,Albania,AL,IND_TOTAL,I_DSK2_B,2023,15.55,Overall Digital Skills,Basic
1754,Austria,AT,IND_TOTAL,I_DSK2_B,2023,32.64,Overall Digital Skills,Basic
1755,Bosnia and Herzegovina,BA,IND_TOTAL,I_DSK2_B,2023,23.2,Overall Digital Skills,Basic
1756,Belgium,BE,IND_TOTAL,I_DSK2_B,2023,31.12,Overall Digital Skills,Basic
1757,Bulgaria,BG,IND_TOTAL,I_DSK2_B,2023,27.79,Overall Digital Skills,Basic
1758,Switzerland,CH,IND_TOTAL,I_DSK2_B,2023,34.83,Overall Digital Skills,Basic
1759,Cyprus,CY,IND_TOTAL,I_DSK2_B,2023,24.51,Overall Digital Skills,Basic
1760,Czechia,CZ,IND_TOTAL,I_DSK2_B,2023,33.63,Overall Digital Skills,Basic
1761,Germany,DE,IND_TOTAL,I_DSK2_B,2023,32.43,Overall Digital Skills,Basic
1762,Denmark,DK,IND_TOTAL,I_DSK2_B,2023,30.25,Overall Digital Skills,Basic
1763,Estonia,EE,IND_TOTAL,I_DSK2_B,2023,27.76,Overall Digital Skills,Basic
1764,Greece,EL,IND_TOTAL,I_DSK2_B,2023,32.38,Overall Digital Skills,Basic
1765,Spain,ES,IND_TOTAL,I_DSK2_B,2023,27.52,Overall Digital Skills,Basic
1766,Finland,FI,IND_TOTAL,I_DSK2_B,2023,28.36,Overall Digital Skills,Basic
1767,France,FR,IND_TOTAL,I_DSK2_B,2023,29.06,Overall Digital Skills,Basic
1768,Croatia,HR,IND_TOTAL,I_DSK2_B,2023,33.94,Overall Digital Skills,Basic
1769,Hungary,HU,IND_TOTAL,I_DSK2_B,2023,30.76,Overall Digital Skills,Basic
1770,Ireland,IE,IND_TOTAL,I_DSK2_B,2023,29.09,Overall Digital Skills,Basic
1771,Italy,IT,IND_TOTAL,I_DSK2_B,2023,23.54,Overall Digital Skills,Basic
1772,Lithuania,LT,IND_TOTAL,I_DSK2_B,2023,27.01,Overall Digital Skills,Basic
1773,Luxembourg,LU,IND_TOTAL,I_DSK2_B,2023,32.28,Overall Digital Skills,Basic
1774,Latvia,LV,IND_TOTAL,I_DSK2_B,2023,28.79,Overall Digital Skills,Basic
1775,Montenegro,ME,IND_TOTAL,I_DSK2_B,2023,41.48,Overall Digital Skills,Basic
1776,Malta,MT,IND_TOTAL,I_DSK2_B,2023,26.11,Overall Digital Skills,Basic
1777,Netherlands,NL,IND_TOTAL,I_DSK2_B,2023,28.16,Overall Digital Skills,Basic
1778,Norway,NO,IND_TOTAL,I_DSK2_B,2023,30.38,Overall Digital Skills,Basic
1779,Poland,PL,IND_TOTAL,I_DSK2_B,2023,24.25,Overall Digital Skills,Basic
1780,Portugal,PT,IND_TOTAL,I_DSK2_B,2023,26.04,Overall Digital Skills,Basic
1781,Romania,RO,IND_TOTAL,I_DSK2_B,2023,18.77,Overall Digital Skills,Basic
1782,Serbia,RS,IND_TOTAL,I_DSK2_B,2023,22.29,Overall Digital Skills,Basic
1783,Sweden,SE,IND_TOTAL,I_DSK2_B,2023,29.93,Overall Digital Skills,Basic
1784,Slovenia,SI,IND_TOTAL,I_DSK2_B,2023,27.82,Overall Digital Skills,Basic
1785,Slovakia,SK,IND_TOTAL,I_DSK2_B,2023,29.61,Overall Digital Skills,Basic
1786,Türkiye,TR,IND_TOTAL,I_DSK2_B,2023,22.51,Overall Digital Skills,Basic
1787,Albania,AL,IND_TOTAL,I_DSK2_B,2023,18.71,Overall Digital Skills,Basic
1788,Austria,AT,IND_TOTAL,I_DSK2_B,2023,34.24,Overall Digital Skills,Basic
1789,Bosnia and Herzegovina,BA,IND_TOTAL,I_DSK2_B,2023,27.82,Overall Digital Skills,Basic
1790,Belgium,BE,IND_TOTAL,I_DSK2_B,2023,32.89,Overall Digital Skills,Basic
1791,Bulgaria,BG,IND_TOTAL,I_DSK2_B,2023,34.57,Overall Digital Skills,Basic
1792,Switzerland,CH,IND_TOTAL,I_DSK2_B,2023,35.1,Overall Digital Skills,Basic
1793,Cyprus,CY,IND_TOTAL,I_DSK2_B,2023,26.87,Overall Digital Skills,Basic
1794,Czechia,CZ,IND_TOTAL,I_DSK2_B,2023,36.54,Overall Digital Skills,Basic
1795,Germany,DE,IND_TOTAL,I_DSK2_B,2023,35.07,Overall Digital Skills,Basic
1796,Denmark,DK,IND_TOTAL,I_DSK2_B,2023,30.62,Overall Digital Skills,Basic
1797,Estonia,EE,IND_TOTAL,I_DSK2_B,2023,29.79,Overall Digital Skills,Basic
1798,Greece,EL,IND_TOTAL,I_DSK2_B,2023,38.09,Overall Digital Skills,Basic
1799,Spain,ES,IND_TOTAL,I_DSK2_B,2023,28.84,Overall Digital Skills,Basic
1800,Finland,FI,IND_TOTAL,I_DSK2_B,2023,29.03,Overall Digital Skills,Basic
1801,France,FR,IND_TOTAL,I_DSK2_B,2023,31.3,Overall Digital Skills,Basic
1802,Croatia,HR,IND_TOTAL,I_DSK2_B,2023,40.7,Overall Digital Skills,Basic
1803,Hungary,HU,IND_TOTAL,I_DSK2_B,2023,33.64,Overall Digital Skills,Basic
1804,Ireland,IE,IND_TOTAL,I_DSK2_B,2023,31.19,Overall Digital Skills,Basic
1805,Italy,IT,IND_TOTAL,I_DSK2_B,2023,27.08,Overall Digital Skills,Basic
1806,Lithuania,LT,IND_TOTAL,I_DSK2_B,2023,30.52,Overall Digital Skills,Basic
1807,Luxembourg,LU,IND_TOTAL,I_DSK2_B,2023,32.49,Overall Digital Skills,Basic
1808,Latvia,LV,IND_TOTAL,I_DSK2_B,2023,31.18,Overall Digital Skills,Basic
1809,Montenegro,ME,IND_TOTAL,I_DSK2_B,2023,46.94,Overall Digital Skills,Basic
1810,Malta,MT,IND_TOTAL,I_DSK2_B,2023,28.14,Overall Digital Skills,Basic
1811,Netherlands,NL,IND_TOTAL,I_DSK2_B,2023,28.4,Overall Digital Skills,Basic
1812,Norway,NO,IND_TOTAL,I_DSK2_B,2023,30.48,Overall Digital Skills,Basic
1813,Poland,PL,IND_TOTAL,I_DSK2_B,2023,28.06,Overall Digital Skills,Basic
1814,Portugal,PT,IND_TOTAL,I_DSK2_B,2023,30.35,Overall Digital Skills,Basic
1815,Romania,RO,IND_TOTAL,I_DSK2_B,2023,21.04,Overall Digital Skills,Basic
1816,Serbia,RS,IND_TOTAL,I_DSK2_B,2023,26.11,Overall Digital Skills,Basic
1817,Sweden,SE,IND_TOTAL,I_DSK2_B,2023,30.67,Overall Digital Skills,Basic
1818,Slovenia,SI,IND_TOTAL,I_DSK2_B,2023,30.78,Overall Digital Skills,Basic
1819,Slovakia,SK,IND_TOTAL,I_DSK2_B,2023,33.95,Overall Digital Skills,Basic
1820,Türkiye,TR,IND_TOTAL,I_DSK2_B,2023,26.18,Overall Digital Skills,Basic
1821,Albania,AL,IND_TOTAL,I_DSK2_BAB,2023,23.32,Overall Digital Skills,At Least Basic
1822,Austria,AT,IND_TOTAL,I_DSK2_BAB,2023,64.68,Overall Digital Skills,At Least Basic
1823,Bosnia and Herzegovina,BA,IND_TOTAL,I_DSK2_BAB,2023,30.08,Overall Digital Skills,At Least Basic
1824,Belgium,BE,IND_TOTAL,I_DSK2_BAB,2023,59.39,Overall Digital Skills,At Least Basic
1825,Bulgaria,BG,IND_TOTAL,I_DSK2_BAB,2023,35.52,Overall Digital Skills,At Least Basic
1826,Switzerland,CH,IND_TOTAL,I_DSK2_BAB,2023,77.52,Overall Digital Skills,At Least Basic
1827,Cyprus,CY,IND_TOTAL,I_DSK2_BAB,2023,49.46,Overall Digital Skills,At Least Basic
1828,Czechia,CZ,IND_TOTAL,I_DSK2_BAB,2023,69.11,Overall Digital Skills,At Least Basic
1829,Germany,DE,IND_TOTAL,I_DSK2_BAB,2023,52.22,Overall Digital Skills,At Least Basic
1830,Denmark,DK,IND_TOTAL,I_DSK2_BAB,2023,69.62,Overall Digital Skills,At Least Basic
1831,Estonia,EE,IND_TOTAL,I_DSK2_BAB,2023,62.61,Overall Digital Skills,At Least Basic
1832,Greece,EL,IND_TOTAL,I_DSK2_BAB,2023,52.4,Overall Digital Skills,At Least Basic
1833,Spain,ES,IND_TOTAL,I_DSK2_BAB,2023,66.18,Overall Digital Skills,At Least Basic
1834,Finland,FI,IND_TOTAL,I_DSK2_BAB,2023,81.99,Overall Digital Skills,At Least Basic
1835,France,FR,IND_TOTAL,I_DSK2_BAB,2023,59.67,Overall Digital Skills,At Least Basic
1836,Croatia,HR,IND_TOTAL,I_DSK2_BAB,2023,58.95,Overall Digital Skills,At Least Basic
1837,Hungary,HU,IND_TOTAL,I_DSK2_BAB,2023,58.89,Overall Digital Skills,At Least Basic
1838,Ireland,IE,IND_TOTAL,I_DSK2_BAB,2023,72.91,Overall Digital Skills,At Least Basic
1839,Italy,IT,IND_TOTAL,I_DSK2_BAB,2023,45.75,Overall Digital Skills,At Least Basic
1840,Lithuania,LT,IND_TOTAL,I_DSK2_BAB,2023,52.91,Overall Digital Skills,At Least Basic
1841,Luxembourg,LU,IND_TOTAL,I_DSK2_BAB,2023,60.14,Overall Digital Skills,At Least Basic
1842,Latvia,LV,IND_TOTAL,I_DSK2_BAB,2023,45.34,Overall Digital Skills,At Least Basic
1843,Montenegro,ME,IND_TOTAL,I_DSK2_BAB,2023,52.02,Overall Digital Skills,At Least Basic
1844,Malta,MT,IND_TOTAL,I_DSK2_BAB,2023,62.78,Overall Digital Skills,At Least Basic
1845,Netherlands,NL,IND_TOTAL,I_DSK2_BAB,2023,82.7,Overall Digital Skills,At Least Basic
1846,Norway,NO,IND_TOTAL,I_DSK2_BAB,2023,81.09,Overall Digital Skills,At Least Basic
1847,Poland,PL,IND_TOTAL,I_DSK2_BAB,2023,44.3,Overall Digital Skills,At Least Basic
1848,Portugal,PT,IND_TOTAL,I_DSK2_BAB,2023,55.97,Overall Digital Skills,At Least Basic
1849,Romania,RO,IND_TOTAL,I_DSK2_BAB,2023,27.73,Overall Digital Skills,At Least Basic
1850,Serbia,RS,IND_TOTAL,I_DSK2_BAB,2023,33.61,Overall Digital Skills,At Least Basic
1851,Sweden,SE,IND_TOTAL,I_DSK2_BAB,2023,66.44,Overall Digital Skills,At Least Basic
1852,Slovenia,SI,IND_TOTAL,I_DSK2_BAB,2023,46.7,Overall Digital Skills,At Least Basic
1853,Slovakia,SK,IND_TOTAL,I_DSK2_BAB,2023,51.31,Overall Digital Skills,At Least Basic
1854,Türkiye,TR,IND_TOTAL,I_DSK2_BAB,2023,33.11,Overall Digital Skills,At Least Basic
1855,Albania,AL,IND_TOTAL,I_DSK2_BAB,2023,28.05,Overall Digital Skills,At Least Basic
1856,Austria,AT,IND_TOTAL,I_DSK2_BAB,2023,67.84,Overall Digital Skills,At Least Basic
1857,Bosnia and Herzegovina,BA,IND_TOTAL,I_DSK2_BAB,2023,36.07,Overall Digital Skills,At Least Basic
1858,Belgium,BE,IND_TOTAL,I_DSK2_BAB,2023,62.76,Overall Digital Skills,At Least Basic
1859,Bulgaria,BG,IND_TOTAL,I_DSK2_BAB,2023,44.19,Overall Digital Skills,At Least Basic
1860,Switzerland,CH,IND_TOTAL,I_DSK2_BAB,2023,78.11,Overall Digital Skills,At Least Basic
1861,Cyprus,CY,IND_TOTAL,I_DSK2_BAB,2023,54.22,Overall Digital Skills,At Least Basic
1862,Czechia,CZ,IND_TOTAL,I_DSK2_BAB,2023,75.09,Overall Digital Skills,At Least Basic
1863,Germany,DE,IND_TOTAL,I_DSK2_BAB,2023,56.47,Overall Digital Skills,At Least Basic
1864,Denmark,DK,IND_TOTAL,I_DSK2_BAB,2023,70.47,Overall Digital Skills,At Least Basic
1865,Estonia,EE,IND_TOTAL,I_DSK2_BAB,2023,67.18,Overall Digital Skills,At Least Basic
1866,Greece,EL,IND_TOTAL,I_DSK2_BAB,2023,61.64,Overall Digital Skills,At Least Basic
1867,Spain,ES,IND_TOTAL,I_DSK2_BAB,2023,69.33,Overall Digital Skills,At Least Basic
1868,Finland,FI,IND_TOTAL,I_DSK2_BAB,2023,83.93,Overall Digital Skills,At Least Basic
1869,France,FR,IND_TOTAL,I_DSK2_BAB,2023,64.28,Overall Digital Skills,At Least Basic
1870,Croatia,HR,IND_TOTAL,I_DSK2_BAB,2023,70.68,Overall Digital Skills,At Least Basic
1871,Hungary,HU,IND_TOTAL,I_DSK2_BAB,2023,64.39,Overall Digital Skills,At Least Basic
1872,Ireland,IE,IND_TOTAL,I_DSK2_BAB,2023,78.17,Overall Digital Skills,At Least Basic
1873,Italy,IT,IND_TOTAL,I_DSK2_BAB,2023,52.63,Overall Digital Skills,At Least Basic
1874,Lithuania,LT,IND_TOTAL,I_DSK2_BAB,2023,59.78,Overall Digital Skills,At Least Basic
1875,Luxembourg,LU,IND_TOTAL,I_DSK2_BAB,2023,60.54,Overall Digital Skills,At Least Basic
1876,Latvia,LV,IND_TOTAL,I_DSK2_BAB,2023,49.1,Overall Digital Skills,At Least Basic
1877,Montenegro,ME,IND_TOTAL,I_DSK2_BAB,2023,58.88,Overall Digital Skills,At Least Basic
1878,Malta,MT,IND_TOTAL,I_DSK2_BAB,2023,67.65,Overall Digital Skills,At Least Basic
1879,Netherlands,NL,IND_TOTAL,I_DSK2_BAB,2023,83.4,Overall Digital Skills,At Least Basic
1880,Norway,NO,IND_TOTAL,I_DSK2_BAB,2023,81.35,Overall Digital Skills,At Least Basic
1881,Poland,PL,IND_TOTAL,I_DSK2_BAB,2023,51.26,Overall Digital Skills,At Least Basic
1882,Portugal,PT,IND_TOTAL,I_DSK2_BAB,2023,65.24,Overall Digital Skills,At Least Basic
1883,Romania,RO,IND_TOTAL,I_DSK2_BAB,2023,31.09,Overall Digital Skills,At Least Basic
1884,Serbia,RS,IND_TOTAL,I_DSK2_BAB,2023,39.38,Overall Digital Skills,At Least Basic
1885,Sweden,SE,IND_TOTAL,I_DSK2_BAB,2023,68.08,Overall Digital Skills,At Least Basic
1886,Slovenia,SI,IND_TOTAL,I_DSK2_BAB,2023,51.67,Overall Digital Skills,At Least Basic
1887,Slovakia,SK,IND_TOTAL,I_DSK2_BAB,2023,58.84,Overall Digital Skills,At Least Basic
1888,Türkiye,TR,IND_TOTAL,I_DSK2_BAB,2023,38.52,Overall Digital Skills,At Least Basic
1889,Albania,AL,IND_TOTAL,I_DSK2_CC_AB,2023,77.7,Communication & Collaboration,Above Basic
1890,Austria,AT,IND_TOTAL,I_DSK2_CC_AB,2023,89.78,Communication & Collaboration,Above Basic
1891,Bosnia and Herzegovina,BA,IND_TOTAL,I_DSK2_CC_AB,2023,76.78,Communication & Collaboration,Above Basic
1892,Belgium,BE,IND_TOTAL,I_DSK2_CC_AB,2023,83.2,Communication & Collaboration,Above Basic
1893,Bulgaria,BG,IND_TOTAL,I_DSK2_CC_AB,2023,71.75,Communication & Collaboration,Above Basic
1894,Switzerland,CH,IND_TOTAL,I_DSK2_CC_AB,2023,94.39,Communication & Collaboration,Above Basic
1895,Cyprus,CY,IND_TOTAL,I_DSK2_CC_AB,2023,88.25,Communication & Collaboration,Above Basic
1896,Czechia,CZ,IND_TOTAL,I_DSK2_CC_AB,2023,84.59,Communication & Collaboration,Above Basic
1897,Germany,DE,IND_TOTAL,I_DSK2_CC_AB,2023,78.01,Communication & Collaboration,Above Basic
1898,Denmark,DK,IND_TOTAL,I_DSK2_CC_AB,2023,95.6,Communication & Collaboration,Above Basic
1899,Estonia,EE,IND_TOTAL,I_DSK2_CC_AB,2023,82.5,Communication & Collaboration,Above Basic
1900,Greece,EL,IND_TOTAL,I_DSK2_CC_AB,2023,73.32,Communication & Collaboration,Above Basic
1901,Spain,ES,IND_TOTAL,I_DSK2_CC_AB,2023,90.11,Communication & Collaboration,Above Basic
1902,Finland,FI,IND_TOTAL,I_DSK2_CC_AB,2023,92.26,Communication & Collaboration,Above Basic
1903,France,FR,IND_TOTAL,I_DSK2_CC_AB,2023,77.57,Communication & Collaboration,Above Basic
1904,Croatia,HR,IND_TOTAL,I_DSK2_CC_AB,2023,77.64,Communication & Collaboration,Above Basic
1905,Hungary,HU,IND_TOTAL,I_DSK2_CC_AB,2023,87.16,Communication & Collaboration,Above Basic
1906,Ireland,IE,IND_TOTAL,I_DSK2_CC_AB,2023,88.33,Communication & Collaboration,Above Basic
1907,Italy,IT,IND_TOTAL,I_DSK2_CC_AB,2023,79.77,Communication & Collaboration,Above Basic
1908,Lithuania,LT,IND_TOTAL,I_DSK2_CC_AB,2023,79.76,Communication & Collaboration,Above Basic
1909,Luxembourg,LU,IND_TOTAL,I_DSK2_CC_AB,2023,80.25,Communication & Collaboration,Above Basic
1910,Latvia,LV,IND_TOTAL,I_DSK2_CC_AB,2023,84.71,Communication & Collaboration,Above Basic
1911,Montenegro,ME,IND_TOTAL,I_DSK2_CC_AB,2023,86.7,Communication & Collaboration,Above Basic
1912,Malta,MT,IND_TOTAL,I_DSK2_CC_AB,2023,88.65,Communication & Collaboration,Above Basic
1913,Netherlands,NL,IND_TOTAL,I_DSK2_CC_AB,2023,97.75,Communication & Collaboration,Above Basic
1914,Norway,NO,IND_TOTAL,I_DSK2_CC_AB,2023,96.07,Communication & Collaboration,Above Basic
1915,Poland,PL,IND_TOTAL,I_DSK2_CC_AB,2023,71.69,Communication & Collaboration,Above Basic
1916,Portugal,PT,IND_TOTAL,I_DSK2_CC_AB,2023,80.65,Communication & Collaboration,Above Basic
1917,Romania,RO,IND_TOTAL,I_DSK2_CC_AB,2023,76.48,Communication & Collaboration,Above Basic
1918,Serbia,RS,IND_TOTAL,I_DSK2_CC_AB,2023,81.58,Communication & Collaboration,Above Basic
1919,Sweden,SE,IND_TOTAL,I_DSK2_CC_AB,2023,87.75,Communication & Collaboration,Above Basic
1920,Slovenia,SI,IND_TOTAL,I_DSK2_CC_AB,2023,76.51,Communication & Collaboration,Above Basic
1921,Slovakia,SK,IND_TOTAL,I_DSK2_CC_AB,2023,72.75,Communication & Collaboration,Above Basic
1922,Türkiye,TR,IND_TOTAL,I_DSK2_CC_AB,2023,82.35,Communication & Collaboration,Above Basic
1923,Albania,AL,IND_TOTAL,I_DSK2_CC_AB,2023,93.46,Communication & Collaboration,Above Basic
1924,Austria,AT,IND_TOTAL,I_DSK2_CC_AB,2023,94.17,Communication & Collaboration,Above Basic
1925,Bosnia and Herzegovina,BA,IND_TOTAL,I_DSK2_CC_AB,2023,92.09,Communication & Collaboration,Above Basic
1926,Belgium,BE,IND_TOTAL,I_DSK2_CC_AB,2023,87.92,Communication & Collaboration,Above Basic
1927,Bulgaria,BG,IND_TOTAL,I_DSK2_CC_AB,2023,89.25,Communication & Collaboration,Above Basic
1928,Switzerland,CH,IND_TOTAL,I_DSK2_CC_AB,2023,95.1,Communication & Collaboration,Above Basic
1929,Cyprus,CY,IND_TOTAL,I_DSK2_CC_AB,2023,96.74,Communication & Collaboration,Above Basic
1930,Czechia,CZ,IND_TOTAL,I_DSK2_CC_AB,2023,91.9,Communication & Collaboration,Above Basic
1931,Germany,DE,IND_TOTAL,I_DSK2_CC_AB,2023,84.35,Communication & Collaboration,Above Basic
1932,Denmark,DK,IND_TOTAL,I_DSK2_CC_AB,2023,96.77,Communication & Collaboration,Above Basic
1933,Estonia,EE,IND_TOTAL,I_DSK2_CC_AB,2023,88.52,Communication & Collaboration,Above Basic
1934,Greece,EL,IND_TOTAL,I_DSK2_CC_AB,2023,86.25,Communication & Collaboration,Above Basic
1935,Spain,ES,IND_TOTAL,I_DSK2_CC_AB,2023,94.41,Communication & Collaboration,Above Basic
1936,Finland,FI,IND_TOTAL,I_DSK2_CC_AB,2023,94.43,Communication & Collaboration,Above Basic
1937,France,FR,IND_TOTAL,I_DSK2_CC_AB,2023,83.56,Communication & Collaboration,Above Basic
1938,Croatia,HR,IND_TOTAL,I_DSK2_CC_AB,2023,93.1,Communication & Collaboration,Above Basic
1939,Hungary,HU,IND_TOTAL,I_DSK2_CC_AB,2023,95.31,Communication & Collaboration,Above Basic
1940,Ireland,IE,IND_TOTAL,I_DSK2_CC_AB,2023,94.71,Communication & Collaboration,Above Basic
1941,Italy,IT,IND_TOTAL,I_DSK2_CC_AB,2023,91.77,Communication & Collaboration,Above Basic
1942,Lithuania,LT,IND_TOTAL,I_DSK2_CC_AB,2023,90.12,Communication & Collaboration,Above Basic
1943,Luxembourg,LU,IND_TOTAL,I_DSK2_CC_AB,2023,80.77,Communication & Collaboration,Above Basic
1944,Latvia,LV,IND_TOTAL,I_DSK2_CC_AB,2023,91.75,Communication & Collaboration,Above Basic
1945,Montenegro,ME,IND_TOTAL,I_DSK2_CC_AB,2023,98.12,Communication & Collaboration,Above Basic
1946,Malta,MT,IND_TOTAL,I_DSK2_CC_AB,2023,95.52,Communication & Collaboration,Above Basic
1947,Netherlands,NL,IND_TOTAL,I_DSK2_CC_AB,2023,98.59,Communication & Collaboration,Above Basic
1948,Norway,NO,IND_TOTAL,I_DSK2_CC_AB,2023,96.38,Communication & Collaboration,Above Basic
1949,Poland,PL,IND_TOTAL,I_DSK2_CC_AB,2023,82.96,Communication & Collaboration,Above Basic
1950,Portugal,PT,IND_TOTAL,I_DSK2_CC_AB,2023,94.01,Communication & Collaboration,Above Basic
1951,Romania,RO,IND_TOTAL,I_DSK2_CC_AB,2023,85.74,Communication & Collaboration,Above Basic
1952,Serbia,RS,IND_TOTAL,I_DSK2_CC_AB,2023,95.57,Communication & Collaboration,Above Basic
1953,Sweden,SE,IND_TOTAL,I_DSK2_CC_AB,2023,89.91,Communication & Collaboration,Above Basic
1954,Slovenia,SI,IND_TOTAL,I_DSK2_CC_AB,2023,84.65,Communication & Collaboration,Above Basic
1955,Slovakia,SK,IND_TOTAL,I_DSK2_CC_AB,2023,83.41,Communication & Collaboration,Above Basic
1956,Türkiye,TR,IND_TOTAL,I_DSK2_CC_AB,2023,95.8,Communication & Collaboration,Above Basic
1957,Albania,AL,IND_TOTAL,I_DSK2_CC_B,2023,5.11,Communication & Collaboration,Basic
1958,Austria,AT,IND_TOTAL,I_DSK2_CC_B,2023,4.52,Communication & Collaboration,Basic
1959,Bosnia and Herzegovina,BA,IND_TOTAL,I_DSK2_CC_B,2023,4.62,Communication & Collaboration,Basic
1960,Belgium,BE,IND_TOTAL,I_DSK2_CC_B,2023,9.77,Communication & Collaboration,Basic
1961,Bulgaria,BG,IND_TOTAL,I_DSK2_CC_B,2023,7.09,Communication & Collaboration,Basic
1962,Switzerland,CH,IND_TOTAL,I_DSK2_CC_B,2023,3.99,Communication & Collaboration,Basic
1963,Cyprus,CY,IND_TOTAL,I_DSK2_CC_B,2023,1.87,Communication & Collaboration,Basic
1964,Czechia,CZ,IND_TOTAL,I_DSK2_CC_B,2023,5.52,Communication & Collaboration,Basic
1965,Germany,DE,IND_TOTAL,I_DSK2_CC_B,2023,13.12,Communication & Collaboration,Basic
1966,Denmark,DK,IND_TOTAL,I_DSK2_CC_B,2023,2.51,Communication & Collaboration,Basic
1967,Estonia,EE,IND_TOTAL,I_DSK2_CC_B,2023,7.5,Communication & Collaboration,Basic
1968,Greece,EL,IND_TOTAL,I_DSK2_CC_B,2023,6.93,Communication & Collaboration,Basic
1969,Spain,ES,IND_TOTAL,I_DSK2_CC_B,2023,4.77,Communication & Collaboration,Basic
1970,Finland,FI,IND_TOTAL,I_DSK2_CC_B,2023,4.38,Communication & Collaboration,Basic
1971,France,FR,IND_TOTAL,I_DSK2_CC_B,2023,12.55,Communication & Collaboration,Basic
1972,Croatia,HR,IND_TOTAL,I_DSK2_CC_B,2023,3.68,Communication & Collaboration,Basic
1973,Hungary,HU,IND_TOTAL,I_DSK2_CC_B,2023,3.11,Communication & Collaboration,Basic
1974,Ireland,IE,IND_TOTAL,I_DSK2_CC_B,2023,4.29,Communication & Collaboration,Basic
1975,Italy,IT,IND_TOTAL,I_DSK2_CC_B,2023,4.2,Communication & Collaboration,Basic
1976,Lithuania,LT,IND_TOTAL,I_DSK2_CC_B,2023,4.75,Communication & Collaboration,Basic
1977,Luxembourg,LU,IND_TOTAL,I_DSK2_CC_B,2023,14.77,Communication & Collaboration,Basic
1978,Latvia,LV,IND_TOTAL,I_DSK2_CC_B,2023,4.95,Communication & Collaboration,Basic
1979,Montenegro,ME,IND_TOTAL,I_DSK2_CC_B,2023,1.52,Communication & Collaboration,Basic
1980,Malta,MT,IND_TOTAL,I_DSK2_CC_B,2023,2.64,Communication & Collaboration,Basic
1981,Netherlands,NL,IND_TOTAL,I_DSK2_CC_B,2023,1.11,Communication & Collaboration,Basic
1982,Norway,NO,IND_TOTAL,I_DSK2_CC_B,2023,2.98,Communication & Collaboration,Basic
1983,Poland,PL,IND_TOTAL,I_DSK2_CC_B,2023,9.3,Communication & Collaboration,Basic
1984,Portugal,PT,IND_TOTAL,I_DSK2_CC_B,2023,3.95,Communication & Collaboration,Basic
1985,Romania,RO,IND_TOTAL,I_DSK2_CC_B,2023,11.23,Communication & Collaboration,Basic
1986,Serbia,RS,IND_TOTAL,I_DSK2_CC_B,2023,3.34,Communication & Collaboration,Basic
1987,Sweden,SE,IND_TOTAL,I_DSK2_CC_B,2023,8.01,Communication & Collaboration,Basic
1988,Slovenia,SI,IND_TOTAL,I_DSK2_CC_B,2023,10.92,Communication & Collaboration,Basic
1989,Slovakia,SK,IND_TOTAL,I_DSK2_CC_B,2023,12.1,Communication & Collaboration,Basic
1990,Türkiye,TR,IND_TOTAL,I_DSK2_CC_B,2023,3.19,Communication & Collaboration,Basic
1991,Albania,AL,IND_TOTAL,I_DSK2_CC_B,2023,6.15,Communication & Collaboration,Basic
1992,Austria,AT,IND_TOTAL,I_DSK2_CC_B,2023,4.74,Communication & Collaboration,Basic
1993,Bosnia and Herzegovina,BA,IND_TOTAL,I_DSK2_CC_B,2023,5.54,Communication & Collaboration,Basic
1994,Belgium,BE,IND_TOTAL,I_DSK2_CC_B,2023,10.32,Communication & Collaboration,Basic
1995,Bulgaria,BG,IND_TOTAL,I_DSK2_CC_B,2023,8.82,Communication & Collaboration,Basic
1996,Switzerland,CH,IND_TOTAL,I_DSK2_CC_B,2023,4.02,Communication & Collaboration,Basic
1997,Cyprus,CY,IND_TOTAL,I_DSK2_CC_B,2023,2.05,Communication & Collaboration,Basic
1998,Czechia,CZ,IND_TOTAL,I_DSK2_CC_B,2023,6.0,Communication & Collaboration,Basic
1999,Germany,DE,IND_TOTAL,I_DSK2_CC_B,2023,14.19,Communication & Collaboration,Basic
2000,Denmark,DK,IND_TOTAL,I_DSK2_CC_B,2023,2.54,Communication & Collaboration,Basic
2001,Estonia,EE,IND_TOTAL,I_DSK2_CC_B,2023,8.04,Communication & Collaboration,Basic
2002,Greece,EL,IND_TOTAL,I_DSK2_CC_B,2023,8.15,Communication & Collaboration,Basic
2003,Spain,ES,IND_TOTAL,I_DSK2_CC_B,2023,5.0,Communication & Collaboration,Basic
2004,Finland,FI,IND_TOTAL,I_DSK2_CC_B,2023,4.48,Communication & Collaboration,Basic
2005,France,FR,IND_TOTAL,I_DSK2_CC_B,2023,13.52,Communication & Collaboration,Basic
2006,Croatia,HR,IND_TOTAL,I_DSK2_CC_B,2023,4.41,Communication & Collaboration,Basic
2007,Hungary,HU,IND_TOTAL,I_DSK2_CC_B,2023,3.4,Communication & Collaboration,Basic
2008,Ireland,IE,IND_TOTAL,I_DSK2_CC_B,2023,4.6,Communication & Collaboration,Basic
2009,Italy,IT,IND_TOTAL,I_DSK2_CC_B,2023,4.84,Communication & Collaboration,Basic
2010,Lithuania,LT,IND_TOTAL,I_DSK2_CC_B,2023,5.37,Communication & Collaboration,Basic
2011,Luxembourg,LU,IND_TOTAL,I_DSK2_CC_B,2023,14.87,Communication & Collaboration,Basic
2012,Latvia,LV,IND_TOTAL,I_DSK2_CC_B,2023,5.37,Communication & Collaboration,Basic
2013,Montenegro,ME,IND_TOTAL,I_DSK2_CC_B,2023,1.72,Communication & Collaboration,Basic
2014,Malta,MT,IND_TOTAL,I_DSK2_CC_B,2023,2.84,Communication & Collaboration,Basic
2015,Netherlands,NL,IND_TOTAL,I_DSK2_CC_B,2023,1.12,Communication & Collaboration,Basic
2016,Norway,NO,IND_TOTAL,I_DSK2_CC_B,2023,2.99,Communication & Collaboration,Basic
2017,Poland,PL,IND_TOTAL,I_DSK2_CC_B,2023,10.76,Communication & Collaboration,Basic
2018,Portugal,PT,IND_TOTAL,I_DSK2_CC_B,2023,4.61,Communication & Collaboration,Basic
2019,Romania,RO,IND_TOTAL,I_DSK2_CC_B,2023,12.59,Communication & Collaboration,Basic
2020,Serbia,RS,IND_TOTAL,I_DSK2_CC_B,2023,3.91,Communication & Collaboration,Basic
2021,Sweden,SE,IND_TOTAL,I_DSK2_CC_B,2023,8.21,Communication & Collaboration,Basic
2022,Slovenia,SI,IND_TOTAL,I_DSK2_CC_B,2023,12.08,Communication & Collaboration,Basic
2023,Slovakia,SK,IND_TOTAL,I_DSK2_CC_B,2023,13.87,Communication & Collaboration,Basic
2024,Türkiye,TR,IND_TOTAL,I_DSK2_CC_B,2023,3.71,Communication & Collaboration,Basic
2025,Albania,AL,IND_TOTAL,I_DSK2_CC_BAB,2023,82.81,Communication & Collaboration,At Least Basic
2026,Austria,AT,IND_TOTAL,I_DSK2_CC_BAB,2023,94.3,Communication & Collaboration,At Least Basic
2027,Bosnia and Herzegovina,BA,IND_TOTAL,I_DSK2_CC_BAB,2023,81.41,Communication & Collaboration,At Least Basic
2028,Belgium,BE,IND_TOTAL,I_DSK2_CC_BAB,2023,92.97,Communication & Collaboration,At Least Basic
2029,Bulgaria,BG,IND_TOTAL,I_DSK2_CC_BAB,2023,78.84,Communication & Collaboration,At Least Basic
2030,Switzerland,CH,IND_TOTAL,I_DSK2_CC_BAB,2023,98.38,Communication & Collaboration,At Least Basic
2031,Cyprus,CY,IND_TOTAL,I_DSK2_CC_BAB,2023,90.12,Communication & Collaboration,At Least Basic
2032,Czechia,CZ,IND_TOTAL,I_DSK2_CC_BAB,2023,90.11,Communication & Collaboration,At Least Basic
2033,Germany,DE,IND_TOTAL,I_DSK2_CC_BAB,2023,91.13,Communication & Collaboration,At Least Basic
2034,Denmark,DK,IND_TOTAL,I_DSK2_CC_BAB,2023,98.11,Communication & Collaboration,At Least Basic
2035,Estonia,EE,IND_TOTAL,I_DSK2_CC_BAB,2023,89.99,Communication & Collaboration,At Least Basic
2036,Greece,EL,IND_TOTAL,I_DSK2_CC_BAB,2023,80.25,Communication & Collaboration,At Least Basic
2037,Spain,ES,IND_TOTAL,I_DSK2_CC_BAB,2023,94.88,Communication & Collaboration,At Least Basic
2038,Finland,FI,IND_TOTAL,I_DSK2_CC_BAB,2023,96.63,Communication & Collaboration,At Least Basic
2039,France,FR,IND_TOTAL,I_DSK2_CC_BAB,2023,90.11,Communication & Collaboration,At Least Basic
2040,Croatia,HR,IND_TOTAL,I_DSK2_CC_BAB,2023,81.32,Communication & Collaboration,At Least Basic
2041,Hungary,HU,IND_TOTAL,I_DSK2_CC_BAB,2023,90.27,Communication & Collaboration,At Least Basic
2042,Ireland,IE,IND_TOTAL,I_DSK2_CC_BAB,2023,92.62,Communication & Collaboration,At Least Basic
2043,Italy,IT,IND_TOTAL,I_DSK2_CC_BAB,2023,83.98,Communication & Collaboration,At Least Basic
2044,Lithuania,LT,IND_TOTAL,I_DSK2_CC_BAB,2023,84.51,Communication & Collaboration,At Least Basic
2045,Luxembourg,LU,IND_TOTAL,I_DSK2_CC_BAB,2023,95.02,Communication & Collaboration,At Least Basic
2046,Latvia,LV,IND_TOTAL,I_DSK2_CC_BAB,2023,89.67,Communication & Collaboration,At Least Basic
2047,Montenegro,ME,IND_TOTAL,I_DSK2_CC_BAB,2023,88.22,Communication & Collaboration,At Least Basic
2048,Malta,MT,IND_TOTAL,I_DSK2_CC_BAB,2023,91.29,Communication & Collaboration,At Least Basic
2049,Netherlands,NL,IND_TOTAL,I_DSK2_CC_BAB,2023,98.86,Communication & Collaboration,At Least Basic
2050,Norway,NO,IND_TOTAL,I_DSK2_CC_BAB,2023,99.05,Communication & Collaboration,At Least Basic
2051,Poland,PL,IND_TOTAL,I_DSK2_CC_BAB,2023,80.99,Communication & Collaboration,At Least Basic
2052,Portugal,PT,IND_TOTAL,I_DSK2_CC_BAB,2023,84.61,Communication & Collaboration,At Least Basic
2053,Romania,RO,IND_TOTAL,I_DSK2_CC_BAB,2023,87.71,Communication & Collaboration,At Least Basic
2054,Serbia,RS,IND_TOTAL,I_DSK2_CC_BAB,2023,84.91,Communication & Collaboration,At Least Basic
2055,Sweden,SE,IND_TOTAL,I_DSK2_CC_BAB,2023,95.76,Communication & Collaboration,At Least Basic
2056,Slovenia,SI,IND_TOTAL,I_DSK2_CC_BAB,2023,87.43,Communication & Collaboration,At Least Basic
2057,Slovakia,SK,IND_TOTAL,I_DSK2_CC_BAB,2023,84.84,Communication & Collaboration,At Least Basic
2058,Türkiye,TR,IND_TOTAL,I_DSK2_CC_BAB,2023,85.54,Communication & Collaboration,At Least Basic
2059,Albania,AL,IND_TOTAL,I_DSK2_CC_BAB,2023,99.61,Communication & Collaboration,At Least Basic
2060,Austria,AT,IND_TOTAL,I_DSK2_CC_BAB,2023,98.92,Communication & Collaboration,At Least Basic
2061,Bosnia and Herzegovina,BA,IND_TOTAL,I_DSK2_CC_BAB,2023,97.64,Communication & Collaboration,At Least Basic
2062,Belgium,BE,IND_TOTAL,I_DSK2_CC_BAB,2023,98.25,Communication & Collaboration,At Least Basic
2063,Bulgaria,BG,IND_TOTAL,I_DSK2_CC_BAB,2023,98.07,Communication & Collaboration,At Least Basic
2064,Switzerland,CH,IND_TOTAL,I_DSK2_CC_BAB,2023,99.12,Communication & Collaboration,At Least Basic
2065,Cyprus,CY,IND_TOTAL,I_DSK2_CC_BAB,2023,98.79,Communication & Collaboration,At Least Basic
2066,Czechia,CZ,IND_TOTAL,I_DSK2_CC_BAB,2023,97.9,Communication & Collaboration,At Least Basic
2067,Germany,DE,IND_TOTAL,I_DSK2_CC_BAB,2023,98.55,Communication & Collaboration,At Least Basic
2068,Denmark,DK,IND_TOTAL,I_DSK2_CC_BAB,2023,99.3,Communication & Collaboration,At Least Basic
2069,Estonia,EE,IND_TOTAL,I_DSK2_CC_BAB,2023,96.56,Communication & Collaboration,At Least Basic
2070,Greece,EL,IND_TOTAL,I_DSK2_CC_BAB,2023,94.39,Communication & Collaboration,At Least Basic
2071,Spain,ES,IND_TOTAL,I_DSK2_CC_BAB,2023,99.41,Communication & Collaboration,At Least Basic
2072,Finland,FI,IND_TOTAL,I_DSK2_CC_BAB,2023,98.91,Communication & Collaboration,At Least Basic
2073,France,FR,IND_TOTAL,I_DSK2_CC_BAB,2023,97.07,Communication & Collaboration,At Least Basic
2074,Croatia,HR,IND_TOTAL,I_DSK2_CC_BAB,2023,97.51,Communication & Collaboration,At Least Basic
2075,Hungary,HU,IND_TOTAL,I_DSK2_CC_BAB,2023,98.71,Communication & Collaboration,At Least Basic
2076,Ireland,IE,IND_TOTAL,I_DSK2_CC_BAB,2023,99.3,Communication & Collaboration,At Least Basic
2077,Italy,IT,IND_TOTAL,I_DSK2_CC_BAB,2023,96.61,Communication & Collaboration,At Least Basic
2078,Lithuania,LT,IND_TOTAL,I_DSK2_CC_BAB,2023,95.48,Communication & Collaboration,At Least Basic
2079,Luxembourg,LU,IND_TOTAL,I_DSK2_CC_BAB,2023,95.64,Communication & Collaboration,At Least Basic
2080,Latvia,LV,IND_TOTAL,I_DSK2_CC_BAB,2023,97.11,Communication & Collaboration,At Least Basic
2081,Montenegro,ME,IND_TOTAL,I_DSK2_CC_BAB,2023,99.84,Communication & Collaboration,At Least Basic
2082,Malta,MT,IND_TOTAL,I_DSK2_CC_BAB,2023,98.36,Communication & Collaboration,At Least Basic
2083,Netherlands,NL,IND_TOTAL,I_DSK2_CC_BAB,2023,99.71,Communication & Collaboration,At Least Basic
2084,Norway,NO,IND_TOTAL,I_DSK2_CC_BAB,2023,99.37,Communication & Collaboration,At Least Basic
2085,Poland,PL,IND_TOTAL,I_DSK2_CC_BAB,2023,93.72,Communication & Collaboration,At Least Basic
2086,Portugal,PT,IND_TOTAL,I_DSK2_CC_BAB,2023,98.62,Communication & Collaboration,At Least Basic
2087,Romania,RO,IND_TOTAL,I_DSK2_CC_BAB,2023,98.33,Communication & Collaboration,At Least Basic
2088,Serbia,RS,IND_TOTAL,I_DSK2_CC_BAB,2023,99.48,Communication & Collaboration,At Least Basic
2089,Sweden,SE,IND_TOTAL,I_DSK2_CC_BAB,2023,98.12,Communication & Collaboration,At Least Basic
2090,Slovenia,SI,IND_TOTAL,I_DSK2_CC_BAB,2023,96.73,Communication & Collaboration,At Least Basic
2091,Slovakia,SK,IND_TOTAL,I_DSK2_CC_BAB,2023,97.28,Communication & Collaboration,At Least Basic
2092,Türkiye,TR,IND_TOTAL,I_DSK2_CC_BAB,2023,99.51,Communication & Collaboration,At Least Basic
2093,Albania,AL,IND_TOTAL,I_DSK2_DCC_AB,2023,23.19,Digital Content Creation,Above Basic
2094,Austria,AT,IND_TOTAL,I_DSK2_DCC_AB,2023,53.21,Digital Content Creation,Above Basic
2095,Bosnia and Herzegovina,BA,IND_TOTAL,I_DSK2_DCC_AB,2023,26.65,Digital Content Creation,Above Basic
2096,Belgium,BE,IND_TOTAL,I_DSK2_DCC_AB,2023,52.28,Digital Content Creation,Above Basic
2097,Bulgaria,BG,IND_TOTAL,I_DSK2_DCC_AB,2023,24.82,Digital Content Creation,Above Basic
2098,Switzerland,CH,IND_TOTAL,I_DSK2_DCC_AB,2023,60.73,Digital Content Creation,Above Basic
2099,Cyprus,CY,IND_TOTAL,I_DSK2_DCC_AB,2023,46.46,Digital Content Creation,Above Basic
2100,Czechia,CZ,IND_TOTAL,I_DSK2_DCC_AB,2023,50.42,Digital Content Creation,Above Basic
2101,Germany,DE,IND_TOTAL,I_DSK2_DCC_AB,2023,43.68,Digital Content Creation,Above Basic
2102,Denmark,DK,IND_TOTAL,I_DSK2_DCC_AB,2023,52.72,Digital Content Creation,Above Basic
2103,Estonia,EE,IND_TOTAL,I_DSK2_DCC_AB,2023,53.14,Digital Content Creation,Above Basic
2104,Greece,EL,IND_TOTAL,I_DSK2_DCC_AB,2023,45.11,Digital Content Creation,Above Basic
2105,Spain,ES,IND_TOTAL,I_DSK2_DCC_AB,2023,52.28,Digital Content Creation,Above Basic
2106,Finland,FI,IND_TOTAL,I_DSK2_DCC_AB,2023,65.21,Digital Content Creation,Above Basic
2107,France,FR,IND_TOTAL,I_DSK2_DCC_AB,2023,50.74,Digital Content Creation,Above Basic
2108,Croatia,HR,IND_TOTAL,I_DSK2_DCC_AB,2023,39.72,Digital Content Creation,Above Basic
2109,Hungary,HU,IND_TOTAL,I_DSK2_DCC_AB,2023,43.27,Digital Content Creation,Above Basic
2110,Ireland,IE,IND_TOTAL,I_DSK2_DCC_AB,2023,58.46,Digital Content Creation,Above Basic
2111,Italy,IT,IND_TOTAL,I_DSK2_DCC_AB,2023,42.47,Digital Content Creation,Above Basic
2112,Lithuania,LT,IND_TOTAL,I_DSK2_DCC_AB,2023,41.71,Digital Content Creation,Above Basic
2113,Luxembourg,LU,IND_TOTAL,I_DSK2_DCC_AB,2023,51.0,Digital Content Creation,Above Basic
2114,Latvia,LV,IND_TOTAL,I_DSK2_DCC_AB,2023,36.59,Digital Content Creation,Above Basic
2115,Montenegro,ME,IND_TOTAL,I_DSK2_DCC_AB,2023,51.65,Digital Content Creation,Above Basic
2116,Malta,MT,IND_TOTAL,I_DSK2_DCC_AB,2023,50.31,Digital Content Creation,Above Basic
2117,Netherlands,NL,IND_TOTAL,I_DSK2_DCC_AB,2023,66.74,Digital Content Creation,Above Basic
2118,Norway,NO,IND_TOTAL,I_DSK2_DCC_AB,2023,66.81,Digital Content Creation,Above Basic
2119,Poland,PL,IND_TOTAL,I_DSK2_DCC_AB,2023,38.41,Digital Content Creation,Above Basic
2120,Portugal,PT,IND_TOTAL,I_DSK2_DCC_AB,2023,45.81,Digital Content Creation,Above Basic
2121,Romania,RO,IND_TOTAL,I_DSK2_DCC_AB,2023,21.7,Digital Content Creation,Above Basic
2122,Serbia,RS,IND_TOTAL,I_DSK2_DCC_AB,2023,40.49,Digital Content Creation,Above Basic
2123,Sweden,SE,IND_TOTAL,I_DSK2_DCC_AB,2023,56.21,Digital Content Creation,Above Basic
2124,Slovenia,SI,IND_TOTAL,I_DSK2_DCC_AB,2023,40.58,Digital Content Creation,Above Basic
2125,Slovakia,SK,IND_TOTAL,I_DSK2_DCC_AB,2023,39.58,Digital Content Creation,Above Basic
2126,Türkiye,TR,IND_TOTAL,I_DSK2_DCC_AB,2023,19.63,Digital Content Creation,Above Basic
2127,Albania,AL,IND_TOTAL,I_DSK2_DCC_AB,2023,27.9,Digital Content Creation,Above Basic
2128,Austria,AT,IND_TOTAL,I_DSK2_DCC_AB,2023,55.81,Digital Content Creation,Above Basic
2129,Bosnia and Herzegovina,BA,IND_TOTAL,I_DSK2_DCC_AB,2023,31.96,Digital Content Creation,Above Basic
2130,Belgium,BE,IND_TOTAL,I_DSK2_DCC_AB,2023,55.24,Digital Content Creation,Above Basic
2131,Bulgaria,BG,IND_TOTAL,I_DSK2_DCC_AB,2023,30.88,Digital Content Creation,Above Basic
2132,Switzerland,CH,IND_TOTAL,I_DSK2_DCC_AB,2023,61.19,Digital Content Creation,Above Basic
2133,Cyprus,CY,IND_TOTAL,I_DSK2_DCC_AB,2023,50.93,Digital Content Creation,Above Basic
2134,Czechia,CZ,IND_TOTAL,I_DSK2_DCC_AB,2023,54.78,Digital Content Creation,Above Basic
2135,Germany,DE,IND_TOTAL,I_DSK2_DCC_AB,2023,47.23,Digital Content Creation,Above Basic
2136,Denmark,DK,IND_TOTAL,I_DSK2_DCC_AB,2023,53.37,Digital Content Creation,Above Basic
2137,Estonia,EE,IND_TOTAL,I_DSK2_DCC_AB,2023,57.02,Digital Content Creation,Above Basic
2138,Greece,EL,IND_TOTAL,I_DSK2_DCC_AB,2023,53.06,Digital Content Creation,Above Basic
2139,Spain,ES,IND_TOTAL,I_DSK2_DCC_AB,2023,54.78,Digital Content Creation,Above Basic
2140,Finland,FI,IND_TOTAL,I_DSK2_DCC_AB,2023,66.75,Digital Content Creation,Above Basic
2141,France,FR,IND_TOTAL,I_DSK2_DCC_AB,2023,54.66,Digital Content Creation,Above Basic
2142,Croatia,HR,IND_TOTAL,I_DSK2_DCC_AB,2023,47.63,Digital Content Creation,Above Basic
2143,Hungary,HU,IND_TOTAL,I_DSK2_DCC_AB,2023,47.31,Digital Content Creation,Above Basic
2144,Ireland,IE,IND_TOTAL,I_DSK2_DCC_AB,2023,62.68,Digital Content Creation,Above Basic
2145,Italy,IT,IND_TOTAL,I_DSK2_DCC_AB,2023,48.87,Digital Content Creation,Above Basic
2146,Lithuania,LT,IND_TOTAL,I_DSK2_DCC_AB,2023,47.13,Digital Content Creation,Above Basic
2147,Luxembourg,LU,IND_TOTAL,I_DSK2_DCC_AB,2023,51.33,Digital Content Creation,Above Basic
2148,Latvia,LV,IND_TOTAL,I_DSK2_DCC_AB,2023,39.63,Digital Content Creation,Above Basic
2149,Montenegro,ME,IND_TOTAL,I_DSK2_DCC_AB,2023,58.45,Digital Content Creation,Above Basic
2150,Malta,MT,IND_TOTAL,I_DSK2_DCC_AB,2023,54.2,Digital Content Creation,Above Basic
2151,Netherlands,NL,IND_TOTAL,I_DSK2_DCC_AB,2023,67.31,Digital Content Creation,Above Basic
2152,Norway,NO,IND_TOTAL,I_DSK2_DCC_AB,2023,67.02,Digital Content Creation,Above Basic
2153,Poland,PL,IND_TOTAL,I_DSK2_DCC_AB,2023,44.45,Digital Content Creation,Above Basic
2154,Portugal,PT,IND_TOTAL,I_DSK2_DCC_AB,2023,53.39,Digital Content Creation,Above Basic
2155,Romania,RO,IND_TOTAL,I_DSK2_DCC_AB,2023,24.32,Digital Content Creation,Above Basic
2156,Serbia,RS,IND_TOTAL,I_DSK2_DCC_AB,2023,47.44,Digital Content Creation,Above Basic
2157,Sweden,SE,IND_TOTAL,I_DSK2_DCC_AB,2023,57.59,Digital Content Creation,Above Basic
2158,Slovenia,SI,IND_TOTAL,I_DSK2_DCC_AB,2023,44.9,Digital Content Creation,Above Basic
2159,Slovakia,SK,IND_TOTAL,I_DSK2_DCC_AB,2023,45.39,Digital Content Creation,Above Basic
2160,Türkiye,TR,IND_TOTAL,I_DSK2_DCC_AB,2023,22.83,Digital Content Creation,Above Basic
2161,Albania,AL,IND_TOTAL,I_DSK2_DCC_B,2023,16.38,Digital Content Creation,Basic
2162,Austria,AT,IND_TOTAL,I_DSK2_DCC_B,2023,23.0,Digital Content Creation,Basic
2163,Bosnia and Herzegovina,BA,IND_TOTAL,I_DSK2_DCC_B,2023,30.3,Digital Content Creation,Basic
2164,Belgium,BE,IND_TOTAL,I_DSK2_DCC_B,2023,21.86,Digital Content Creation,Basic
2165,Bulgaria,BG,IND_TOTAL,I_DSK2_DCC_B,2023,23.51,Digital Content Creation,Basic
2166,Switzerland,CH,IND_TOTAL,I_DSK2_DCC_B,2023,24.76,Digital Content Creation,Basic
2167,Cyprus,CY,IND_TOTAL,I_DSK2_DCC_B,2023,14.48,Digital Content Creation,Basic
2168,Czechia,CZ,IND_TOTAL,I_DSK2_DCC_B,2023,23.36,Digital Content Creation,Basic
2169,Germany,DE,IND_TOTAL,I_DSK2_DCC_B,2023,27.61,Digital Content Creation,Basic
2170,Denmark,DK,IND_TOTAL,I_DSK2_DCC_B,2023,23.83,Digital Content Creation,Basic
2171,Estonia,EE,IND_TOTAL,I_DSK2_DCC_B,2023,17.4,Digital Content Creation,Basic
2172,Greece,EL,IND_TOTAL,I_DSK2_DCC_B,2023,18.35,Digital Content Creation,Basic
2173,Spain,ES,IND_TOTAL,I_DSK2_DCC_B,2023,21.55,Digital Content Creation,Basic
2174,Finland,FI,IND_TOTAL,I_DSK2_DCC_B,2023,19.39,Digital Content Creation,Basic
2175,France,FR,IND_TOTAL,I_DSK2_DCC_B,2023,21.07,Digital Content Creation,Basic
2176,Croatia,HR,IND_TOTAL,I_DSK2_DCC_B,2023,41.83,Digital Content Creation,Basic
2177,Hungary,HU,IND_TOTAL,I_DSK2_DCC_B,2023,23.79,Digital Content Creation,Basic
2178,Ireland,IE,IND_TOTAL,I_DSK2_DCC_B,2023,20.04,Digital Content Creation,Basic
2179,Italy,IT,IND_TOTAL,I_DSK2_DCC_B,2023,17.67,Digital Content Creation,Basic
2180,Lithuania,LT,IND_TOTAL,I_DSK2_DCC_B,2023,20.49,Digital Content Creation,Basic
2181,Luxembourg,LU,IND_TOTAL,I_DSK2_DCC_B,2023,25.96,Digital Content Creation,Basic
2182,Latvia,LV,IND_TOTAL,I_DSK2_DCC_B,2023,25.64,Digital Content Creation,Basic
2183,Montenegro,ME,IND_TOTAL,I_DSK2_DCC_B,2023,35.74,Digital Content Creation,Basic
2184,Malta,MT,IND_TOTAL,I_DSK2_DCC_B,2023,19.03,Digital Content Creation,Basic
2185,Netherlands,NL,IND_TOTAL,I_DSK2_DCC_B,2023,19.72,Digital Content Creation,Basic
2186,Norway,NO,IND_TOTAL,I_DSK2_DCC_B,2023,18.63,Digital Content Creation,Basic
2187,Poland,PL,IND_TOTAL,I_DSK2_DCC_B,2023,21.6,Digital Content Creation,Basic
2188,Portugal,PT,IND_TOTAL,I_DSK2_DCC_B,2023,16.29,Digital Content Creation,Basic
2189,Romania,RO,IND_TOTAL,I_DSK2_DCC_B,2023,19.19,Digital Content Creation,Basic
2190,Serbia,RS,IND_TOTAL,I_DSK2_DCC_B,2023,28.31,Digital Content Creation,Basic
2191,Sweden,SE,IND_TOTAL,I_DSK2_DCC_B,2023,22.06,Digital Content Creation,Basic
2192,Slovenia,SI,IND_TOTAL,I_DSK2_DCC_B,2023,21.37,Digital Content Creation,Basic
2193,Slovakia,SK,IND_TOTAL,I_DSK2_DCC_B,2023,24.36,Digital Content Creation,Basic
2194,Türkiye,TR,IND_TOTAL,I_DSK2_DCC_B,2023,22.49,Digital Content Creation,Basic
2195,Albania,AL,IND_TOTAL,I_DSK2_DCC_B,2023,19.7,Digital Content Creation,Basic
2196,Austria,AT,IND_TOTAL,I_DSK2_DCC_B,2023,24.12,Digital Content Creation,Basic
2197,Bosnia and Herzegovina,BA,IND_TOTAL,I_DSK2_DCC_B,2023,36.34,Digital Content Creation,Basic
2198,Belgium,BE,IND_TOTAL,I_DSK2_DCC_B,2023,23.1,Digital Content Creation,Basic
2199,Bulgaria,BG,IND_TOTAL,I_DSK2_DCC_B,2023,29.25,Digital Content Creation,Basic
2200,Switzerland,CH,IND_TOTAL,I_DSK2_DCC_B,2023,24.94,Digital Content Creation,Basic
2201,Cyprus,CY,IND_TOTAL,I_DSK2_DCC_B,2023,15.87,Digital Content Creation,Basic
2202,Czechia,CZ,IND_TOTAL,I_DSK2_DCC_B,2023,25.37,Digital Content Creation,Basic
2203,Germany,DE,IND_TOTAL,I_DSK2_DCC_B,2023,29.86,Digital Content Creation,Basic
2204,Denmark,DK,IND_TOTAL,I_DSK2_DCC_B,2023,24.12,Digital Content Creation,Basic
2205,Estonia,EE,IND_TOTAL,I_DSK2_DCC_B,2023,18.67,Digital Content Creation,Basic
2206,Greece,EL,IND_TOTAL,I_DSK2_DCC_B,2023,21.59,Digital Content Creation,Basic
2207,Spain,ES,IND_TOTAL,I_DSK2_DCC_B,2023,22.57,Digital Content Creation,Basic
2208,Finland,FI,IND_TOTAL,I_DSK2_DCC_B,2023,19.84,Digital Content Creation,Basic
2209,France,FR,IND_TOTAL,I_DSK2_DCC_B,2023,22.7,Digital Content Creation,Basic
2210,Croatia,HR,IND_TOTAL,I_DSK2_DCC_B,2023,50.16,Digital Content Creation,Basic
2211,Hungary,HU,IND_TOTAL,I_DSK2_DCC_B,2023,26.02,Digital Content Creation,Basic
2212,Ireland,IE,IND_TOTAL,I_DSK2_DCC_B,2023,21.48,Digital Content Creation,Basic
2213,Italy,IT,IND_TOTAL,I_DSK2_DCC_B,2023,20.33,Digital Content Creation,Basic
2214,Lithuania,LT,IND_TOTAL,I_DSK2_DCC_B,2023,23.15,Digital Content Creation,Basic
2215,Luxembourg,LU,IND_TOTAL,I_DSK2_DCC_B,2023,26.13,Digital Content Creation,Basic
2216,Latvia,LV,IND_TOTAL,I_DSK2_DCC_B,2023,27.77,Digital Content Creation,Basic
2217,Montenegro,ME,IND_TOTAL,I_DSK2_DCC_B,2023,40.45,Digital Content Creation,Basic
2218,Malta,MT,IND_TOTAL,I_DSK2_DCC_B,2023,20.5,Digital Content Creation,Basic
2219,Netherlands,NL,IND_TOTAL,I_DSK2_DCC_B,2023,19.89,Digital Content Creation,Basic
2220,Norway,NO,IND_TOTAL,I_DSK2_DCC_B,2023,18.69,Digital Content Creation,Basic
2221,Poland,PL,IND_TOTAL,I_DSK2_DCC_B,2023,24.99,Digital Content Creation,Basic
2222,Portugal,PT,IND_TOTAL,I_DSK2_DCC_B,2023,18.99,Digital Content Creation,Basic
2223,Romania,RO,IND_TOTAL,I_DSK2_DCC_B,2023,21.52,Digital Content Creation,Basic
2224,Serbia,RS,IND_TOTAL,I_DSK2_DCC_B,2023,33.17,Digital Content Creation,Basic
2225,Sweden,SE,IND_TOTAL,I_DSK2_DCC_B,2023,22.6,Digital Content Creation,Basic
2226,Slovenia,SI,IND_TOTAL,I_DSK2_DCC_B,2023,23.64,Digital Content Creation,Basic
2227,Slovakia,SK,IND_TOTAL,I_DSK2_DCC_B,2023,27.94,Digital Content Creation,Basic
2228,Türkiye,TR,IND_TOTAL,I_DSK2_DCC_B,2023,26.16,Digital Content Creation,Basic
2229,Albania,AL,IND_TOTAL,I_DSK2_DCC_BAB,2023,39.57,Digital Content Creation,At Least Basic
2230,Austria,AT,IND_TOTAL,I_DSK2_DCC_BAB,2023,76.2,Digital Content Creation,At Least Basic
2231,Bosnia and Herzegovina,BA,IND_TOTAL,I_DSK2_DCC_BAB,2023,56.95,Digital Content Creation,At Least Basic
2232,Belgium,BE,IND_TOTAL,I_DSK2_DCC_BAB,2023,74.14,Digital Content Creation,At Least Basic
2233,Bulgaria,BG,IND_TOTAL,I_DSK2_DCC_BAB,2023,48.34,Digital Content Creation,At Least Basic
2234,Switzerland,CH,IND_TOTAL,I_DSK2_DCC_BAB,2023,85.48,Digital Content Creation,At Least Basic
2235,Cyprus,CY,IND_TOTAL,I_DSK2_DCC_BAB,2023,60.94,Digital Content Creation,At Least Basic
2236,Czechia,CZ,IND_TOTAL,I_DSK2_DCC_BAB,2023,73.77,Digital Content Creation,At Least Basic
2237,Germany,DE,IND_TOTAL,I_DSK2_DCC_BAB,2023,71.29,Digital Content Creation,At Least Basic
2238,Denmark,DK,IND_TOTAL,I_DSK2_DCC_BAB,2023,76.56,Digital Content Creation,At Least Basic
2239,Estonia,EE,IND_TOTAL,I_DSK2_DCC_BAB,2023,70.54,Digital Content Creation,At Least Basic
2240,Greece,EL,IND_TOTAL,I_DSK2_DCC_BAB,2023,63.46,Digital Content Creation,At Least Basic
2241,Spain,ES,IND_TOTAL,I_DSK2_DCC_BAB,2023,73.83,Digital Content Creation,At Least Basic
2242,Finland,FI,IND_TOTAL,I_DSK2_DCC_BAB,2023,84.6,Digital Content Creation,At Least Basic
2243,France,FR,IND_TOTAL,I_DSK2_DCC_BAB,2023,71.81,Digital Content Creation,At Least Basic
2244,Croatia,HR,IND_TOTAL,I_DSK2_DCC_BAB,2023,81.55,Digital Content Creation,At Least Basic
2245,Hungary,HU,IND_TOTAL,I_DSK2_DCC_BAB,2023,67.06,Digital Content Creation,At Least Basic
2246,Ireland,IE,IND_TOTAL,I_DSK2_DCC_BAB,2023,78.5,Digital Content Creation,At Least Basic
2247,Italy,IT,IND_TOTAL,I_DSK2_DCC_BAB,2023,60.14,Digital Content Creation,At Least Basic
2248,Lithuania,LT,IND_TOTAL,I_DSK2_DCC_BAB,2023,62.2,Digital Content Creation,At Least Basic
2249,Luxembourg,LU,IND_TOTAL,I_DSK2_DCC_BAB,2023,76.96,Digital Content Creation,At Least Basic
2250,Latvia,LV,IND_TOTAL,I_DSK2_DCC_BAB,2023,62.24,Digital Content Creation,At Least Basic
2251,Montenegro,ME,IND_TOTAL,I_DSK2_DCC_BAB,2023,87.39,Digital Content Creation,At Least Basic
2252,Malta,MT,IND_TOTAL,I_DSK2_DCC_BAB,2023,69.34,Digital Content Creation,At Least Basic
2253,Netherlands,NL,IND_TOTAL,I_DSK2_DCC_BAB,2023,86.46,Digital Content Creation,At Least Basic
2254,Norway,NO,IND_TOTAL,I_DSK2_DCC_BAB,2023,85.44,Digital Content Creation,At Least Basic
2255,Poland,PL,IND_TOTAL,I_DSK2_DCC_BAB,2023,60.0,Digital Content Creation,At Least Basic
2256,Portugal,PT,IND_TOTAL,I_DSK2_DCC_BAB,2023,62.1,Digital Content Creation,At Least Basic
2257,Romania,RO,IND_TOTAL,I_DSK2_DCC_BAB,2023,40.89,Digital Content Creation,At Least Basic
2258,Serbia,RS,IND_TOTAL,I_DSK2_DCC_BAB,2023,68.81,Digital Content Creation,At Least Basic
2259,Sweden,SE,IND_TOTAL,I_DSK2_DCC_BAB,2023,78.26,Digital Content Creation,At Least Basic
2260,Slovenia,SI,IND_TOTAL,I_DSK2_DCC_BAB,2023,61.95,Digital Content Creation,At Least Basic
2261,Slovakia,SK,IND_TOTAL,I_DSK2_DCC_BAB,2023,63.95,Digital Content Creation,At Least Basic
2262,Türkiye,TR,IND_TOTAL,I_DSK2_DCC_BAB,2023,42.11,Digital Content Creation,At Least Basic
2263,Albania,AL,IND_TOTAL,I_DSK2_DCC_BAB,2023,47.59,Digital Content Creation,At Least Basic
2264,Austria,AT,IND_TOTAL,I_DSK2_DCC_BAB,2023,79.93,Digital Content Creation,At Least Basic
2265,Bosnia and Herzegovina,BA,IND_TOTAL,I_DSK2_DCC_BAB,2023,68.3,Digital Content Creation,At Least Basic
2266,Belgium,BE,IND_TOTAL,I_DSK2_DCC_BAB,2023,78.35,Digital Content Creation,At Least Basic
2267,Bulgaria,BG,IND_TOTAL,I_DSK2_DCC_BAB,2023,60.13,Digital Content Creation,At Least Basic
2268,Switzerland,CH,IND_TOTAL,I_DSK2_DCC_BAB,2023,86.13,Digital Content Creation,At Least Basic
2269,Cyprus,CY,IND_TOTAL,I_DSK2_DCC_BAB,2023,66.8,Digital Content Creation,At Least Basic
2270,Czechia,CZ,IND_TOTAL,I_DSK2_DCC_BAB,2023,80.15,Digital Content Creation,At Least Basic
2271,Germany,DE,IND_TOTAL,I_DSK2_DCC_BAB,2023,77.09,Digital Content Creation,At Least Basic
2272,Denmark,DK,IND_TOTAL,I_DSK2_DCC_BAB,2023,77.49,Digital Content Creation,At Least Basic
2273,Estonia,EE,IND_TOTAL,I_DSK2_DCC_BAB,2023,75.69,Digital Content Creation,At Least Basic
2274,Greece,EL,IND_TOTAL,I_DSK2_DCC_BAB,2023,74.64,Digital Content Creation,At Least Basic
2275,Spain,ES,IND_TOTAL,I_DSK2_DCC_BAB,2023,77.35,Digital Content Creation,At Least Basic
2276,Finland,FI,IND_TOTAL,I_DSK2_DCC_BAB,2023,86.59,Digital Content Creation,At Least Basic
2277,France,FR,IND_TOTAL,I_DSK2_DCC_BAB,2023,77.36,Digital Content Creation,At Least Basic
2278,Croatia,HR,IND_TOTAL,I_DSK2_DCC_BAB,2023,97.79,Digital Content Creation,At Least Basic
2279,Hungary,HU,IND_TOTAL,I_DSK2_DCC_BAB,2023,73.33,Digital Content Creation,At Least Basic
2280,Ireland,IE,IND_TOTAL,I_DSK2_DCC_BAB,2023,84.16,Digital Content Creation,At Least Basic
2281,Italy,IT,IND_TOTAL,I_DSK2_DCC_BAB,2023,69.2,Digital Content Creation,At Least Basic
2282,Lithuania,LT,IND_TOTAL,I_DSK2_DCC_BAB,2023,70.28,Digital Content Creation,At Least Basic
2283,Luxembourg,LU,IND_TOTAL,I_DSK2_DCC_BAB,2023,77.46,Digital Content Creation,At Least Basic
2284,Latvia,LV,IND_TOTAL,I_DSK2_DCC_BAB,2023,67.4,Digital Content Creation,At Least Basic
2285,Montenegro,ME,IND_TOTAL,I_DSK2_DCC_BAB,2023,98.9,Digital Content Creation,At Least Basic
2286,Malta,MT,IND_TOTAL,I_DSK2_DCC_BAB,2023,74.71,Digital Content Creation,At Least Basic
2287,Netherlands,NL,IND_TOTAL,I_DSK2_DCC_BAB,2023,87.2,Digital Content Creation,At Least Basic
2288,Norway,NO,IND_TOTAL,I_DSK2_DCC_BAB,2023,85.71,Digital Content Creation,At Least Basic
2289,Poland,PL,IND_TOTAL,I_DSK2_DCC_BAB,2023,69.44,Digital Content Creation,At Least Basic
2290,Portugal,PT,IND_TOTAL,I_DSK2_DCC_BAB,2023,72.38,Digital Content Creation,At Least Basic
2291,Romania,RO,IND_TOTAL,I_DSK2_DCC_BAB,2023,45.84,Digital Content Creation,At Least Basic
2292,Serbia,RS,IND_TOTAL,I_DSK2_DCC_BAB,2023,80.61,Digital Content Creation,At Least Basic
2293,Sweden,SE,IND_TOTAL,I_DSK2_DCC_BAB,2023,80.19,Digital Content Creation,At Least Basic
2294,Slovenia,SI,IND_TOTAL,I_DSK2_DCC_BAB,2023,68.54,Digital Content Creation,At Least Basic
2295,Slovakia,SK,IND_TOTAL,I_DSK2_DCC_BAB,2023,73.32,Digital Content Creation,At Least Basic
2296,Türkiye,TR,IND_TOTAL,I_DSK2_DCC_BAB,2023,48.99,Digital Content Creation,At Least Basic
2297,Albania,AL,IND_TOTAL,I_DSK2_IC_S,2023,12.89,Information & Communication,Specialized
2298,Austria,AT,IND_TOTAL,I_DSK2_IC_S,2023,1.35,Information & Communication,Specialized
2299,Bosnia and Herzegovina,BA,IND_TOTAL,I_DSK2_IC_S,2023,6.18,Information & Communication,Specialized
2300,Belgium,BE,IND_TOTAL,I_DSK2_IC_S,2023,1.72,Information & Communication,Specialized
2301,Bulgaria,BG,IND_TOTAL,I_DSK2_IC_S,2023,7.83,Information & Communication,Specialized
2302,Cyprus,CY,IND_TOTAL,I_DSK2_IC_S,2023,5.49,Information & Communication,Specialized
2303,Czechia,CZ,IND_TOTAL,I_DSK2_IC_S,2023,1.34,Information & Communication,Specialized
2304,Germany,DE,IND_TOTAL,I_DSK2_IC_S,2023,1.27,Information & Communication,Specialized
2305,Denmark,DK,IND_TOTAL,I_DSK2_IC_S,2023,0.2,Information & Communication,Specialized
2306,Estonia,EE,IND_TOTAL,I_DSK2_IC_S,2023,1.23,Information & Communication,Specialized
2307,Greece,EL,IND_TOTAL,I_DSK2_IC_S,2023,4.11,Information & Communication,Specialized
2308,Spain,ES,IND_TOTAL,I_DSK2_IC_S,2023,2.02,Information & Communication,Specialized
2309,Finland,FI,IND_TOTAL,I_DSK2_IC_S,2023,0.19,Information & Communication,Specialized
2310,France,FR,IND_TOTAL,I_DSK2_IC_S,2023,0.89,Information & Communication,Specialized
2311,Croatia,HR,IND_TOTAL,I_DSK2_IC_S,2023,0.18,Information & Communication,Specialized
2312,Hungary,HU,IND_TOTAL,I_DSK2_IC_S,2023,2.93,Information & Communication,Specialized
2313,Ireland,IE,IND_TOTAL,I_DSK2_IC_S,2023,1.15,Information & Communication,Specialized
2314,Italy,IT,IND_TOTAL,I_DSK2_IC_S,2023,3.97,Information & Communication,Specialized
2315,Lithuania,LT,IND_TOTAL,I_DSK2_IC_S,2023,4.03,Information & Communication,Specialized
2316,Luxembourg,LU,IND_TOTAL,I_DSK2_IC_S,2023,0.81,Information & Communication,Specialized
2317,Latvia,LV,IND_TOTAL,I_DSK2_IC_S,2023,2.06,Information & Communication,Specialized
2318,Montenegro,ME,IND_TOTAL,I_DSK2_IC_S,2023,0.41,Information & Communication,Specialized
2319,Malta,MT,IND_TOTAL,I_DSK2_IC_S,2023,1.76,Information & Communication,Specialized
2320,Netherlands,NL,IND_TOTAL,I_DSK2_IC_S,2023,0.21,Information & Communication,Specialized
2321,Norway,NO,IND_TOTAL,I_DSK2_IC_S,2023,0.09,Information & Communication,Specialized
2322,Poland,PL,IND_TOTAL,I_DSK2_IC_S,2023,3.81,Information & Communication,Specialized
2323,Portugal,PT,IND_TOTAL,I_DSK2_IC_S,2023,3.52,Information & Communication,Specialized
2324,Romania,RO,IND_TOTAL,I_DSK2_IC_S,2023,10.56,Information & Communication,Specialized
2325,Serbia,RS,IND_TOTAL,I_DSK2_IC_S,2023,5.75,Information & Communication,Specialized
2326,Sweden,SE,IND_TOTAL,I_DSK2_IC_S,2023,0.3,Information & Communication,Specialized
2327,Slovenia,SI,IND_TOTAL,I_DSK2_IC_S,2023,4.67,Information & Communication,Specialized
2328,Slovakia,SK,IND_TOTAL,I_DSK2_IC_S,2023,1.81,Information & Communication,Specialized
2329,Türkiye,TR,IND_TOTAL,I_DSK2_IC_S,2023,5.34,Information & Communication,Specialized
2330,Albania,AL,IND_TOTAL,I_DSK2_IC_S,2023,15.51,Information & Communication,Specialized
2331,Austria,AT,IND_TOTAL,I_DSK2_IC_S,2023,1.42,Information & Communication,Specialized
2332,Bosnia and Herzegovina,BA,IND_TOTAL,I_DSK2_IC_S,2023,7.42,Information & Communication,Specialized
2333,Belgium,BE,IND_TOTAL,I_DSK2_IC_S,2023,1.81,Information & Communication,Specialized
2334,Bulgaria,BG,IND_TOTAL,I_DSK2_IC_S,2023,9.73,Information & Communication,Specialized
2335,Cyprus,CY,IND_TOTAL,I_DSK2_IC_S,2023,6.02,Information & Communication,Specialized
2336,Czechia,CZ,IND_TOTAL,I_DSK2_IC_S,2023,1.46,Information & Communication,Specialized
2337,Germany,DE,IND_TOTAL,I_DSK2_IC_S,2023,1.38,Information & Communication,Specialized
2338,Estonia,EE,IND_TOTAL,I_DSK2_IC_S,2023,1.32,Information & Communication,Specialized
2339,Greece,EL,IND_TOTAL,I_DSK2_IC_S,2023,4.84,Information & Communication,Specialized
2340,Spain,ES,IND_TOTAL,I_DSK2_IC_S,2023,2.12,Information & Communication,Specialized
2341,Finland,FI,IND_TOTAL,I_DSK2_IC_S,2023,0.2,Information & Communication,Specialized
2342,France,FR,IND_TOTAL,I_DSK2_IC_S,2023,0.96,Information & Communication,Specialized
2343,Croatia,HR,IND_TOTAL,I_DSK2_IC_S,2023,0.21,Information & Communication,Specialized
2344,Hungary,HU,IND_TOTAL,I_DSK2_IC_S,2023,3.21,Information & Communication,Specialized
2345,Ireland,IE,IND_TOTAL,I_DSK2_IC_S,2023,1.23,Information & Communication,Specialized
2346,Italy,IT,IND_TOTAL,I_DSK2_IC_S,2023,4.57,Information & Communication,Specialized
2347,Lithuania,LT,IND_TOTAL,I_DSK2_IC_S,2023,4.55,Information & Communication,Specialized
2348,Luxembourg,LU,IND_TOTAL,I_DSK2_IC_S,2023,0.82,Information & Communication,Specialized
2349,Latvia,LV,IND_TOTAL,I_DSK2_IC_S,2023,2.23,Information & Communication,Specialized
2350,Montenegro,ME,IND_TOTAL,I_DSK2_IC_S,2023,0.46,Information & Communication,Specialized
2351,Malta,MT,IND_TOTAL,I_DSK2_IC_S,2023,1.9,Information & Communication,Specialized
2352,Poland,PL,IND_TOTAL,I_DSK2_IC_S,2023,4.4,Information & Communication,Specialized
2353,Portugal,PT,IND_TOTAL,I_DSK2_IC_S,2023,4.1,Information & Communication,Specialized
2354,Romania,RO,IND_TOTAL,I_DSK2_IC_S,2023,11.83,Information & Communication,Specialized
2355,Serbia,RS,IND_TOTAL,I_DSK2_IC_S,2023,6.74,Information & Communication,Specialized
2356,Sweden,SE,IND_TOTAL,I_DSK2_IC_S,2023,0.31,Information & Communication,Specialized
2357,Slovenia,SI,IND_TOTAL,I_DSK2_IC_S,2023,5.17,Information & Communication,Specialized
2358,Slovakia,SK,IND_TOTAL,I_DSK2_IC_S,2023,2.08,Information & Communication,Specialized
2359,Türkiye,TR,IND_TOTAL,I_DSK2_IC_S,2023,6.21,Information & Communication,Specialized
2360,Albania,AL,IND_TOTAL,I_DSK2_IL_AB,2023,57.22,Information & Data Literacy,Above Basic
2361,Austria,AT,IND_TOTAL,I_DSK2_IL_AB,2023,74.94,Information & Data Literacy,Above Basic
2362,Bosnia and Herzegovina,BA,IND_TOTAL,I_DSK2_IL_AB,2023,62.47,Information & Data Literacy,Above Basic
2363,Belgium,BE,IND_TOTAL,I_DSK2_IL_AB,2023,73.59,Information & Data Literacy,Above Basic
2364,Bulgaria,BG,IND_TOTAL,I_DSK2_IL_AB,2023,55.73,Information & Data Literacy,Above Basic
2365,Switzerland,CH,IND_TOTAL,I_DSK2_IL_AB,2023,86.49,Information & Data Literacy,Above Basic
2366,Cyprus,CY,IND_TOTAL,I_DSK2_IL_AB,2023,81.79,Information & Data Literacy,Above Basic
2367,Czechia,CZ,IND_TOTAL,I_DSK2_IL_AB,2023,84.45,Information & Data Literacy,Above Basic
2368,Germany,DE,IND_TOTAL,I_DSK2_IL_AB,2023,53.5,Information & Data Literacy,Above Basic
2369,Denmark,DK,IND_TOTAL,I_DSK2_IL_AB,2023,89.8,Information & Data Literacy,Above Basic
2370,Estonia,EE,IND_TOTAL,I_DSK2_IL_AB,2023,82.13,Information & Data Literacy,Above Basic
2371,Greece,EL,IND_TOTAL,I_DSK2_IL_AB,2023,73.71,Information & Data Literacy,Above Basic
2372,Spain,ES,IND_TOTAL,I_DSK2_IL_AB,2023,78.99,Information & Data Literacy,Above Basic
2373,Finland,FI,IND_TOTAL,I_DSK2_IL_AB,2023,93.54,Information & Data Literacy,Above Basic
2374,France,FR,IND_TOTAL,I_DSK2_IL_AB,2023,67.08,Information & Data Literacy,Above Basic
2375,Croatia,HR,IND_TOTAL,I_DSK2_IL_AB,2023,75.82,Information & Data Literacy,Above Basic
2376,Hungary,HU,IND_TOTAL,I_DSK2_IL_AB,2023,85.06,Information & Data Literacy,Above Basic
2377,Ireland,IE,IND_TOTAL,I_DSK2_IL_AB,2023,85.37,Information & Data Literacy,Above Basic
2378,Italy,IT,IND_TOTAL,I_DSK2_IL_AB,2023,60.64,Information & Data Literacy,Above Basic
2379,Lithuania,LT,IND_TOTAL,I_DSK2_IL_AB,2023,79.54,Information & Data Literacy,Above Basic
2380,Luxembourg,LU,IND_TOTAL,I_DSK2_IL_AB,2023,68.5,Information & Data Literacy,Above Basic
2381,Latvia,LV,IND_TOTAL,I_DSK2_IL_AB,2023,71.46,Information & Data Literacy,Above Basic
2382,Montenegro,ME,IND_TOTAL,I_DSK2_IL_AB,2023,70.46,Information & Data Literacy,Above Basic
2383,Malta,MT,IND_TOTAL,I_DSK2_IL_AB,2023,80.2,Information & Data Literacy,Above Basic
2384,Netherlands,NL,IND_TOTAL,I_DSK2_IL_AB,2023,92.57,Information & Data Literacy,Above Basic
2385,Norway,NO,IND_TOTAL,I_DSK2_IL_AB,2023,95.58,Information & Data Literacy,Above Basic
2386,Poland,PL,IND_TOTAL,I_DSK2_IL_AB,2023,70.27,Information & Data Literacy,Above Basic
2387,Portugal,PT,IND_TOTAL,I_DSK2_IL_AB,2023,72.36,Information & Data Literacy,Above Basic
2388,Romania,RO,IND_TOTAL,I_DSK2_IL_AB,2023,54.05,Information & Data Literacy,Above Basic
2389,Serbia,RS,IND_TOTAL,I_DSK2_IL_AB,2023,72.47,Information & Data Literacy,Above Basic
2390,Sweden,SE,IND_TOTAL,I_DSK2_IL_AB,2023,86.02,Information & Data Literacy,Above Basic
2391,Slovenia,SI,IND_TOTAL,I_DSK2_IL_AB,2023,75.34,Information & Data Literacy,Above Basic
2392,Slovakia,SK,IND_TOTAL,I_DSK2_IL_AB,2023,68.82,Information & Data Literacy,Above Basic
2393,Türkiye,TR,IND_TOTAL,I_DSK2_IL_AB,2023,62.86,Information & Data Literacy,Above Basic
2394,Albania,AL,IND_TOTAL,I_DSK2_IL_AB,2023,68.82,Information & Data Literacy,Above Basic
2395,Austria,AT,IND_TOTAL,I_DSK2_IL_AB,2023,78.61,Information & Data Literacy,Above Basic
2396,Bosnia and Herzegovina,BA,IND_TOTAL,I_DSK2_IL_AB,2023,74.92,Information & Data Literacy,Above Basic
2397,Belgium,BE,IND_TOTAL,I_DSK2_IL_AB,2023,77.76,Information & Data Literacy,Above Basic
2398,Bulgaria,BG,IND_TOTAL,I_DSK2_IL_AB,2023,69.32,Information & Data Literacy,Above Basic
2399,Switzerland,CH,IND_TOTAL,I_DSK2_IL_AB,2023,87.14,Information & Data Literacy,Above Basic
2400,Cyprus,CY,IND_TOTAL,I_DSK2_IL_AB,2023,89.66,Information & Data Literacy,Above Basic
2401,Czechia,CZ,IND_TOTAL,I_DSK2_IL_AB,2023,91.76,Information & Data Literacy,Above Basic
2402,Germany,DE,IND_TOTAL,I_DSK2_IL_AB,2023,57.86,Information & Data Literacy,Above Basic
2403,Denmark,DK,IND_TOTAL,I_DSK2_IL_AB,2023,90.89,Information & Data Literacy,Above Basic
2404,Estonia,EE,IND_TOTAL,I_DSK2_IL_AB,2023,88.12,Information & Data Literacy,Above Basic
2405,Greece,EL,IND_TOTAL,I_DSK2_IL_AB,2023,86.7,Information & Data Literacy,Above Basic
2406,Spain,ES,IND_TOTAL,I_DSK2_IL_AB,2023,82.76,Information & Data Literacy,Above Basic
2407,Finland,FI,IND_TOTAL,I_DSK2_IL_AB,2023,95.74,Information & Data Literacy,Above Basic
2408,France,FR,IND_TOTAL,I_DSK2_IL_AB,2023,72.26,Information & Data Literacy,Above Basic
2409,Croatia,HR,IND_TOTAL,I_DSK2_IL_AB,2023,90.91,Information & Data Literacy,Above Basic
2410,Hungary,HU,IND_TOTAL,I_DSK2_IL_AB,2023,93.01,Information & Data Literacy,Above Basic
2411,Ireland,IE,IND_TOTAL,I_DSK2_IL_AB,2023,91.53,Information & Data Literacy,Above Basic
2412,Italy,IT,IND_TOTAL,I_DSK2_IL_AB,2023,69.77,Information & Data Literacy,Above Basic
2413,Lithuania,LT,IND_TOTAL,I_DSK2_IL_AB,2023,89.87,Information & Data Literacy,Above Basic
2414,Luxembourg,LU,IND_TOTAL,I_DSK2_IL_AB,2023,68.95,Information & Data Literacy,Above Basic
2415,Latvia,LV,IND_TOTAL,I_DSK2_IL_AB,2023,77.39,Information & Data Literacy,Above Basic
2416,Montenegro,ME,IND_TOTAL,I_DSK2_IL_AB,2023,79.74,Information & Data Literacy,Above Basic
2417,Malta,MT,IND_TOTAL,I_DSK2_IL_AB,2023,86.42,Information & Data Literacy,Above Basic
2418,Netherlands,NL,IND_TOTAL,I_DSK2_IL_AB,2023,93.36,Information & Data Literacy,Above Basic
2419,Norway,NO,IND_TOTAL,I_DSK2_IL_AB,2023,95.89,Information & Data Literacy,Above Basic
2420,Poland,PL,IND_TOTAL,I_DSK2_IL_AB,2023,81.32,Information & Data Literacy,Above Basic
2421,Portugal,PT,IND_TOTAL,I_DSK2_IL_AB,2023,84.35,Information & Data Literacy,Above Basic
2422,Romania,RO,IND_TOTAL,I_DSK2_IL_AB,2023,60.59,Information & Data Literacy,Above Basic
2423,Serbia,RS,IND_TOTAL,I_DSK2_IL_AB,2023,84.9,Information & Data Literacy,Above Basic
2424,Sweden,SE,IND_TOTAL,I_DSK2_IL_AB,2023,88.14,Information & Data Literacy,Above Basic
2425,Slovenia,SI,IND_TOTAL,I_DSK2_IL_AB,2023,83.36,Information & Data Literacy,Above Basic
2426,Slovakia,SK,IND_TOTAL,I_DSK2_IL_AB,2023,78.91,Information & Data Literacy,Above Basic
2427,Türkiye,TR,IND_TOTAL,I_DSK2_IL_AB,2023,73.12,Information & Data Literacy,Above Basic
2428,Albania,AL,IND_TOTAL,I_DSK2_IL_B,2023,11.78,Information & Data Literacy,Basic
2429,Austria,AT,IND_TOTAL,I_DSK2_IL_B,2023,12.56,Information & Data Literacy,Basic
2430,Bosnia and Herzegovina,BA,IND_TOTAL,I_DSK2_IL_B,2023,11.52,Information & Data Literacy,Basic
2431,Belgium,BE,IND_TOTAL,I_DSK2_IL_B,2023,14.2,Information & Data Literacy,Basic
2432,Bulgaria,BG,IND_TOTAL,I_DSK2_IL_B,2023,14.71,Information & Data Literacy,Basic
2433,Switzerland,CH,IND_TOTAL,I_DSK2_IL_B,2023,7.92,Information & Data Literacy,Basic
2434,Cyprus,CY,IND_TOTAL,I_DSK2_IL_B,2023,6.66,Information & Data Literacy,Basic
2435,Czechia,CZ,IND_TOTAL,I_DSK2_IL_B,2023,5.4,Information & Data Literacy,Basic
2436,Germany,DE,IND_TOTAL,I_DSK2_IL_B,2023,20.84,Information & Data Literacy,Basic
2437,Denmark,DK,IND_TOTAL,I_DSK2_IL_B,2023,5.54,Information & Data Literacy,Basic
2438,Estonia,EE,IND_TOTAL,I_DSK2_IL_B,2023,7.84,Information & Data Literacy,Basic
2439,Greece,EL,IND_TOTAL,I_DSK2_IL_B,2023,8.59,Information & Data Literacy,Basic
2440,Spain,ES,IND_TOTAL,I_DSK2_IL_B,2023,9.24,Information & Data Literacy,Basic
2441,Finland,FI,IND_TOTAL,I_DSK2_IL_B,2023,2.59,Information & Data Literacy,Basic
2442,France,FR,IND_TOTAL,I_DSK2_IL_B,2023,14.88,Information & Data Literacy,Basic
2443,Croatia,HR,IND_TOTAL,I_DSK2_IL_B,2023,5.14,Information & Data Literacy,Basic
2444,Hungary,HU,IND_TOTAL,I_DSK2_IL_B,2023,3.9,Information & Data Literacy,Basic
2445,Ireland,IE,IND_TOTAL,I_DSK2_IL_B,2023,4.06,Information & Data Literacy,Basic
2446,Italy,IT,IND_TOTAL,I_DSK2_IL_B,2023,14.71,Information & Data Literacy,Basic
2447,Lithuania,LT,IND_TOTAL,I_DSK2_IL_B,2023,7.05,Information & Data Literacy,Basic
2448,Luxembourg,LU,IND_TOTAL,I_DSK2_IL_B,2023,16.53,Information & Data Literacy,Basic
2449,Latvia,LV,IND_TOTAL,I_DSK2_IL_B,2023,13.24,Information & Data Literacy,Basic
2450,Montenegro,ME,IND_TOTAL,I_DSK2_IL_B,2023,9.25,Information & Data Literacy,Basic
2451,Malta,MT,IND_TOTAL,I_DSK2_IL_B,2023,6.89,Information & Data Literacy,Basic
2452,Netherlands,NL,IND_TOTAL,I_DSK2_IL_B,2023,4.98,Information & Data Literacy,Basic
2453,Norway,NO,IND_TOTAL,I_DSK2_IL_B,2023,3.07,Information & Data Literacy,Basic
2454,Poland,PL,IND_TOTAL,I_DSK2_IL_B,2023,11.83,Information & Data Literacy,Basic
2455,Portugal,PT,IND_TOTAL,I_DSK2_IL_B,2023,8.22,Information & Data Literacy,Basic
2456,Romania,RO,IND_TOTAL,I_DSK2_IL_B,2023,17.5,Information & Data Literacy,Basic
2457,Serbia,RS,IND_TOTAL,I_DSK2_IL_B,2023,8.61,Information & Data Literacy,Basic
2458,Sweden,SE,IND_TOTAL,I_DSK2_IL_B,2023,6.97,Information & Data Literacy,Basic
2459,Slovenia,SI,IND_TOTAL,I_DSK2_IL_B,2023,10.49,Information & Data Literacy,Basic
2460,Slovakia,SK,IND_TOTAL,I_DSK2_IL_B,2023,12.31,Information & Data Literacy,Basic
2461,Türkiye,TR,IND_TOTAL,I_DSK2_IL_B,2023,11.11,Information & Data Literacy,Basic
2462,Albania,AL,IND_TOTAL,I_DSK2_IL_B,2023,14.17,Information & Data Literacy,Basic
2463,Austria,AT,IND_TOTAL,I_DSK2_IL_B,2023,13.17,Information & Data Literacy,Basic
2464,Bosnia and Herzegovina,BA,IND_TOTAL,I_DSK2_IL_B,2023,13.82,Information & Data Literacy,Basic
2465,Belgium,BE,IND_TOTAL,I_DSK2_IL_B,2023,15.01,Information & Data Literacy,Basic
2466,Bulgaria,BG,IND_TOTAL,I_DSK2_IL_B,2023,18.3,Information & Data Literacy,Basic
2467,Switzerland,CH,IND_TOTAL,I_DSK2_IL_B,2023,7.98,Information & Data Literacy,Basic
2468,Cyprus,CY,IND_TOTAL,I_DSK2_IL_B,2023,7.3,Information & Data Literacy,Basic
2469,Czechia,CZ,IND_TOTAL,I_DSK2_IL_B,2023,5.87,Information & Data Literacy,Basic
2470,Germany,DE,IND_TOTAL,I_DSK2_IL_B,2023,22.53,Information & Data Literacy,Basic
2471,Denmark,DK,IND_TOTAL,I_DSK2_IL_B,2023,5.61,Information & Data Literacy,Basic
2472,Estonia,EE,IND_TOTAL,I_DSK2_IL_B,2023,8.41,Information & Data Literacy,Basic
2473,Greece,EL,IND_TOTAL,I_DSK2_IL_B,2023,10.11,Information & Data Literacy,Basic
2474,Spain,ES,IND_TOTAL,I_DSK2_IL_B,2023,9.68,Information & Data Literacy,Basic
2475,Finland,FI,IND_TOTAL,I_DSK2_IL_B,2023,2.65,Information & Data Literacy,Basic
2476,France,FR,IND_TOTAL,I_DSK2_IL_B,2023,16.03,Information & Data Literacy,Basic
2477,Croatia,HR,IND_TOTAL,I_DSK2_IL_B,2023,6.16,Information & Data Literacy,Basic
2478,Hungary,HU,IND_TOTAL,I_DSK2_IL_B,2023,4.26,Information & Data Literacy,Basic
2479,Ireland,IE,IND_TOTAL,I_DSK2_IL_B,2023,4.36,Information & Data Literacy,Basic
2480,Italy,IT,IND_TOTAL,I_DSK2_IL_B,2023,16.92,Information & Data Literacy,Basic
2481,Lithuania,LT,IND_TOTAL,I_DSK2_IL_B,2023,7.97,Information & Data Literacy,Basic
2482,Luxembourg,LU,IND_TOTAL,I_DSK2_IL_B,2023,16.64,Information & Data Literacy,Basic
2483,Latvia,LV,IND_TOTAL,I_DSK2_IL_B,2023,14.34,Information & Data Literacy,Basic
2484,Montenegro,ME,IND_TOTAL,I_DSK2_IL_B,2023,10.46,Information & Data Literacy,Basic
2485,Malta,MT,IND_TOTAL,I_DSK2_IL_B,2023,7.43,Information & Data Literacy,Basic
2486,Netherlands,NL,IND_TOTAL,I_DSK2_IL_B,2023,5.03,Information & Data Literacy,Basic
2487,Norway,NO,IND_TOTAL,I_DSK2_IL_B,2023,3.08,Information & Data Literacy,Basic
2488,Poland,PL,IND_TOTAL,I_DSK2_IL_B,2023,13.69,Information & Data Literacy,Basic
2489,Portugal,PT,IND_TOTAL,I_DSK2_IL_B,2023,9.58,Information & Data Literacy,Basic
2490,Romania,RO,IND_TOTAL,I_DSK2_IL_B,2023,19.62,Information & Data Literacy,Basic
2491,Serbia,RS,IND_TOTAL,I_DSK2_IL_B,2023,10.09,Information & Data Literacy,Basic
2492,Sweden,SE,IND_TOTAL,I_DSK2_IL_B,2023,7.14,Information & Data Literacy,Basic
2493,Slovenia,SI,IND_TOTAL,I_DSK2_IL_B,2023,11.61,Information & Data Literacy,Basic
2494,Slovakia,SK,IND_TOTAL,I_DSK2_IL_B,2023,14.12,Information & Data Literacy,Basic
2495,Türkiye,TR,IND_TOTAL,I_DSK2_IL_B,2023,12.93,Information & Data Literacy,Basic
2496,Albania,AL,IND_TOTAL,I_DSK2_IL_BAB,2023,69.0,Information & Data Literacy,At Least Basic
2497,Austria,AT,IND_TOTAL,I_DSK2_IL_BAB,2023,87.5,Information & Data Literacy,At Least Basic
2498,Bosnia and Herzegovina,BA,IND_TOTAL,I_DSK2_IL_BAB,2023,73.99,Information & Data Literacy,At Least Basic
2499,Belgium,BE,IND_TOTAL,I_DSK2_IL_BAB,2023,87.79,Information & Data Literacy,At Least Basic
2500,Bulgaria,BG,IND_TOTAL,I_DSK2_IL_BAB,2023,70.44,Information & Data Literacy,At Least Basic
2501,Switzerland,CH,IND_TOTAL,I_DSK2_IL_BAB,2023,94.41,Information & Data Literacy,At Least Basic
2502,Cyprus,CY,IND_TOTAL,I_DSK2_IL_BAB,2023,88.45,Information & Data Literacy,At Least Basic
2503,Czechia,CZ,IND_TOTAL,I_DSK2_IL_BAB,2023,89.86,Information & Data Literacy,At Least Basic
2504,Germany,DE,IND_TOTAL,I_DSK2_IL_BAB,2023,74.34,Information & Data Literacy,At Least Basic
2505,Denmark,DK,IND_TOTAL,I_DSK2_IL_BAB,2023,95.34,Information & Data Literacy,At Least Basic
2506,Estonia,EE,IND_TOTAL,I_DSK2_IL_BAB,2023,89.97,Information & Data Literacy,At Least Basic
2507,Greece,EL,IND_TOTAL,I_DSK2_IL_BAB,2023,82.3,Information & Data Literacy,At Least Basic
2508,Spain,ES,IND_TOTAL,I_DSK2_IL_BAB,2023,88.23,Information & Data Literacy,At Least Basic
2509,Finland,FI,IND_TOTAL,I_DSK2_IL_BAB,2023,96.13,Information & Data Literacy,At Least Basic
2510,France,FR,IND_TOTAL,I_DSK2_IL_BAB,2023,81.96,Information & Data Literacy,At Least Basic
2511,Croatia,HR,IND_TOTAL,I_DSK2_IL_BAB,2023,80.96,Information & Data Literacy,At Least Basic
2512,Hungary,HU,IND_TOTAL,I_DSK2_IL_BAB,2023,88.96,Information & Data Literacy,At Least Basic
2513,Ireland,IE,IND_TOTAL,I_DSK2_IL_BAB,2023,89.44,Information & Data Literacy,At Least Basic
2514,Italy,IT,IND_TOTAL,I_DSK2_IL_BAB,2023,75.35,Information & Data Literacy,At Least Basic
2515,Lithuania,LT,IND_TOTAL,I_DSK2_IL_BAB,2023,86.59,Information & Data Literacy,At Least Basic
2516,Luxembourg,LU,IND_TOTAL,I_DSK2_IL_BAB,2023,85.03,Information & Data Literacy,At Least Basic
2517,Latvia,LV,IND_TOTAL,I_DSK2_IL_BAB,2023,84.69,Information & Data Literacy,At Least Basic
2518,Montenegro,ME,IND_TOTAL,I_DSK2_IL_BAB,2023,79.7,Information & Data Literacy,At Least Basic
2519,Malta,MT,IND_TOTAL,I_DSK2_IL_BAB,2023,87.1,Information & Data Literacy,At Least Basic
2520,Netherlands,NL,IND_TOTAL,I_DSK2_IL_BAB,2023,97.55,Information & Data Literacy,At Least Basic
2521,Norway,NO,IND_TOTAL,I_DSK2_IL_BAB,2023,98.65,Information & Data Literacy,At Least Basic
2522,Poland,PL,IND_TOTAL,I_DSK2_IL_BAB,2023,82.1,Information & Data Literacy,At Least Basic
2523,Portugal,PT,IND_TOTAL,I_DSK2_IL_BAB,2023,80.58,Information & Data Literacy,At Least Basic
2524,Romania,RO,IND_TOTAL,I_DSK2_IL_BAB,2023,71.56,Information & Data Literacy,At Least Basic
2525,Serbia,RS,IND_TOTAL,I_DSK2_IL_BAB,2023,81.08,Information & Data Literacy,At Least Basic
2526,Sweden,SE,IND_TOTAL,I_DSK2_IL_BAB,2023,92.99,Information & Data Literacy,At Least Basic
2527,Slovenia,SI,IND_TOTAL,I_DSK2_IL_BAB,2023,85.83,Information & Data Literacy,At Least Basic
2528,Slovakia,SK,IND_TOTAL,I_DSK2_IL_BAB,2023,81.13,Information & Data Literacy,At Least Basic
2529,Türkiye,TR,IND_TOTAL,I_DSK2_IL_BAB,2023,73.97,Information & Data Literacy,At Least Basic
2530,Albania,AL,IND_TOTAL,I_DSK2_IL_BAB,2023,82.99,Information & Data Literacy,At Least Basic
2531,Austria,AT,IND_TOTAL,I_DSK2_IL_BAB,2023,91.78,Information & Data Literacy,At Least Basic
2532,Bosnia and Herzegovina,BA,IND_TOTAL,I_DSK2_IL_BAB,2023,88.74,Information & Data Literacy,At Least Basic
2533,Belgium,BE,IND_TOTAL,I_DSK2_IL_BAB,2023,92.77,Information & Data Literacy,At Least Basic
2534,Bulgaria,BG,IND_TOTAL,I_DSK2_IL_BAB,2023,87.62,Information & Data Literacy,At Least Basic
2535,Switzerland,CH,IND_TOTAL,I_DSK2_IL_BAB,2023,95.12,Information & Data Literacy,At Least Basic
2536,Cyprus,CY,IND_TOTAL,I_DSK2_IL_BAB,2023,96.96,Information & Data Literacy,At Least Basic
2537,Czechia,CZ,IND_TOTAL,I_DSK2_IL_BAB,2023,97.63,Information & Data Literacy,At Least Basic
2538,Germany,DE,IND_TOTAL,I_DSK2_IL_BAB,2023,80.39,Information & Data Literacy,At Least Basic
2539,Denmark,DK,IND_TOTAL,I_DSK2_IL_BAB,2023,96.5,Information & Data Literacy,At Least Basic
2540,Estonia,EE,IND_TOTAL,I_DSK2_IL_BAB,2023,96.53,Information & Data Literacy,At Least Basic
2541,Greece,EL,IND_TOTAL,I_DSK2_IL_BAB,2023,96.81,Information & Data Literacy,At Least Basic
2542,Spain,ES,IND_TOTAL,I_DSK2_IL_BAB,2023,92.44,Information & Data Literacy,At Least Basic
2543,Finland,FI,IND_TOTAL,I_DSK2_IL_BAB,2023,98.4,Information & Data Literacy,At Least Basic
2544,France,FR,IND_TOTAL,I_DSK2_IL_BAB,2023,88.29,Information & Data Literacy,At Least Basic
2545,Croatia,HR,IND_TOTAL,I_DSK2_IL_BAB,2023,97.07,Information & Data Literacy,At Least Basic
2546,Hungary,HU,IND_TOTAL,I_DSK2_IL_BAB,2023,97.28,Information & Data Literacy,At Least Basic
2547,Ireland,IE,IND_TOTAL,I_DSK2_IL_BAB,2023,95.89,Information & Data Literacy,At Least Basic
2548,Italy,IT,IND_TOTAL,I_DSK2_IL_BAB,2023,86.69,Information & Data Literacy,At Least Basic
2549,Lithuania,LT,IND_TOTAL,I_DSK2_IL_BAB,2023,97.84,Information & Data Literacy,At Least Basic
2550,Luxembourg,LU,IND_TOTAL,I_DSK2_IL_BAB,2023,85.59,Information & Data Literacy,At Least Basic
2551,Latvia,LV,IND_TOTAL,I_DSK2_IL_BAB,2023,91.73,Information & Data Literacy,At Least Basic
2552,Montenegro,ME,IND_TOTAL,I_DSK2_IL_BAB,2023,90.2,Information & Data Literacy,At Least Basic
2553,Malta,MT,IND_TOTAL,I_DSK2_IL_BAB,2023,93.84,Information & Data Literacy,At Least Basic
2554,Netherlands,NL,IND_TOTAL,I_DSK2_IL_BAB,2023,98.39,Information & Data Literacy,At Least Basic
2555,Norway,NO,IND_TOTAL,I_DSK2_IL_BAB,2023,98.96,Information & Data Literacy,At Least Basic
2556,Poland,PL,IND_TOTAL,I_DSK2_IL_BAB,2023,95.01,Information & Data Literacy,At Least Basic
2557,Portugal,PT,IND_TOTAL,I_DSK2_IL_BAB,2023,93.93,Information & Data Literacy,At Least Basic
2558,Romania,RO,IND_TOTAL,I_DSK2_IL_BAB,2023,80.22,Information & Data Literacy,At Least Basic
2559,Serbia,RS,IND_TOTAL,I_DSK2_IL_BAB,2023,94.99,Information & Data Literacy,At Least Basic
2560,Sweden,SE,IND_TOTAL,I_DSK2_IL_BAB,2023,95.28,Information & Data Literacy,At Least Basic
2561,Slovenia,SI,IND_TOTAL,I_DSK2_IL_BAB,2023,94.97,Information & Data Literacy,At Least Basic
2562,Slovakia,SK,IND_TOTAL,I_DSK2_IL_BAB,2023,93.03,Information & Data Literacy,At Least Basic
2563,Türkiye,TR,IND_TOTAL,I_DSK2_IL_BAB,2023,86.05,Information & Data Literacy,At Least Basic
2564,Albania,AL,IND_TOTAL,I_DSK2_LM,2023,15.88,Overall Digital Skills,Limited
2565,Austria,AT,IND_TOTAL,I_DSK2_LM,2023,4.13,Overall Digital Skills,Limited
2566,Bosnia and Herzegovina,BA,IND_TOTAL,I_DSK2_LM,2023,10.75,Overall Digital Skills,Limited
2567,Belgium,BE,IND_TOTAL,I_DSK2_LM,2023,4.36,Overall Digital Skills,Limited
2568,Bulgaria,BG,IND_TOTAL,I_DSK2_LM,2023,10.03,Overall Digital Skills,Limited
2569,Switzerland,CH,IND_TOTAL,I_DSK2_LM,2023,1.81,Overall Digital Skills,Limited
2570,Cyprus,CY,IND_TOTAL,I_DSK2_LM,2023,6.35,Overall Digital Skills,Limited
2571,Czechia,CZ,IND_TOTAL,I_DSK2_LM,2023,2.59,Overall Digital Skills,Limited
2572,Germany,DE,IND_TOTAL,I_DSK2_LM,2023,5.61,Overall Digital Skills,Limited
2573,Denmark,DK,IND_TOTAL,I_DSK2_LM,2023,1.54,Overall Digital Skills,Limited
2574,Estonia,EE,IND_TOTAL,I_DSK2_LM,2023,3.23,Overall Digital Skills,Limited
2575,Greece,EL,IND_TOTAL,I_DSK2_LM,2023,6.31,Overall Digital Skills,Limited
2576,Spain,ES,IND_TOTAL,I_DSK2_LM,2023,4.36,Overall Digital Skills,Limited
2577,Finland,FI,IND_TOTAL,I_DSK2_LM,2023,0.8,Overall Digital Skills,Limited
2578,France,FR,IND_TOTAL,I_DSK2_LM,2023,4.65,Overall Digital Skills,Limited
2579,Croatia,HR,IND_TOTAL,I_DSK2_LM,2023,2.16,Overall Digital Skills,Limited
2580,Hungary,HU,IND_TOTAL,I_DSK2_LM,2023,3.89,Overall Digital Skills,Limited
2581,Ireland,IE,IND_TOTAL,I_DSK2_LM,2023,3.32,Overall Digital Skills,Limited
2582,Italy,IT,IND_TOTAL,I_DSK2_LM,2023,7.15,Overall Digital Skills,Limited
2583,Lithuania,LT,IND_TOTAL,I_DSK2_LM,2023,6.07,Overall Digital Skills,Limited
2584,Luxembourg,LU,IND_TOTAL,I_DSK2_LM,2023,5.05,Overall Digital Skills,Limited
2585,Latvia,LV,IND_TOTAL,I_DSK2_LM,2023,6.3,Overall Digital Skills,Limited
2586,Montenegro,ME,IND_TOTAL,I_DSK2_LM,2023,3.15,Overall Digital Skills,Limited
2587,Malta,MT,IND_TOTAL,I_DSK2_LM,2023,3.66,Overall Digital Skills,Limited
2588,Netherlands,NL,IND_TOTAL,I_DSK2_LM,2023,0.65,Overall Digital Skills,Limited
2589,Norway,NO,IND_TOTAL,I_DSK2_LM,2023,0.29,Overall Digital Skills,Limited
2590,Poland,PL,IND_TOTAL,I_DSK2_LM,2023,6.41,Overall Digital Skills,Limited
2591,Portugal,PT,IND_TOTAL,I_DSK2_LM,2023,5.15,Overall Digital Skills,Limited
2592,Romania,RO,IND_TOTAL,I_DSK2_LM,2023,15.35,Overall Digital Skills,Limited
2593,Serbia,RS,IND_TOTAL,I_DSK2_LM,2023,6.73,Overall Digital Skills,Limited
2594,Sweden,SE,IND_TOTAL,I_DSK2_LM,2023,2.37,Overall Digital Skills,Limited
2595,Slovenia,SI,IND_TOTAL,I_DSK2_LM,2023,6.48,Overall Digital Skills,Limited
2596,Slovakia,SK,IND_TOTAL,I_DSK2_LM,2023,4.0,Overall Digital Skills,Limited
2597,Türkiye,TR,IND_TOTAL,I_DSK2_LM,2023,9.05,Overall Digital Skills,Limited
2598,Albania,AL,IND_TOTAL,I_DSK2_LM,2023,19.1,Overall Digital Skills,Limited
2599,Austria,AT,IND_TOTAL,I_DSK2_LM,2023,4.33,Overall Digital Skills,Limited
2600,Bosnia and Herzegovina,BA,IND_TOTAL,I_DSK2_LM,2023,12.9,Overall Digital Skills,Limited
2601,Belgium,BE,IND_TOTAL,I_DSK2_LM,2023,4.61,Overall Digital Skills,Limited
2602,Bulgaria,BG,IND_TOTAL,I_DSK2_LM,2023,12.47,Overall Digital Skills,Limited
2603,Switzerland,CH,IND_TOTAL,I_DSK2_LM,2023,1.82,Overall Digital Skills,Limited
2604,Cyprus,CY,IND_TOTAL,I_DSK2_LM,2023,6.96,Overall Digital Skills,Limited
2605,Czechia,CZ,IND_TOTAL,I_DSK2_LM,2023,2.81,Overall Digital Skills,Limited
2606,Germany,DE,IND_TOTAL,I_DSK2_LM,2023,6.07,Overall Digital Skills,Limited
2607,Denmark,DK,IND_TOTAL,I_DSK2_LM,2023,1.56,Overall Digital Skills,Limited
2608,Estonia,EE,IND_TOTAL,I_DSK2_LM,2023,3.47,Overall Digital Skills,Limited
2609,Greece,EL,IND_TOTAL,I_DSK2_LM,2023,7.42,Overall Digital Skills,Limited
2610,Spain,ES,IND_TOTAL,I_DSK2_LM,2023,4.57,Overall Digital Skills,Limited
2611,Finland,FI,IND_TOTAL,I_DSK2_LM,2023,0.81,Overall Digital Skills,Limited
2612,France,FR,IND_TOTAL,I_DSK2_LM,2023,5.01,Overall Digital Skills,Limited
2613,Croatia,HR,IND_TOTAL,I_DSK2_LM,2023,2.59,Overall Digital Skills,Limited
2614,Hungary,HU,IND_TOTAL,I_DSK2_LM,2023,4.26,Overall Digital Skills,Limited
2615,Ireland,IE,IND_TOTAL,I_DSK2_LM,2023,3.56,Overall Digital Skills,Limited
2616,Italy,IT,IND_TOTAL,I_DSK2_LM,2023,8.22,Overall Digital Skills,Limited
2617,Lithuania,LT,IND_TOTAL,I_DSK2_LM,2023,6.85,Overall Digital Skills,Limited
2618,Luxembourg,LU,IND_TOTAL,I_DSK2_LM,2023,5.08,Overall Digital Skills,Limited
2619,Latvia,LV,IND_TOTAL,I_DSK2_LM,2023,6.83,Overall Digital Skills,Limited
2620,Montenegro,ME,IND_TOTAL,I_DSK2_LM,2023,3.57,Overall Digital Skills,Limited
2621,Malta,MT,IND_TOTAL,I_DSK2_LM,2023,3.94,Overall Digital Skills,Limited
2622,Netherlands,NL,IND_TOTAL,I_DSK2_LM,2023,0.66,Overall Digital Skills,Limited
2623,Poland,PL,IND_TOTAL,I_DSK2_LM,2023,7.42,Overall Digital Skills,Limited
2624,Portugal,PT,IND_TOTAL,I_DSK2_LM,2023,6.0,Overall Digital Skills,Limited
2625,Romania,RO,IND_TOTAL,I_DSK2_LM,2023,17.2,Overall Digital Skills,Limited
2626,Serbia,RS,IND_TOTAL,I_DSK2_LM,2023,7.89,Overall Digital Skills,Limited
2627,Sweden,SE,IND_TOTAL,I_DSK2_LM,2023,2.43,Overall Digital Skills,Limited
2628,Slovenia,SI,IND_TOTAL,I_DSK2_LM,2023,7.17,Overall Digital Skills,Limited
2629,Slovakia,SK,IND_TOTAL,I_DSK2_LM,2023,4.58,Overall Digital Skills,Limited
2630,Türkiye,TR,IND_TOTAL,I_DSK2_LM,2023,10.53,Overall Digital Skills,Limited
2631,Albania,AL,IND_TOTAL,I_DSK2_LW,2023,19.07,Overall Digital Skills,Low
2632,Austria,AT,IND_TOTAL,I_DSK2_LW,2023,17.01,Overall Digital Skills,Low
2633,Bosnia and Herzegovina,BA,IND_TOTAL,I_DSK2_LW,2023,23.94,Overall Digital Skills,Low
2634,Belgium,BE,IND_TOTAL,I_DSK2_LW,2023,18.46,Overall Digital Skills,Low
2635,Bulgaria,BG,IND_TOTAL,I_DSK2_LW,2023,15.59,Overall Digital Skills,Low
2636,Switzerland,CH,IND_TOTAL,I_DSK2_LW,2023,13.21,Overall Digital Skills,Low
2637,Cyprus,CY,IND_TOTAL,I_DSK2_LW,2023,23.51,Overall Digital Skills,Low
2638,Czechia,CZ,IND_TOTAL,I_DSK2_LW,2023,13.89,Overall Digital Skills,Low
2639,Germany,DE,IND_TOTAL,I_DSK2_LW,2023,20.89,Overall Digital Skills,Low
2640,Denmark,DK,IND_TOTAL,I_DSK2_LW,2023,19.62,Overall Digital Skills,Low
2641,Estonia,EE,IND_TOTAL,I_DSK2_LW,2023,17.4,Overall Digital Skills,Low
2642,Greece,EL,IND_TOTAL,I_DSK2_LW,2023,14.98,Overall Digital Skills,Low
2643,Spain,ES,IND_TOTAL,I_DSK2_LW,2023,15.25,Overall Digital Skills,Low
2644,Finland,FI,IND_TOTAL,I_DSK2_LW,2023,11.28,Overall Digital Skills,Low
2645,France,FR,IND_TOTAL,I_DSK2_LW,2023,16.73,Overall Digital Skills,Low
2646,Croatia,HR,IND_TOTAL,I_DSK2_LW,2023,15.93,Overall Digital Skills,Low
2647,Hungary,HU,IND_TOTAL,I_DSK2_LW,2023,18.6,Overall Digital Skills,Low
2648,Ireland,IE,IND_TOTAL,I_DSK2_LW,2023,10.59,Overall Digital Skills,Low
2649,Italy,IT,IND_TOTAL,I_DSK2_LW,2023,18.23,Overall Digital Skills,Low
2650,Lithuania,LT,IND_TOTAL,I_DSK2_LW,2023,16.4,Overall Digital Skills,Low
2651,Luxembourg,LU,IND_TOTAL,I_DSK2_LW,2023,20.13,Overall Digital Skills,Low
2652,Latvia,LV,IND_TOTAL,I_DSK2_LW,2023,22.22,Overall Digital Skills,Low
2653,Montenegro,ME,IND_TOTAL,I_DSK2_LW,2023,25.44,Overall Digital Skills,Low
2654,Malta,MT,IND_TOTAL,I_DSK2_LW,2023,17.28,Overall Digital Skills,Low
2655,Netherlands,NL,IND_TOTAL,I_DSK2_LW,2023,12.12,Overall Digital Skills,Low
2656,Norway,NO,IND_TOTAL,I_DSK2_LW,2023,14.66,Overall Digital Skills,Low
2657,Poland,PL,IND_TOTAL,I_DSK2_LW,2023,20.36,Overall Digital Skills,Low
2658,Portugal,PT,IND_TOTAL,I_DSK2_LW,2023,14.39,Overall Digital Skills,Low
2659,Romania,RO,IND_TOTAL,I_DSK2_LW,2023,18.73,Overall Digital Skills,Low
2660,Serbia,RS,IND_TOTAL,I_DSK2_LW,2023,30.63,Overall Digital Skills,Low
2661,Sweden,SE,IND_TOTAL,I_DSK2_LW,2023,19.57,Overall Digital Skills,Low
2662,Slovenia,SI,IND_TOTAL,I_DSK2_LW,2023,20.64,Overall Digital Skills,Low
2663,Slovakia,SK,IND_TOTAL,I_DSK2_LW,2023,19.3,Overall Digital Skills,Low
2664,Türkiye,TR,IND_TOTAL,I_DSK2_LW,2023,20.91,Overall Digital Skills,Low
2665,Albania,AL,IND_TOTAL,I_DSK2_LW,2023,22.94,Overall Digital Skills,Low
2666,Austria,AT,IND_TOTAL,I_DSK2_LW,2023,17.84,Overall Digital Skills,Low
2667,Bosnia and Herzegovina,BA,IND_TOTAL,I_DSK2_LW,2023,28.72,Overall Digital Skills,Low
2668,Belgium,BE,IND_TOTAL,I_DSK2_LW,2023,19.51,Overall Digital Skills,Low
2669,Bulgaria,BG,IND_TOTAL,I_DSK2_LW,2023,19.4,Overall Digital Skills,Low
2670,Switzerland,CH,IND_TOTAL,I_DSK2_LW,2023,13.31,Overall Digital Skills,Low
2671,Cyprus,CY,IND_TOTAL,I_DSK2_LW,2023,25.77,Overall Digital Skills,Low
2672,Czechia,CZ,IND_TOTAL,I_DSK2_LW,2023,15.09,Overall Digital Skills,Low
2673,Germany,DE,IND_TOTAL,I_DSK2_LW,2023,22.59,Overall Digital Skills,Low
2674,Denmark,DK,IND_TOTAL,I_DSK2_LW,2023,19.85,Overall Digital Skills,Low
2675,Estonia,EE,IND_TOTAL,I_DSK2_LW,2023,18.67,Overall Digital Skills,Low
2676,Greece,EL,IND_TOTAL,I_DSK2_LW,2023,17.62,Overall Digital Skills,Low
2677,Spain,ES,IND_TOTAL,I_DSK2_LW,2023,15.97,Overall Digital Skills,Low
2678,Finland,FI,IND_TOTAL,I_DSK2_LW,2023,11.54,Overall Digital Skills,Low
2679,France,FR,IND_TOTAL,I_DSK2_LW,2023,18.03,Overall Digital Skills,Low
2680,Croatia,HR,IND_TOTAL,I_DSK2_LW,2023,19.1,Overall Digital Skills,Low
2681,Hungary,HU,IND_TOTAL,I_DSK2_LW,2023,20.34,Overall Digital Skills,Low
2682,Ireland,IE,IND_TOTAL,I_DSK2_LW,2023,11.36,Overall Digital Skills,Low
2683,Italy,IT,IND_TOTAL,I_DSK2_LW,2023,20.98,Overall Digital Skills,Low
2684,Lithuania,LT,IND_TOTAL,I_DSK2_LW,2023,18.53,Overall Digital Skills,Low
2685,Luxembourg,LU,IND_TOTAL,I_DSK2_LW,2023,20.26,Overall Digital Skills,Low
2686,Latvia,LV,IND_TOTAL,I_DSK2_LW,2023,24.07,Overall Digital Skills,Low
2687,Montenegro,ME,IND_TOTAL,I_DSK2_LW,2023,28.8,Overall Digital Skills,Low
2688,Malta,MT,IND_TOTAL,I_DSK2_LW,2023,18.62,Overall Digital Skills,Low
2689,Netherlands,NL,IND_TOTAL,I_DSK2_LW,2023,12.23,Overall Digital Skills,Low
2690,Norway,NO,IND_TOTAL,I_DSK2_LW,2023,14.71,Overall Digital Skills,Low
2691,Poland,PL,IND_TOTAL,I_DSK2_LW,2023,23.56,Overall Digital Skills,Low
2692,Portugal,PT,IND_TOTAL,I_DSK2_LW,2023,16.78,Overall Digital Skills,Low
2693,Romania,RO,IND_TOTAL,I_DSK2_LW,2023,21.0,Overall Digital Skills,Low
2694,Serbia,RS,IND_TOTAL,I_DSK2_LW,2023,35.89,Overall Digital Skills,Low
2695,Sweden,SE,IND_TOTAL,I_DSK2_LW,2023,20.05,Overall Digital Skills,Low
2696,Slovenia,SI,IND_TOTAL,I_DSK2_LW,2023,22.83,Overall Digital Skills,Low
2697,Slovakia,SK,IND_TOTAL,I_DSK2_LW,2023,22.13,Overall Digital Skills,Low
2698,Türkiye,TR,IND_TOTAL,I_DSK2_LW,2023,24.32,Overall Digital Skills,Low
2699,Albania,AL,IND_TOTAL,I_DSK2_N,2023,15.22,Overall Digital Skills,Narrow
2700,Austria,AT,IND_TOTAL,I_DSK2_N,2023,7.49,Overall Digital Skills,Narrow
2701,Bosnia and Herzegovina,BA,IND_TOTAL,I_DSK2_N,2023,13.65,Overall Digital Skills,Narrow
2702,Belgium,BE,IND_TOTAL,I_DSK2_N,2023,10.3,Overall Digital Skills,Narrow
2703,Bulgaria,BG,IND_TOTAL,I_DSK2_N,2023,13.36,Overall Digital Skills,Narrow
2704,Switzerland,CH,IND_TOTAL,I_DSK2_N,2023,5.42,Overall Digital Skills,Narrow
2705,Cyprus,CY,IND_TOTAL,I_DSK2_N,2023,9.64,Overall Digital Skills,Narrow
2706,Czechia,CZ,IND_TOTAL,I_DSK2_N,2023,5.32,Overall Digital Skills,Narrow
2707,Germany,DE,IND_TOTAL,I_DSK2_N,2023,11.44,Overall Digital Skills,Narrow
2708,Denmark,DK,IND_TOTAL,I_DSK2_N,2023,7.12,Overall Digital Skills,Narrow
2709,Estonia,EE,IND_TOTAL,I_DSK2_N,2023,8.06,Overall Digital Skills,Narrow
2710,Greece,EL,IND_TOTAL,I_DSK2_N,2023,8.51,Overall Digital Skills,Narrow
2711,Spain,ES,IND_TOTAL,I_DSK2_N,2023,7.15,Overall Digital Skills,Narrow
2712,Finland,FI,IND_TOTAL,I_DSK2_N,2023,3.01,Overall Digital Skills,Narrow
2713,France,FR,IND_TOTAL,I_DSK2_N,2023,9.3,Overall Digital Skills,Narrow
2714,Croatia,HR,IND_TOTAL,I_DSK2_N,2023,6.27,Overall Digital Skills,Narrow
2715,Hungary,HU,IND_TOTAL,I_DSK2_N,2023,8.54,Overall Digital Skills,Narrow
2716,Ireland,IE,IND_TOTAL,I_DSK2_N,2023,6.17,Overall Digital Skills,Narrow
2717,Italy,IT,IND_TOTAL,I_DSK2_N,2023,10.7,Overall Digital Skills,Narrow
2718,Lithuania,LT,IND_TOTAL,I_DSK2_N,2023,10.34,Overall Digital Skills,Narrow
2719,Luxembourg,LU,IND_TOTAL,I_DSK2_N,2023,10.16,Overall Digital Skills,Narrow
2720,Latvia,LV,IND_TOTAL,I_DSK2_N,2023,15.82,Overall Digital Skills,Narrow
2721,Montenegro,ME,IND_TOTAL,I_DSK2_N,2023,7.61,Overall Digital Skills,Narrow
2722,Malta,MT,IND_TOTAL,I_DSK2_N,2023,7.72,Overall Digital Skills,Narrow
2723,Netherlands,NL,IND_TOTAL,I_DSK2_N,2023,3.43,Overall Digital Skills,Narrow
2724,Norway,NO,IND_TOTAL,I_DSK2_N,2023,3.24,Overall Digital Skills,Narrow
2725,Poland,PL,IND_TOTAL,I_DSK2_N,2023,11.56,Overall Digital Skills,Narrow
2726,Portugal,PT,IND_TOTAL,I_DSK2_N,2023,7.59,Overall Digital Skills,Narrow
2727,Romania,RO,IND_TOTAL,I_DSK2_N,2023,17.47,Overall Digital Skills,Narrow
2728,Serbia,RS,IND_TOTAL,I_DSK2_N,2023,11.76,Overall Digital Skills,Narrow
2729,Sweden,SE,IND_TOTAL,I_DSK2_N,2023,8.19,Overall Digital Skills,Narrow
2730,Slovenia,SI,IND_TOTAL,I_DSK2_N,2023,12.86,Overall Digital Skills,Narrow
2731,Slovakia,SK,IND_TOTAL,I_DSK2_N,2023,10.55,Overall Digital Skills,Narrow
2732,Türkiye,TR,IND_TOTAL,I_DSK2_N,2023,16.6,Overall Digital Skills,Narrow
2733,Albania,AL,IND_TOTAL,I_DSK2_N,2023,18.31,Overall Digital Skills,Narrow
2734,Austria,AT,IND_TOTAL,I_DSK2_N,2023,7.86,Overall Digital Skills,Narrow
2735,Bosnia and Herzegovina,BA,IND_TOTAL,I_DSK2_N,2023,16.37,Overall Digital Skills,Narrow
2736,Belgium,BE,IND_TOTAL,I_DSK2_N,2023,10.88,Overall Digital Skills,Narrow
2737,Bulgaria,BG,IND_TOTAL,I_DSK2_N,2023,16.62,Overall Digital Skills,Narrow
2738,Switzerland,CH,IND_TOTAL,I_DSK2_N,2023,5.46,Overall Digital Skills,Narrow
2739,Cyprus,CY,IND_TOTAL,I_DSK2_N,2023,10.56,Overall Digital Skills,Narrow
2740,Czechia,CZ,IND_TOTAL,I_DSK2_N,2023,5.78,Overall Digital Skills,Narrow
2741,Germany,DE,IND_TOTAL,I_DSK2_N,2023,12.37,Overall Digital Skills,Narrow
2742,Denmark,DK,IND_TOTAL,I_DSK2_N,2023,7.21,Overall Digital Skills,Narrow
2743,Estonia,EE,IND_TOTAL,I_DSK2_N,2023,8.65,Overall Digital Skills,Narrow
2744,Greece,EL,IND_TOTAL,I_DSK2_N,2023,10.01,Overall Digital Skills,Narrow
2745,Spain,ES,IND_TOTAL,I_DSK2_N,2023,7.49,Overall Digital Skills,Narrow
2746,Finland,FI,IND_TOTAL,I_DSK2_N,2023,3.08,Overall Digital Skills,Narrow
2747,France,FR,IND_TOTAL,I_DSK2_N,2023,10.01,Overall Digital Skills,Narrow
2748,Croatia,HR,IND_TOTAL,I_DSK2_N,2023,7.52,Overall Digital Skills,Narrow
2749,Hungary,HU,IND_TOTAL,I_DSK2_N,2023,9.34,Overall Digital Skills,Narrow
2750,Ireland,IE,IND_TOTAL,I_DSK2_N,2023,6.61,Overall Digital Skills,Narrow
2751,Italy,IT,IND_TOTAL,I_DSK2_N,2023,12.31,Overall Digital Skills,Narrow
2752,Lithuania,LT,IND_TOTAL,I_DSK2_N,2023,11.69,Overall Digital Skills,Narrow
2753,Luxembourg,LU,IND_TOTAL,I_DSK2_N,2023,10.23,Overall Digital Skills,Narrow
2754,Latvia,LV,IND_TOTAL,I_DSK2_N,2023,17.13,Overall Digital Skills,Narrow
2755,Montenegro,ME,IND_TOTAL,I_DSK2_N,2023,8.61,Overall Digital Skills,Narrow
2756,Malta,MT,IND_TOTAL,I_DSK2_N,2023,8.32,Overall Digital Skills,Narrow
2757,Netherlands,NL,IND_TOTAL,I_DSK2_N,2023,3.45,Overall Digital Skills,Narrow
2758,Norway,NO,IND_TOTAL,I_DSK2_N,2023,3.25,Overall Digital Skills,Narrow
2759,Poland,PL,IND_TOTAL,I_DSK2_N,2023,13.38,Overall Digital Skills,Narrow
2760,Portugal,PT,IND_TOTAL,I_DSK2_N,2023,8.84,Overall Digital Skills,Narrow
2761,Romania,RO,IND_TOTAL,I_DSK2_N,2023,19.59,Overall Digital Skills,Narrow
2762,Serbia,RS,IND_TOTAL,I_DSK2_N,2023,13.78,Overall Digital Skills,Narrow
2763,Sweden,SE,IND_TOTAL,I_DSK2_N,2023,8.39,Overall Digital Skills,Narrow
2764,Slovenia,SI,IND_TOTAL,I_DSK2_N,2023,14.22,Overall Digital Skills,Narrow
2765,Slovakia,SK,IND_TOTAL,I_DSK2_N,2023,12.1,Overall Digital Skills,Narrow
2766,Türkiye,TR,IND_TOTAL,I_DSK2_N,2023,19.31,Overall Digital Skills,Narrow
2767,Albania,AL,IND_TOTAL,I_DSK2_NA,2023,16.86,Overall Digital Skills,Not Assessed
2768,Austria,AT,IND_TOTAL,I_DSK2_NA,2023,4.67,Overall Digital Skills,Not Assessed
2769,Bosnia and Herzegovina,BA,IND_TOTAL,I_DSK2_NA,2023,16.62,Overall Digital Skills,Not Assessed
2770,Belgium,BE,IND_TOTAL,I_DSK2_NA,2023,5.37,Overall Digital Skills,Not Assessed
2771,Bulgaria,BG,IND_TOTAL,I_DSK2_NA,2023,19.61,Overall Digital Skills,Not Assessed
2772,Cyprus,CY,IND_TOTAL,I_DSK2_NA,2023,8.78,Overall Digital Skills,Not Assessed
2773,Czechia,CZ,IND_TOTAL,I_DSK2_NA,2023,7.96,Overall Digital Skills,Not Assessed
2774,Germany,DE,IND_TOTAL,I_DSK2_NA,2023,7.52,Overall Digital Skills,Not Assessed
2775,Denmark,DK,IND_TOTAL,I_DSK2_NA,2023,1.2,Overall Digital Skills,Not Assessed
2776,Estonia,EE,IND_TOTAL,I_DSK2_NA,2023,6.8,Overall Digital Skills,Not Assessed
2777,Greece,EL,IND_TOTAL,I_DSK2_NA,2023,14.99,Overall Digital Skills,Not Assessed
2778,Spain,ES,IND_TOTAL,I_DSK2_NA,2023,4.55,Overall Digital Skills,Not Assessed
2779,Finland,FI,IND_TOTAL,I_DSK2_NA,2023,2.3,Overall Digital Skills,Not Assessed
2780,France,FR,IND_TOTAL,I_DSK2_NA,2023,7.17,Overall Digital Skills,Not Assessed
2781,Croatia,HR,IND_TOTAL,I_DSK2_NA,2023,16.6,Overall Digital Skills,Not Assessed
2782,Hungary,HU,IND_TOTAL,I_DSK2_NA,2023,8.55,Overall Digital Skills,Not Assessed
2783,Ireland,IE,IND_TOTAL,I_DSK2_NA,2023,6.73,Overall Digital Skills,Not Assessed
2784,Italy,IT,IND_TOTAL,I_DSK2_NA,2023,13.08,Overall Digital Skills,Not Assessed
2785,Lithuania,LT,IND_TOTAL,I_DSK2_NA,2023,11.5,Overall Digital Skills,Not Assessed
2786,Luxembourg,LU,IND_TOTAL,I_DSK2_NA,2023,0.65,Overall Digital Skills,Not Assessed
2787,Latvia,LV,IND_TOTAL,I_DSK2_NA,2023,7.67,Overall Digital Skills,Not Assessed
2788,Montenegro,ME,IND_TOTAL,I_DSK2_NA,2023,11.64,Overall Digital Skills,Not Assessed
2789,Malta,MT,IND_TOTAL,I_DSK2_NA,2023,7.19,Overall Digital Skills,Not Assessed
2790,Netherlands,NL,IND_TOTAL,I_DSK2_NA,2023,0.85,Overall Digital Skills,Not Assessed
2791,Norway,NO,IND_TOTAL,I_DSK2_NA,2023,0.32,Overall Digital Skills,Not Assessed
2792,Poland,PL,IND_TOTAL,I_DSK2_NA,2023,13.59,Overall Digital Skills,Not Assessed
2793,Portugal,PT,IND_TOTAL,I_DSK2_NA,2023,14.21,Overall Digital Skills,Not Assessed
2794,Romania,RO,IND_TOTAL,I_DSK2_NA,2023,10.8,Overall Digital Skills,Not Assessed
2795,Serbia,RS,IND_TOTAL,I_DSK2_NA,2023,14.64,Overall Digital Skills,Not Assessed
2796,Sweden,SE,IND_TOTAL,I_DSK2_NA,2023,2.41,Overall Digital Skills,Not Assessed
2797,Slovenia,SI,IND_TOTAL,I_DSK2_NA,2023,9.62,Overall Digital Skills,Not Assessed
2798,Slovakia,SK,IND_TOTAL,I_DSK2_NA,2023,12.79,Overall Digital Skills,Not Assessed
2799,Türkiye,TR,IND_TOTAL,I_DSK2_NA,2023,14.04,Overall Digital Skills,Not Assessed
2800,Albania,AL,IND_TOTAL,I_DSK2_PS_AB,2023,21.32,Problem Solving,Above Basic
2801,Austria,AT,IND_TOTAL,I_DSK2_PS_AB,2023,64.47,Problem Solving,Above Basic
2802,Bosnia and Herzegovina,BA,IND_TOTAL,I_DSK2_PS_AB,2023,29.77,Problem Solving,Above Basic
2803,Belgium,BE,IND_TOTAL,I_DSK2_PS_AB,2023,59.89,Problem Solving,Above Basic
2804,Bulgaria,BG,IND_TOTAL,I_DSK2_PS_AB,2023,26.24,Problem Solving,Above Basic
2805,Switzerland,CH,IND_TOTAL,I_DSK2_PS_AB,2023,73.4,Problem Solving,Above Basic
2806,Cyprus,CY,IND_TOTAL,I_DSK2_PS_AB,2023,52.13,Problem Solving,Above Basic
2807,Czechia,CZ,IND_TOTAL,I_DSK2_PS_AB,2023,64.63,Problem Solving,Above Basic
2808,Germany,DE,IND_TOTAL,I_DSK2_PS_AB,2023,53.52,Problem Solving,Above Basic
2809,Denmark,DK,IND_TOTAL,I_DSK2_PS_AB,2023,81.29,Problem Solving,Above Basic
2810,Estonia,EE,IND_TOTAL,I_DSK2_PS_AB,2023,66.85,Problem Solving,Above Basic
2811,Greece,EL,IND_TOTAL,I_DSK2_PS_AB,2023,39.77,Problem Solving,Above Basic
2812,Spain,ES,IND_TOTAL,I_DSK2_PS_AB,2023,65.64,Problem Solving,Above Basic
2813,Finland,FI,IND_TOTAL,I_DSK2_PS_AB,2023,82.18,Problem Solving,Above Basic
2814,France,FR,IND_TOTAL,I_DSK2_PS_AB,2023,61.53,Problem Solving,Above Basic
2815,Croatia,HR,IND_TOTAL,I_DSK2_PS_AB,2023,53.4,Problem Solving,Above Basic
2816,Hungary,HU,IND_TOTAL,I_DSK2_PS_AB,2023,56.54,Problem Solving,Above Basic
2817,Ireland,IE,IND_TOTAL,I_DSK2_PS_AB,2023,73.83,Problem Solving,Above Basic
2818,Italy,IT,IND_TOTAL,I_DSK2_PS_AB,2023,49.88,Problem Solving,Above Basic
2819,Lithuania,LT,IND_TOTAL,I_DSK2_PS_AB,2023,54.42,Problem Solving,Above Basic
2820,Luxembourg,LU,IND_TOTAL,I_DSK2_PS_AB,2023,63.0,Problem Solving,Above Basic
2821,Latvia,LV,IND_TOTAL,I_DSK2_PS_AB,2023,50.31,Problem Solving,Above Basic
2822,Montenegro,ME,IND_TOTAL,I_DSK2_PS_AB,2023,25.26,Problem Solving,Above Basic
2823,Malta,MT,IND_TOTAL,I_DSK2_PS_AB,2023,64.9,Problem Solving,Above Basic
2824,Netherlands,NL,IND_TOTAL,I_DSK2_PS_AB,2023,87.4,Problem Solving,Above Basic
2825,Norway,NO,IND_TOTAL,I_DSK2_PS_AB,2023,86.77,Problem Solving,Above Basic
2826,Poland,PL,IND_TOTAL,I_DSK2_PS_AB,2023,50.13,Problem Solving,Above Basic
2827,Portugal,PT,IND_TOTAL,I_DSK2_PS_AB,2023,43.73,Problem Solving,Above Basic
2828,Romania,RO,IND_TOTAL,I_DSK2_PS_AB,2023,21.93,Problem Solving,Above Basic
2829,Serbia,RS,IND_TOTAL,I_DSK2_PS_AB,2023,42.34,Problem Solving,Above Basic
2830,Sweden,SE,IND_TOTAL,I_DSK2_PS_AB,2023,78.09,Problem Solving,Above Basic
2831,Slovenia,SI,IND_TOTAL,I_DSK2_PS_AB,2023,51.62,Problem Solving,Above Basic
2832,Slovakia,SK,IND_TOTAL,I_DSK2_PS_AB,2023,51.46,Problem Solving,Above Basic
2833,Türkiye,TR,IND_TOTAL,I_DSK2_PS_AB,2023,35.3,Problem Solving,Above Basic
2834,Albania,AL,IND_TOTAL,I_DSK2_PS_AB,2023,25.64,Problem Solving,Above Basic
2835,Austria,AT,IND_TOTAL,I_DSK2_PS_AB,2023,67.62,Problem Solving,Above Basic
2836,Bosnia and Herzegovina,BA,IND_TOTAL,I_DSK2_PS_AB,2023,35.71,Problem Solving,Above Basic
2837,Belgium,BE,IND_TOTAL,I_DSK2_PS_AB,2023,63.29,Problem Solving,Above Basic
2838,Bulgaria,BG,IND_TOTAL,I_DSK2_PS_AB,2023,32.64,Problem Solving,Above Basic
2839,Switzerland,CH,IND_TOTAL,I_DSK2_PS_AB,2023,73.95,Problem Solving,Above Basic
2840,Cyprus,CY,IND_TOTAL,I_DSK2_PS_AB,2023,57.15,Problem Solving,Above Basic
2841,Czechia,CZ,IND_TOTAL,I_DSK2_PS_AB,2023,70.22,Problem Solving,Above Basic
2842,Germany,DE,IND_TOTAL,I_DSK2_PS_AB,2023,57.88,Problem Solving,Above Basic
2843,Denmark,DK,IND_TOTAL,I_DSK2_PS_AB,2023,82.28,Problem Solving,Above Basic
2844,Estonia,EE,IND_TOTAL,I_DSK2_PS_AB,2023,71.73,Problem Solving,Above Basic
2845,Greece,EL,IND_TOTAL,I_DSK2_PS_AB,2023,46.79,Problem Solving,Above Basic
2846,Spain,ES,IND_TOTAL,I_DSK2_PS_AB,2023,68.77,Problem Solving,Above Basic
2847,Finland,FI,IND_TOTAL,I_DSK2_PS_AB,2023,84.12,Problem Solving,Above Basic
2848,France,FR,IND_TOTAL,I_DSK2_PS_AB,2023,66.28,Problem Solving,Above Basic
2849,Croatia,HR,IND_TOTAL,I_DSK2_PS_AB,2023,64.03,Problem Solving,Above Basic
2850,Hungary,HU,IND_TOTAL,I_DSK2_PS_AB,2023,61.83,Problem Solving,Above Basic
2851,Ireland,IE,IND_TOTAL,I_DSK2_PS_AB,2023,79.15,Problem Solving,Above Basic
2852,Italy,IT,IND_TOTAL,I_DSK2_PS_AB,2023,57.38,Problem Solving,Above Basic
2853,Lithuania,LT,IND_TOTAL,I_DSK2_PS_AB,2023,61.49,Problem Solving,Above Basic
2854,Luxembourg,LU,IND_TOTAL,I_DSK2_PS_AB,2023,63.41,Problem Solving,Above Basic
2855,Latvia,LV,IND_TOTAL,I_DSK2_PS_AB,2023,54.49,Problem Solving,Above Basic
2856,Montenegro,ME,IND_TOTAL,I_DSK2_PS_AB,2023,28.59,Problem Solving,Above Basic
2857,Malta,MT,IND_TOTAL,I_DSK2_PS_AB,2023,69.93,Problem Solving,Above Basic
2858,Netherlands,NL,IND_TOTAL,I_DSK2_PS_AB,2023,88.15,Problem Solving,Above Basic
2859,Norway,NO,IND_TOTAL,I_DSK2_PS_AB,2023,87.05,Problem Solving,Above Basic
2860,Poland,PL,IND_TOTAL,I_DSK2_PS_AB,2023,58.01,Problem Solving,Above Basic
2861,Portugal,PT,IND_TOTAL,I_DSK2_PS_AB,2023,50.97,Problem Solving,Above Basic
2862,Romania,RO,IND_TOTAL,I_DSK2_PS_AB,2023,24.58,Problem Solving,Above Basic
2863,Serbia,RS,IND_TOTAL,I_DSK2_PS_AB,2023,49.6,Problem Solving,Above Basic
2864,Sweden,SE,IND_TOTAL,I_DSK2_PS_AB,2023,80.01,Problem Solving,Above Basic
2865,Slovenia,SI,IND_TOTAL,I_DSK2_PS_AB,2023,57.11,Problem Solving,Above Basic
2866,Slovakia,SK,IND_TOTAL,I_DSK2_PS_AB,2023,59.01,Problem Solving,Above Basic
2867,Türkiye,TR,IND_TOTAL,I_DSK2_PS_AB,2023,41.07,Problem Solving,Above Basic
2868,Albania,AL,IND_TOTAL,I_DSK2_PS_B,2023,28.57,Problem Solving,Basic
2869,Austria,AT,IND_TOTAL,I_DSK2_PS_B,2023,23.7,Problem Solving,Basic
2870,Bosnia and Herzegovina,BA,IND_TOTAL,I_DSK2_PS_B,2023,28.66,Problem Solving,Basic
2871,Belgium,BE,IND_TOTAL,I_DSK2_PS_B,2023,29.37,Problem Solving,Basic
2872,Bulgaria,BG,IND_TOTAL,I_DSK2_PS_B,2023,31.23,Problem Solving,Basic
2873,Switzerland,CH,IND_TOTAL,I_DSK2_PS_B,2023,20.77,Problem Solving,Basic
2874,Cyprus,CY,IND_TOTAL,I_DSK2_PS_B,2023,28.29,Problem Solving,Basic
2875,Czechia,CZ,IND_TOTAL,I_DSK2_PS_B,2023,22.78,Problem Solving,Basic
2876,Germany,DE,IND_TOTAL,I_DSK2_PS_B,2023,31.19,Problem Solving,Basic
2877,Denmark,DK,IND_TOTAL,I_DSK2_PS_B,2023,16.37,Problem Solving,Basic
2878,Estonia,EE,IND_TOTAL,I_DSK2_PS_B,2023,22.67,Problem Solving,Basic
2879,Greece,EL,IND_TOTAL,I_DSK2_PS_B,2023,31.09,Problem Solving,Basic
2880,Spain,ES,IND_TOTAL,I_DSK2_PS_B,2023,21.77,Problem Solving,Basic
2881,Finland,FI,IND_TOTAL,I_DSK2_PS_B,2023,14.21,Problem Solving,Basic
2882,France,FR,IND_TOTAL,I_DSK2_PS_B,2023,26.51,Problem Solving,Basic
2883,Croatia,HR,IND_TOTAL,I_DSK2_PS_B,2023,20.54,Problem Solving,Basic
2884,Hungary,HU,IND_TOTAL,I_DSK2_PS_B,2023,25.83,Problem Solving,Basic
2885,Ireland,IE,IND_TOTAL,I_DSK2_PS_B,2023,17.26,Problem Solving,Basic
2886,Italy,IT,IND_TOTAL,I_DSK2_PS_B,2023,23.71,Problem Solving,Basic
2887,Lithuania,LT,IND_TOTAL,I_DSK2_PS_B,2023,25.56,Problem Solving,Basic
2888,Luxembourg,LU,IND_TOTAL,I_DSK2_PS_B,2023,29.31,Problem Solving,Basic
2889,Latvia,LV,IND_TOTAL,I_DSK2_PS_B,2023,36.34,Problem Solving,Basic
2890,Montenegro,ME,IND_TOTAL,I_DSK2_PS_B,2023,44.89,Problem Solving,Basic
2891,Malta,MT,IND_TOTAL,I_DSK2_PS_B,2023,22.56,Problem Solving,Basic
2892,Netherlands,NL,IND_TOTAL,I_DSK2_PS_B,2023,10.76,Problem Solving,Basic
2893,Norway,NO,IND_TOTAL,I_DSK2_PS_B,2023,12.1,Problem Solving,Basic
2894,Poland,PL,IND_TOTAL,I_DSK2_PS_B,2023,26.74,Problem Solving,Basic
2895,Portugal,PT,IND_TOTAL,I_DSK2_PS_B,2023,28.8,Problem Solving,Basic
2896,Romania,RO,IND_TOTAL,I_DSK2_PS_B,2023,37.75,Problem Solving,Basic
2897,Serbia,RS,IND_TOTAL,I_DSK2_PS_B,2023,28.37,Problem Solving,Basic
2898,Sweden,SE,IND_TOTAL,I_DSK2_PS_B,2023,18.15,Problem Solving,Basic
2899,Slovenia,SI,IND_TOTAL,I_DSK2_PS_B,2023,28.08,Problem Solving,Basic
2900,Slovakia,SK,IND_TOTAL,I_DSK2_PS_B,2023,30.19,Problem Solving,Basic
2901,Türkiye,TR,IND_TOTAL,I_DSK2_PS_B,2023,34.0,Problem Solving,Basic
2902,Albania,AL,IND_TOTAL,I_DSK2_PS_B,2023,34.36,Problem Solving,Basic
2903,Austria,AT,IND_TOTAL,I_DSK2_PS_B,2023,24.86,Problem Solving,Basic
2904,Bosnia and Herzegovina,BA,IND_TOTAL,I_DSK2_PS_B,2023,34.38,Problem Solving,Basic
2905,Belgium,BE,IND_TOTAL,I_DSK2_PS_B,2023,31.03,Problem Solving,Basic
2906,Bulgaria,BG,IND_TOTAL,I_DSK2_PS_B,2023,38.85,Problem Solving,Basic
2907,Switzerland,CH,IND_TOTAL,I_DSK2_PS_B,2023,20.93,Problem Solving,Basic
2908,Cyprus,CY,IND_TOTAL,I_DSK2_PS_B,2023,31.01,Problem Solving,Basic
2909,Czechia,CZ,IND_TOTAL,I_DSK2_PS_B,2023,24.75,Problem Solving,Basic
2910,Germany,DE,IND_TOTAL,I_DSK2_PS_B,2023,33.73,Problem Solving,Basic
2911,Denmark,DK,IND_TOTAL,I_DSK2_PS_B,2023,16.57,Problem Solving,Basic
2912,Estonia,EE,IND_TOTAL,I_DSK2_PS_B,2023,24.32,Problem Solving,Basic
2913,Greece,EL,IND_TOTAL,I_DSK2_PS_B,2023,36.57,Problem Solving,Basic
2914,Spain,ES,IND_TOTAL,I_DSK2_PS_B,2023,22.81,Problem Solving,Basic
2915,Finland,FI,IND_TOTAL,I_DSK2_PS_B,2023,14.54,Problem Solving,Basic
2916,France,FR,IND_TOTAL,I_DSK2_PS_B,2023,28.56,Problem Solving,Basic
2917,Croatia,HR,IND_TOTAL,I_DSK2_PS_B,2023,24.63,Problem Solving,Basic
2918,Hungary,HU,IND_TOTAL,I_DSK2_PS_B,2023,28.24,Problem Solving,Basic
2919,Ireland,IE,IND_TOTAL,I_DSK2_PS_B,2023,18.5,Problem Solving,Basic
2920,Italy,IT,IND_TOTAL,I_DSK2_PS_B,2023,27.27,Problem Solving,Basic
2921,Lithuania,LT,IND_TOTAL,I_DSK2_PS_B,2023,28.88,Problem Solving,Basic
2922,Luxembourg,LU,IND_TOTAL,I_DSK2_PS_B,2023,29.5,Problem Solving,Basic
2923,Latvia,LV,IND_TOTAL,I_DSK2_PS_B,2023,39.36,Problem Solving,Basic
2924,Montenegro,ME,IND_TOTAL,I_DSK2_PS_B,2023,50.8,Problem Solving,Basic
2925,Malta,MT,IND_TOTAL,I_DSK2_PS_B,2023,24.31,Problem Solving,Basic
2926,Netherlands,NL,IND_TOTAL,I_DSK2_PS_B,2023,10.85,Problem Solving,Basic
2927,Norway,NO,IND_TOTAL,I_DSK2_PS_B,2023,12.13,Problem Solving,Basic
2928,Poland,PL,IND_TOTAL,I_DSK2_PS_B,2023,30.94,Problem Solving,Basic
2929,Portugal,PT,IND_TOTAL,I_DSK2_PS_B,2023,33.57,Problem Solving,Basic
2930,Romania,RO,IND_TOTAL,I_DSK2_PS_B,2023,42.32,Problem Solving,Basic
2931,Serbia,RS,IND_TOTAL,I_DSK2_PS_B,2023,33.23,Problem Solving,Basic
2932,Sweden,SE,IND_TOTAL,I_DSK2_PS_B,2023,18.6,Problem Solving,Basic
2933,Slovenia,SI,IND_TOTAL,I_DSK2_PS_B,2023,31.07,Problem Solving,Basic
2934,Slovakia,SK,IND_TOTAL,I_DSK2_PS_B,2023,34.61,Problem Solving,Basic
2935,Türkiye,TR,IND_TOTAL,I_DSK2_PS_B,2023,39.55,Problem Solving,Basic
2936,Albania,AL,IND_TOTAL,I_DSK2_PS_BAB,2023,49.88,Problem Solving,At Least Basic
2937,Austria,AT,IND_TOTAL,I_DSK2_PS_BAB,2023,88.17,Problem Solving,At Least Basic
2938,Bosnia and Herzegovina,BA,IND_TOTAL,I_DSK2_PS_BAB,2023,58.43,Problem Solving,At Least Basic
2939,Belgium,BE,IND_TOTAL,I_DSK2_PS_BAB,2023,89.25,Problem Solving,At Least Basic
2940,Bulgaria,BG,IND_TOTAL,I_DSK2_PS_BAB,2023,57.47,Problem Solving,At Least Basic
2941,Switzerland,CH,IND_TOTAL,I_DSK2_PS_BAB,2023,94.17,Problem Solving,At Least Basic
2942,Cyprus,CY,IND_TOTAL,I_DSK2_PS_BAB,2023,80.42,Problem Solving,At Least Basic
2943,Czechia,CZ,IND_TOTAL,I_DSK2_PS_BAB,2023,87.41,Problem Solving,At Least Basic
2944,Germany,DE,IND_TOTAL,I_DSK2_PS_BAB,2023,84.72,Problem Solving,At Least Basic
2945,Denmark,DK,IND_TOTAL,I_DSK2_PS_BAB,2023,97.67,Problem Solving,At Least Basic
2946,Estonia,EE,IND_TOTAL,I_DSK2_PS_BAB,2023,89.51,Problem Solving,At Least Basic
2947,Greece,EL,IND_TOTAL,I_DSK2_PS_BAB,2023,70.86,Problem Solving,At Least Basic
2948,Spain,ES,IND_TOTAL,I_DSK2_PS_BAB,2023,87.41,Problem Solving,At Least Basic
2949,Finland,FI,IND_TOTAL,I_DSK2_PS_BAB,2023,96.39,Problem Solving,At Least Basic
2950,France,FR,IND_TOTAL,I_DSK2_PS_BAB,2023,88.04,Problem Solving,At Least Basic
2951,Croatia,HR,IND_TOTAL,I_DSK2_PS_BAB,2023,73.93,Problem Solving,At Least Basic
2952,Hungary,HU,IND_TOTAL,I_DSK2_PS_BAB,2023,82.37,Problem Solving,At Least Basic
2953,Ireland,IE,IND_TOTAL,I_DSK2_PS_BAB,2023,91.08,Problem Solving,At Least Basic
2954,Italy,IT,IND_TOTAL,I_DSK2_PS_BAB,2023,73.58,Problem Solving,At Least Basic
2955,Lithuania,LT,IND_TOTAL,I_DSK2_PS_BAB,2023,79.98,Problem Solving,At Least Basic
2956,Luxembourg,LU,IND_TOTAL,I_DSK2_PS_BAB,2023,92.31,Problem Solving,At Least Basic
2957,Latvia,LV,IND_TOTAL,I_DSK2_PS_BAB,2023,86.65,Problem Solving,At Least Basic
2958,Montenegro,ME,IND_TOTAL,I_DSK2_PS_BAB,2023,70.15,Problem Solving,At Least Basic
2959,Malta,MT,IND_TOTAL,I_DSK2_PS_BAB,2023,87.46,Problem Solving,At Least Basic
2960,Netherlands,NL,IND_TOTAL,I_DSK2_PS_BAB,2023,98.15,Problem Solving,At Least Basic
2961,Norway,NO,IND_TOTAL,I_DSK2_PS_BAB,2023,98.87,Problem Solving,At Least Basic
2962,Poland,PL,IND_TOTAL,I_DSK2_PS_BAB,2023,76.86,Problem Solving,At Least Basic
2963,Portugal,PT,IND_TOTAL,I_DSK2_PS_BAB,2023,72.54,Problem Solving,At Least Basic
2964,Romania,RO,IND_TOTAL,I_DSK2_PS_BAB,2023,59.67,Problem Solving,At Least Basic
2965,Serbia,RS,IND_TOTAL,I_DSK2_PS_BAB,2023,70.71,Problem Solving,At Least Basic
2966,Sweden,SE,IND_TOTAL,I_DSK2_PS_BAB,2023,96.24,Problem Solving,At Least Basic
2967,Slovenia,SI,IND_TOTAL,I_DSK2_PS_BAB,2023,79.7,Problem Solving,At Least Basic
2968,Slovakia,SK,IND_TOTAL,I_DSK2_PS_BAB,2023,81.65,Problem Solving,At Least Basic
2969,Türkiye,TR,IND_TOTAL,I_DSK2_PS_BAB,2023,69.3,Problem Solving,At Least Basic
2970,Albania,AL,IND_TOTAL,I_DSK2_PS_BAB,2023,60.0,Problem Solving,At Least Basic
2971,Austria,AT,IND_TOTAL,I_DSK2_PS_BAB,2023,92.48,Problem Solving,At Least Basic
2972,Bosnia and Herzegovina,BA,IND_TOTAL,I_DSK2_PS_BAB,2023,70.08,Problem Solving,At Least Basic
2973,Belgium,BE,IND_TOTAL,I_DSK2_PS_BAB,2023,94.32,Problem Solving,At Least Basic
2974,Bulgaria,BG,IND_TOTAL,I_DSK2_PS_BAB,2023,71.49,Problem Solving,At Least Basic
2975,Switzerland,CH,IND_TOTAL,I_DSK2_PS_BAB,2023,94.88,Problem Solving,At Least Basic
2976,Cyprus,CY,IND_TOTAL,I_DSK2_PS_BAB,2023,88.16,Problem Solving,At Least Basic
2977,Czechia,CZ,IND_TOTAL,I_DSK2_PS_BAB,2023,94.97,Problem Solving,At Least Basic
2978,Germany,DE,IND_TOTAL,I_DSK2_PS_BAB,2023,91.61,Problem Solving,At Least Basic
2979,Denmark,DK,IND_TOTAL,I_DSK2_PS_BAB,2023,98.86,Problem Solving,At Least Basic
2980,Estonia,EE,IND_TOTAL,I_DSK2_PS_BAB,2023,96.05,Problem Solving,At Least Basic
2981,Greece,EL,IND_TOTAL,I_DSK2_PS_BAB,2023,83.36,Problem Solving,At Least Basic
2982,Spain,ES,IND_TOTAL,I_DSK2_PS_BAB,2023,91.58,Problem Solving,At Least Basic
2983,Finland,FI,IND_TOTAL,I_DSK2_PS_BAB,2023,98.66,Problem Solving,At Least Basic
2984,France,FR,IND_TOTAL,I_DSK2_PS_BAB,2023,94.84,Problem Solving,At Least Basic
2985,Croatia,HR,IND_TOTAL,I_DSK2_PS_BAB,2023,88.65,Problem Solving,At Least Basic
2986,Hungary,HU,IND_TOTAL,I_DSK2_PS_BAB,2023,90.07,Problem Solving,At Least Basic
2987,Ireland,IE,IND_TOTAL,I_DSK2_PS_BAB,2023,97.65,Problem Solving,At Least Basic
2988,Italy,IT,IND_TOTAL,I_DSK2_PS_BAB,2023,84.65,Problem Solving,At Least Basic
2989,Lithuania,LT,IND_TOTAL,I_DSK2_PS_BAB,2023,90.36,Problem Solving,At Least Basic
2990,Luxembourg,LU,IND_TOTAL,I_DSK2_PS_BAB,2023,92.92,Problem Solving,At Least Basic
2991,Latvia,LV,IND_TOTAL,I_DSK2_PS_BAB,2023,93.85,Problem Solving,At Least Basic
2992,Montenegro,ME,IND_TOTAL,I_DSK2_PS_BAB,2023,79.39,Problem Solving,At Least Basic
2993,Malta,MT,IND_TOTAL,I_DSK2_PS_BAB,2023,94.24,Problem Solving,At Least Basic
2994,Netherlands,NL,IND_TOTAL,I_DSK2_PS_BAB,2023,98.99,Problem Solving,At Least Basic
2995,Norway,NO,IND_TOTAL,I_DSK2_PS_BAB,2023,99.19,Problem Solving,At Least Basic
2996,Poland,PL,IND_TOTAL,I_DSK2_PS_BAB,2023,88.95,Problem Solving,At Least Basic
2997,Portugal,PT,IND_TOTAL,I_DSK2_PS_BAB,2023,84.55,Problem Solving,At Least Basic
2998,Romania,RO,IND_TOTAL,I_DSK2_PS_BAB,2023,66.9,Problem Solving,At Least Basic
2999,Serbia,RS,IND_TOTAL,I_DSK2_PS_BAB,2023,82.84,Problem Solving,At Least Basic
3000,Sweden,SE,IND_TOTAL,I_DSK2_PS_BAB,2023,98.61,Problem Solving,At Least Basic
3001,Slovenia,SI,IND_TOTAL,I_DSK2_PS_BAB,2023,88.19,Problem Solving,At Least Basic
3002,Slovakia,SK,IND_TOTAL,I_DSK2_PS_BAB,2023,93.62,Problem Solving,At Least Basic
3003,Türkiye,TR,IND_TOTAL,I_DSK2_PS_BAB,2023,80.62,Problem Solving,At Least Basic
3004,Albania,AL,IND_TOTAL,I_DSK2_SF_AB,2023,17.64,Safety,Above Basic
3005,Austria,AT,IND_TOTAL,I_DSK2_SF_AB,2023,51.94,Safety,Above Basic
3006,Bosnia and Herzegovina,BA,IND_TOTAL,I_DSK2_SF_AB,2023,12.34,Safety,Above Basic
3007,Belgium,BE,IND_TOTAL,I_DSK2_SF_AB,2023,40.22,Safety,Above Basic
3008,Bulgaria,BG,IND_TOTAL,I_DSK2_SF_AB,2023,16.0,Safety,Above Basic
3009,Switzerland,CH,IND_TOTAL,I_DSK2_SF_AB,2023,68.59,Safety,Above Basic
3010,Cyprus,CY,IND_TOTAL,I_DSK2_SF_AB,2023,35.98,Safety,Above Basic
3011,Czechia,CZ,IND_TOTAL,I_DSK2_SF_AB,2023,57.31,Safety,Above Basic
3012,Germany,DE,IND_TOTAL,I_DSK2_SF_AB,2023,41.11,Safety,Above Basic
3013,Denmark,DK,IND_TOTAL,I_DSK2_SF_AB,2023,61.16,Safety,Above Basic
3014,Estonia,EE,IND_TOTAL,I_DSK2_SF_AB,2023,50.0,Safety,Above Basic
3015,Greece,EL,IND_TOTAL,I_DSK2_SF_AB,2023,33.16,Safety,Above Basic
3016,Spain,ES,IND_TOTAL,I_DSK2_SF_AB,2023,62.94,Safety,Above Basic
3017,Finland,FI,IND_TOTAL,I_DSK2_SF_AB,2023,75.3,Safety,Above Basic
3018,France,FR,IND_TOTAL,I_DSK2_SF_AB,2023,49.69,Safety,Above Basic
3019,Croatia,HR,IND_TOTAL,I_DSK2_SF_AB,2023,47.06,Safety,Above Basic
3020,Hungary,HU,IND_TOTAL,I_DSK2_SF_AB,2023,46.43,Safety,Above Basic
3021,Ireland,IE,IND_TOTAL,I_DSK2_SF_AB,2023,59.23,Safety,Above Basic
3022,Italy,IT,IND_TOTAL,I_DSK2_SF_AB,2023,34.75,Safety,Above Basic
3023,Lithuania,LT,IND_TOTAL,I_DSK2_SF_AB,2023,40.1,Safety,Above Basic
3024,Luxembourg,LU,IND_TOTAL,I_DSK2_SF_AB,2023,44.16,Safety,Above Basic
3025,Latvia,LV,IND_TOTAL,I_DSK2_SF_AB,2023,26.7,Safety,Above Basic
3026,Montenegro,ME,IND_TOTAL,I_DSK2_SF_AB,2023,27.94,Safety,Above Basic
3027,Malta,MT,IND_TOTAL,I_DSK2_SF_AB,2023,54.34,Safety,Above Basic
3028,Netherlands,NL,IND_TOTAL,I_DSK2_SF_AB,2023,77.39,Safety,Above Basic
3029,Norway,NO,IND_TOTAL,I_DSK2_SF_AB,2023,70.22,Safety,Above Basic
3030,Poland,PL,IND_TOTAL,I_DSK2_SF_AB,2023,30.55,Safety,Above Basic
3031,Portugal,PT,IND_TOTAL,I_DSK2_SF_AB,2023,56.11,Safety,Above Basic
3032,Romania,RO,IND_TOTAL,I_DSK2_SF_AB,2023,21.72,Safety,Above Basic
3033,Serbia,RS,IND_TOTAL,I_DSK2_SF_AB,2023,15.87,Safety,Above Basic
3034,Sweden,SE,IND_TOTAL,I_DSK2_SF_AB,2023,49.45,Safety,Above Basic
3035,Slovenia,SI,IND_TOTAL,I_DSK2_SF_AB,2023,28.98,Safety,Above Basic
3036,Slovakia,SK,IND_TOTAL,I_DSK2_SF_AB,2023,33.99,Safety,Above Basic
3037,Türkiye,TR,IND_TOTAL,I_DSK2_SF_AB,2023,29.05,Safety,Above Basic
3038,Albania,AL,IND_TOTAL,I_DSK2_SF_AB,2023,21.21,Safety,Above Basic
3039,Austria,AT,IND_TOTAL,I_DSK2_SF_AB,2023,54.48,Safety,Above Basic
3040,Bosnia and Herzegovina,BA,IND_TOTAL,I_DSK2_SF_AB,2023,14.8,Safety,Above Basic
3041,Belgium,BE,IND_TOTAL,I_DSK2_SF_AB,2023,42.5,Safety,Above Basic
3042,Bulgaria,BG,IND_TOTAL,I_DSK2_SF_AB,2023,19.91,Safety,Above Basic
3043,Switzerland,CH,IND_TOTAL,I_DSK2_SF_AB,2023,69.11,Safety,Above Basic
3044,Cyprus,CY,IND_TOTAL,I_DSK2_SF_AB,2023,39.44,Safety,Above Basic
3045,Czechia,CZ,IND_TOTAL,I_DSK2_SF_AB,2023,62.26,Safety,Above Basic
3046,Germany,DE,IND_TOTAL,I_DSK2_SF_AB,2023,44.45,Safety,Above Basic
3047,Denmark,DK,IND_TOTAL,I_DSK2_SF_AB,2023,61.9,Safety,Above Basic
3048,Estonia,EE,IND_TOTAL,I_DSK2_SF_AB,2023,53.65,Safety,Above Basic
3049,Greece,EL,IND_TOTAL,I_DSK2_SF_AB,2023,39.01,Safety,Above Basic
3050,Spain,ES,IND_TOTAL,I_DSK2_SF_AB,2023,65.94,Safety,Above Basic
3051,Finland,FI,IND_TOTAL,I_DSK2_SF_AB,2023,77.07,Safety,Above Basic
3052,France,FR,IND_TOTAL,I_DSK2_SF_AB,2023,53.53,Safety,Above Basic
3053,Croatia,HR,IND_TOTAL,I_DSK2_SF_AB,2023,56.42,Safety,Above Basic
3054,Hungary,HU,IND_TOTAL,I_DSK2_SF_AB,2023,50.77,Safety,Above Basic
3055,Ireland,IE,IND_TOTAL,I_DSK2_SF_AB,2023,63.5,Safety,Above Basic
3056,Italy,IT,IND_TOTAL,I_DSK2_SF_AB,2023,39.98,Safety,Above Basic
3057,Lithuania,LT,IND_TOTAL,I_DSK2_SF_AB,2023,45.31,Safety,Above Basic
3058,Luxembourg,LU,IND_TOTAL,I_DSK2_SF_AB,2023,44.45,Safety,Above Basic
3059,Latvia,LV,IND_TOTAL,I_DSK2_SF_AB,2023,28.92,Safety,Above Basic
3060,Montenegro,ME,IND_TOTAL,I_DSK2_SF_AB,2023,31.62,Safety,Above Basic
3061,Malta,MT,IND_TOTAL,I_DSK2_SF_AB,2023,58.55,Safety,Above Basic
3062,Netherlands,NL,IND_TOTAL,I_DSK2_SF_AB,2023,78.05,Safety,Above Basic
3063,Norway,NO,IND_TOTAL,I_DSK2_SF_AB,2023,70.44,Safety,Above Basic
3064,Poland,PL,IND_TOTAL,I_DSK2_SF_AB,2023,35.35,Safety,Above Basic
3065,Portugal,PT,IND_TOTAL,I_DSK2_SF_AB,2023,65.4,Safety,Above Basic
3066,Romania,RO,IND_TOTAL,I_DSK2_SF_AB,2023,24.35,Safety,Above Basic
3067,Serbia,RS,IND_TOTAL,I_DSK2_SF_AB,2023,18.59,Safety,Above Basic
3068,Sweden,SE,IND_TOTAL,I_DSK2_SF_AB,2023,50.67,Safety,Above Basic
3069,Slovenia,SI,IND_TOTAL,I_DSK2_SF_AB,2023,32.06,Safety,Above Basic
3070,Slovakia,SK,IND_TOTAL,I_DSK2_SF_AB,2023,38.98,Safety,Above Basic
3071,Türkiye,TR,IND_TOTAL,I_DSK2_SF_AB,2023,33.8,Safety,Above Basic
3072,Albania,AL,IND_TOTAL,I_DSK2_SF_B,2023,20.77,Safety,Basic
3073,Austria,AT,IND_TOTAL,I_DSK2_SF_B,2023,25.73,Safety,Basic
3074,Bosnia and Herzegovina,BA,IND_TOTAL,I_DSK2_SF_B,2023,30.45,Safety,Basic
3075,Belgium,BE,IND_TOTAL,I_DSK2_SF_B,2023,27.98,Safety,Basic
3076,Bulgaria,BG,IND_TOTAL,I_DSK2_SF_B,2023,34.74,Safety,Basic
3077,Switzerland,CH,IND_TOTAL,I_DSK2_SF_B,2023,20.36,Safety,Basic
3078,Cyprus,CY,IND_TOTAL,I_DSK2_SF_B,2023,29.29,Safety,Basic
3079,Czechia,CZ,IND_TOTAL,I_DSK2_SF_B,2023,24.67,Safety,Basic
3080,Germany,DE,IND_TOTAL,I_DSK2_SF_B,2023,29.92,Safety,Basic
3081,Denmark,DK,IND_TOTAL,I_DSK2_SF_B,2023,22.79,Safety,Basic
3082,Estonia,EE,IND_TOTAL,I_DSK2_SF_B,2023,24.97,Safety,Basic
3083,Greece,EL,IND_TOTAL,I_DSK2_SF_B,2023,32.87,Safety,Basic
3084,Spain,ES,IND_TOTAL,I_DSK2_SF_B,2023,17.19,Safety,Basic
3085,Finland,FI,IND_TOTAL,I_DSK2_SF_B,2023,17.05,Safety,Basic
3086,France,FR,IND_TOTAL,I_DSK2_SF_B,2023,23.0,Safety,Basic
3087,Croatia,HR,IND_TOTAL,I_DSK2_SF_B,2023,16.85,Safety,Basic
3088,Hungary,HU,IND_TOTAL,I_DSK2_SF_B,2023,28.38,Safety,Basic
3089,Ireland,IE,IND_TOTAL,I_DSK2_SF_B,2023,21.46,Safety,Basic
3090,Italy,IT,IND_TOTAL,I_DSK2_SF_B,2023,24.25,Safety,Basic
3091,Lithuania,LT,IND_TOTAL,I_DSK2_SF_B,2023,22.58,Safety,Basic
3092,Luxembourg,LU,IND_TOTAL,I_DSK2_SF_B,2023,31.34,Safety,Basic
3093,Latvia,LV,IND_TOTAL,I_DSK2_SF_B,2023,27.91,Safety,Basic
3094,Montenegro,ME,IND_TOTAL,I_DSK2_SF_B,2023,37.74,Safety,Basic
3095,Malta,MT,IND_TOTAL,I_DSK2_SF_B,2023,25.14,Safety,Basic
3096,Netherlands,NL,IND_TOTAL,I_DSK2_SF_B,2023,15.31,Safety,Basic
3097,Norway,NO,IND_TOTAL,I_DSK2_SF_B,2023,22.54,Safety,Basic
3098,Poland,PL,IND_TOTAL,I_DSK2_SF_B,2023,23.51,Safety,Basic
3099,Portugal,PT,IND_TOTAL,I_DSK2_SF_B,2023,16.96,Safety,Basic
3100,Romania,RO,IND_TOTAL,I_DSK2_SF_B,2023,25.09,Safety,Basic
3101,Serbia,RS,IND_TOTAL,I_DSK2_SF_B,2023,20.57,Safety,Basic
3102,Sweden,SE,IND_TOTAL,I_DSK2_SF_B,2023,27.96,Safety,Basic
3103,Slovenia,SI,IND_TOTAL,I_DSK2_SF_B,2023,27.36,Safety,Basic
3104,Slovakia,SK,IND_TOTAL,I_DSK2_SF_B,2023,29.91,Safety,Basic
3105,Türkiye,TR,IND_TOTAL,I_DSK2_SF_B,2023,23.41,Safety,Basic
3106,Albania,AL,IND_TOTAL,I_DSK2_SF_B,2023,24.99,Safety,Basic
3107,Austria,AT,IND_TOTAL,I_DSK2_SF_B,2023,26.99,Safety,Basic
3108,Bosnia and Herzegovina,BA,IND_TOTAL,I_DSK2_SF_B,2023,36.52,Safety,Basic
3109,Belgium,BE,IND_TOTAL,I_DSK2_SF_B,2023,29.57,Safety,Basic
3110,Bulgaria,BG,IND_TOTAL,I_DSK2_SF_B,2023,43.22,Safety,Basic
3111,Switzerland,CH,IND_TOTAL,I_DSK2_SF_B,2023,20.51,Safety,Basic
3112,Cyprus,CY,IND_TOTAL,I_DSK2_SF_B,2023,32.1,Safety,Basic
3113,Czechia,CZ,IND_TOTAL,I_DSK2_SF_B,2023,26.81,Safety,Basic
3114,Germany,DE,IND_TOTAL,I_DSK2_SF_B,2023,32.36,Safety,Basic
3115,Denmark,DK,IND_TOTAL,I_DSK2_SF_B,2023,23.07,Safety,Basic
3116,Estonia,EE,IND_TOTAL,I_DSK2_SF_B,2023,26.79,Safety,Basic
3117,Greece,EL,IND_TOTAL,I_DSK2_SF_B,2023,38.67,Safety,Basic
3118,Spain,ES,IND_TOTAL,I_DSK2_SF_B,2023,18.01,Safety,Basic
3119,Finland,FI,IND_TOTAL,I_DSK2_SF_B,2023,17.45,Safety,Basic
3120,France,FR,IND_TOTAL,I_DSK2_SF_B,2023,24.78,Safety,Basic
3121,Croatia,HR,IND_TOTAL,I_DSK2_SF_B,2023,20.2,Safety,Basic
3122,Hungary,HU,IND_TOTAL,I_DSK2_SF_B,2023,31.04,Safety,Basic
3123,Ireland,IE,IND_TOTAL,I_DSK2_SF_B,2023,23.01,Safety,Basic
3124,Italy,IT,IND_TOTAL,I_DSK2_SF_B,2023,27.9,Safety,Basic
3125,Lithuania,LT,IND_TOTAL,I_DSK2_SF_B,2023,25.51,Safety,Basic
3126,Luxembourg,LU,IND_TOTAL,I_DSK2_SF_B,2023,31.54,Safety,Basic
3127,Latvia,LV,IND_TOTAL,I_DSK2_SF_B,2023,30.22,Safety,Basic
3128,Montenegro,ME,IND_TOTAL,I_DSK2_SF_B,2023,42.71,Safety,Basic
3129,Malta,MT,IND_TOTAL,I_DSK2_SF_B,2023,27.09,Safety,Basic
3130,Netherlands,NL,IND_TOTAL,I_DSK2_SF_B,2023,15.44,Safety,Basic
3131,Norway,NO,IND_TOTAL,I_DSK2_SF_B,2023,22.61,Safety,Basic
3132,Poland,PL,IND_TOTAL,I_DSK2_SF_B,2023,27.2,Safety,Basic
3133,Portugal,PT,IND_TOTAL,I_DSK2_SF_B,2023,19.76,Safety,Basic
3134,Romania,RO,IND_TOTAL,I_DSK2_SF_B,2023,28.12,Safety,Basic
3135,Serbia,RS,IND_TOTAL,I_DSK2_SF_B,2023,24.09,Safety,Basic
3136,Sweden,SE,IND_TOTAL,I_DSK2_SF_B,2023,28.65,Safety,Basic
3137,Slovenia,SI,IND_TOTAL,I_DSK2_SF_B,2023,30.28,Safety,Basic
3138,Slovakia,SK,IND_TOTAL,I_DSK2_SF_B,2023,34.3,Safety,Basic
3139,Türkiye,TR,IND_TOTAL,I_DSK2_SF_B,2023,27.23,Safety,Basic
3140,Albania,AL,IND_TOTAL,I_DSK2_SF_BAB,2023,38.41,Safety,At Least Basic
3141,Austria,AT,IND_TOTAL,I_DSK2_SF_BAB,2023,77.67,Safety,At Least Basic
3142,Bosnia and Herzegovina,BA,IND_TOTAL,I_DSK2_SF_BAB,2023,42.79,Safety,At Least Basic
3143,Belgium,BE,IND_TOTAL,I_DSK2_SF_BAB,2023,68.2,Safety,At Least Basic
3144,Bulgaria,BG,IND_TOTAL,I_DSK2_SF_BAB,2023,50.75,Safety,At Least Basic
3145,Switzerland,CH,IND_TOTAL,I_DSK2_SF_BAB,2023,88.94,Safety,At Least Basic
3146,Cyprus,CY,IND_TOTAL,I_DSK2_SF_BAB,2023,65.26,Safety,At Least Basic
3147,Czechia,CZ,IND_TOTAL,I_DSK2_SF_BAB,2023,81.98,Safety,At Least Basic
3148,Germany,DE,IND_TOTAL,I_DSK2_SF_BAB,2023,71.03,Safety,At Least Basic
3149,Denmark,DK,IND_TOTAL,I_DSK2_SF_BAB,2023,83.95,Safety,At Least Basic
3150,Estonia,EE,IND_TOTAL,I_DSK2_SF_BAB,2023,74.97,Safety,At Least Basic
3151,Greece,EL,IND_TOTAL,I_DSK2_SF_BAB,2023,66.03,Safety,At Least Basic
3152,Spain,ES,IND_TOTAL,I_DSK2_SF_BAB,2023,80.12,Safety,At Least Basic
3153,Finland,FI,IND_TOTAL,I_DSK2_SF_BAB,2023,92.35,Safety,At Least Basic
3154,France,FR,IND_TOTAL,I_DSK2_SF_BAB,2023,72.69,Safety,At Least Basic
3155,Croatia,HR,IND_TOTAL,I_DSK2_SF_BAB,2023,63.9,Safety,At Least Basic
3156,Hungary,HU,IND_TOTAL,I_DSK2_SF_BAB,2023,74.81,Safety,At Least Basic
3157,Ireland,IE,IND_TOTAL,I_DSK2_SF_BAB,2023,80.69,Safety,At Least Basic
3158,Italy,IT,IND_TOTAL,I_DSK2_SF_BAB,2023,59.0,Safety,At Least Basic
3159,Lithuania,LT,IND_TOTAL,I_DSK2_SF_BAB,2023,62.68,Safety,At Least Basic
3160,Luxembourg,LU,IND_TOTAL,I_DSK2_SF_BAB,2023,75.49,Safety,At Least Basic
3161,Latvia,LV,IND_TOTAL,I_DSK2_SF_BAB,2023,54.61,Safety,At Least Basic
3162,Montenegro,ME,IND_TOTAL,I_DSK2_SF_BAB,2023,65.68,Safety,At Least Basic
3163,Malta,MT,IND_TOTAL,I_DSK2_SF_BAB,2023,79.48,Safety,At Least Basic
3164,Netherlands,NL,IND_TOTAL,I_DSK2_SF_BAB,2023,92.7,Safety,At Least Basic
3165,Norway,NO,IND_TOTAL,I_DSK2_SF_BAB,2023,92.76,Safety,At Least Basic
3166,Poland,PL,IND_TOTAL,I_DSK2_SF_BAB,2023,54.06,Safety,At Least Basic
3167,Portugal,PT,IND_TOTAL,I_DSK2_SF_BAB,2023,73.07,Safety,At Least Basic
3168,Romania,RO,IND_TOTAL,I_DSK2_SF_BAB,2023,46.81,Safety,At Least Basic
3169,Serbia,RS,IND_TOTAL,I_DSK2_SF_BAB,2023,36.43,Safety,At Least Basic
3170,Sweden,SE,IND_TOTAL,I_DSK2_SF_BAB,2023,77.42,Safety,At Least Basic
3171,Slovenia,SI,IND_TOTAL,I_DSK2_SF_BAB,2023,56.34,Safety,At Least Basic
3172,Slovakia,SK,IND_TOTAL,I_DSK2_SF_BAB,2023,63.91,Safety,At Least Basic
3173,Türkiye,TR,IND_TOTAL,I_DSK2_SF_BAB,2023,52.46,Safety,At Least Basic
3174,Albania,AL,IND_TOTAL,I_DSK2_SF_BAB,2023,46.2,Safety,At Least Basic
3175,Austria,AT,IND_TOTAL,I_DSK2_SF_BAB,2023,81.47,Safety,At Least Basic
3176,Bosnia and Herzegovina,BA,IND_TOTAL,I_DSK2_SF_BAB,2023,51.32,Safety,At Least Basic
3177,Belgium,BE,IND_TOTAL,I_DSK2_SF_BAB,2023,72.07,Safety,At Least Basic
3178,Bulgaria,BG,IND_TOTAL,I_DSK2_SF_BAB,2023,63.13,Safety,At Least Basic
3179,Switzerland,CH,IND_TOTAL,I_DSK2_SF_BAB,2023,89.62,Safety,At Least Basic
3180,Cyprus,CY,IND_TOTAL,I_DSK2_SF_BAB,2023,71.54,Safety,At Least Basic
3181,Czechia,CZ,IND_TOTAL,I_DSK2_SF_BAB,2023,89.07,Safety,At Least Basic
3182,Germany,DE,IND_TOTAL,I_DSK2_SF_BAB,2023,76.81,Safety,At Least Basic
3183,Denmark,DK,IND_TOTAL,I_DSK2_SF_BAB,2023,84.97,Safety,At Least Basic
3184,Estonia,EE,IND_TOTAL,I_DSK2_SF_BAB,2023,80.44,Safety,At Least Basic
3185,Greece,EL,IND_TOTAL,I_DSK2_SF_BAB,2023,77.68,Safety,At Least Basic
3186,Spain,ES,IND_TOTAL,I_DSK2_SF_BAB,2023,83.95,Safety,At Least Basic
3187,Finland,FI,IND_TOTAL,I_DSK2_SF_BAB,2023,94.53,Safety,At Least Basic
3188,France,FR,IND_TOTAL,I_DSK2_SF_BAB,2023,78.31,Safety,At Least Basic
3189,Croatia,HR,IND_TOTAL,I_DSK2_SF_BAB,2023,76.62,Safety,At Least Basic
3190,Hungary,HU,IND_TOTAL,I_DSK2_SF_BAB,2023,81.81,Safety,At Least Basic
3191,Ireland,IE,IND_TOTAL,I_DSK2_SF_BAB,2023,86.51,Safety,At Least Basic
3192,Italy,IT,IND_TOTAL,I_DSK2_SF_BAB,2023,67.88,Safety,At Least Basic
3193,Lithuania,LT,IND_TOTAL,I_DSK2_SF_BAB,2023,70.82,Safety,At Least Basic
3194,Luxembourg,LU,IND_TOTAL,I_DSK2_SF_BAB,2023,75.99,Safety,At Least Basic
3195,Latvia,LV,IND_TOTAL,I_DSK2_SF_BAB,2023,59.15,Safety,At Least Basic
3196,Montenegro,ME,IND_TOTAL,I_DSK2_SF_BAB,2023,74.33,Safety,At Least Basic
3197,Malta,MT,IND_TOTAL,I_DSK2_SF_BAB,2023,85.64,Safety,At Least Basic
3198,Netherlands,NL,IND_TOTAL,I_DSK2_SF_BAB,2023,93.49,Safety,At Least Basic
3199,Norway,NO,IND_TOTAL,I_DSK2_SF_BAB,2023,93.05,Safety,At Least Basic
3200,Poland,PL,IND_TOTAL,I_DSK2_SF_BAB,2023,62.56,Safety,At Least Basic
3201,Portugal,PT,IND_TOTAL,I_DSK2_SF_BAB,2023,85.17,Safety,At Least Basic
3202,Romania,RO,IND_TOTAL,I_DSK2_SF_BAB,2023,52.47,Safety,At Least Basic
3203,Serbia,RS,IND_TOTAL,I_DSK2_SF_BAB,2023,42.68,Safety,At Least Basic
3204,Sweden,SE,IND_TOTAL,I_DSK2_SF_BAB,2023,79.32,Safety,At Least Basic
3205,Slovenia,SI,IND_TOTAL,I_DSK2_SF_BAB,2023,62.34,Safety,At Least Basic
3206,Slovakia,SK,IND_TOTAL,I_DSK2_SF_BAB,2023,73.28,Safety,At Least Basic
3207,Türkiye,TR,IND_TOTAL,I_DSK2_SF_BAB,2023,61.03,Safety,At Least Basic
3208,Albania,AL,IND_TOTAL,I_DSK2_X,2023,9.64,Overall Digital Skills,No Skills
3209,Austria,AT,IND_TOTAL,I_DSK2_X,2023,2.03,Overall Digital Skills,No Skills
3210,Bosnia and Herzegovina,BA,IND_TOTAL,I_DSK2_X,2023,4.96,Overall Digital Skills,No Skills
3211,Belgium,BE,IND_TOTAL,I_DSK2_X,2023,2.12,Overall Digital Skills,No Skills
3212,Bulgaria,BG,IND_TOTAL,I_DSK2_X,2023,5.88,Overall Digital Skills,No Skills
3213,Cyprus,CY,IND_TOTAL,I_DSK2_X,2023,2.27,Overall Digital Skills,No Skills
3214,Czechia,CZ,IND_TOTAL,I_DSK2_X,2023,1.13,Overall Digital Skills,No Skills
3215,Germany,DE,IND_TOTAL,I_DSK2_X,2023,2.32,Overall Digital Skills,No Skills
3216,Denmark,DK,IND_TOTAL,I_DSK2_X,2023,0.9,Overall Digital Skills,No Skills
3217,Estonia,EE,IND_TOTAL,I_DSK2_X,2023,1.89,Overall Digital Skills,No Skills
3218,Greece,EL,IND_TOTAL,I_DSK2_X,2023,2.81,Overall Digital Skills,No Skills
3219,Spain,ES,IND_TOTAL,I_DSK2_X,2023,2.51,Overall Digital Skills,No Skills
3220,Finland,FI,IND_TOTAL,I_DSK2_X,2023,0.62,Overall Digital Skills,No Skills
3221,France,FR,IND_TOTAL,I_DSK2_X,2023,2.48,Overall Digital Skills,No Skills
3222,Croatia,HR,IND_TOTAL,I_DSK2_X,2023,0.09,Overall Digital Skills,No Skills
3223,Hungary,HU,IND_TOTAL,I_DSK2_X,2023,1.53,Overall Digital Skills,No Skills
3224,Ireland,IE,IND_TOTAL,I_DSK2_X,2023,0.28,Overall Digital Skills,No Skills
3225,Italy,IT,IND_TOTAL,I_DSK2_X,2023,5.09,Overall Digital Skills,No Skills
3226,Lithuania,LT,IND_TOTAL,I_DSK2_X,2023,2.79,Overall Digital Skills,No Skills
3227,Luxembourg,LU,IND_TOTAL,I_DSK2_X,2023,3.87,Overall Digital Skills,No Skills
3228,Latvia,LV,IND_TOTAL,I_DSK2_X,2023,2.65,Overall Digital Skills,No Skills
3229,Montenegro,ME,IND_TOTAL,I_DSK2_X,2023,0.14,Overall Digital Skills,No Skills
3230,Malta,MT,IND_TOTAL,I_DSK2_X,2023,1.37,Overall Digital Skills,No Skills
3231,Netherlands,NL,IND_TOTAL,I_DSK2_X,2023,0.25,Overall Digital Skills,No Skills
3232,Norway,NO,IND_TOTAL,I_DSK2_X,2023,0.39,Overall Digital Skills,No Skills
3233,Poland,PL,IND_TOTAL,I_DSK2_X,2023,3.79,Overall Digital Skills,No Skills
3234,Portugal,PT,IND_TOTAL,I_DSK2_X,2023,2.69,Overall Digital Skills,No Skills
3235,Romania,RO,IND_TOTAL,I_DSK2_X,2023,9.91,Overall Digital Skills,No Skills
3236,Serbia,RS,IND_TOTAL,I_DSK2_X,2023,2.62,Overall Digital Skills,No Skills
3237,Sweden,SE,IND_TOTAL,I_DSK2_X,2023,1.03,Overall Digital Skills,No Skills
3238,Slovenia,SI,IND_TOTAL,I_DSK2_X,2023,3.71,Overall Digital Skills,No Skills
3239,Slovakia,SK,IND_TOTAL,I_DSK2_X,2023,2.05,Overall Digital Skills,No Skills
3240,Türkiye,TR,IND_TOTAL,I_DSK2_X,2023,6.29,Overall Digital Skills,No Skills
3241,Albania,AL,IND_TOTAL,I_DSK2_X,2023,11.6,Overall Digital Skills,No Skills
3242,Austria,AT,IND_TOTAL,I_DSK2_X,2023,2.13,Overall Digital Skills,No Skills
3243,Bosnia and Herzegovina,BA,IND_TOTAL,I_DSK2_X,2023,5.95,Overall Digital Skills,No Skills
3244,Belgium,BE,IND_TOTAL,I_DSK2_X,2023,2.24,Overall Digital Skills,No Skills
3245,Bulgaria,BG,IND_TOTAL,I_DSK2_X,2023,7.32,Overall Digital Skills,No Skills
3246,Cyprus,CY,IND_TOTAL,I_DSK2_X,2023,2.49,Overall Digital Skills,No Skills
3247,Czechia,CZ,IND_TOTAL,I_DSK2_X,2023,1.23,Overall Digital Skills,No Skills
3248,Germany,DE,IND_TOTAL,I_DSK2_X,2023,2.51,Overall Digital Skills,No Skills
3249,Denmark,DK,IND_TOTAL,I_DSK2_X,2023,0.91,Overall Digital Skills,No Skills
3250,Estonia,EE,IND_TOTAL,I_DSK2_X,2023,2.03,Overall Digital Skills,No Skills
3251,Greece,EL,IND_TOTAL,I_DSK2_X,2023,3.3,Overall Digital Skills,No Skills
3252,Spain,ES,IND_TOTAL,I_DSK2_X,2023,2.63,Overall Digital Skills,No Skills
3253,Finland,FI,IND_TOTAL,I_DSK2_X,2023,0.64,Overall Digital Skills,No Skills
3254,France,FR,IND_TOTAL,I_DSK2_X,2023,2.67,Overall Digital Skills,No Skills
3255,Croatia,HR,IND_TOTAL,I_DSK2_X,2023,0.11,Overall Digital Skills,No Skills
3256,Hungary,HU,IND_TOTAL,I_DSK2_X,2023,1.67,Overall Digital Skills,No Skills
3257,Ireland,IE,IND_TOTAL,I_DSK2_X,2023,0.3,Overall Digital Skills,No Skills
3258,Italy,IT,IND_TOTAL,I_DSK2_X,2023,5.86,Overall Digital Skills,No Skills
3259,Lithuania,LT,IND_TOTAL,I_DSK2_X,2023,3.15,Overall Digital Skills,No Skills
3260,Luxembourg,LU,IND_TOTAL,I_DSK2_X,2023,3.89,Overall Digital Skills,No Skills
3261,Latvia,LV,IND_TOTAL,I_DSK2_X,2023,2.87,Overall Digital Skills,No Skills
3262,Montenegro,ME,IND_TOTAL,I_DSK2_X,2023,0.15,Overall Digital Skills,No Skills
3263,Malta,MT,IND_TOTAL,I_DSK2_X,2023,1.47,Overall Digital Skills,No Skills
3264,Netherlands,NL,IND_TOTAL,I_DSK2_X,2023,0.26,Overall Digital Skills,No Skills
3265,Poland,PL,IND_TOTAL,I_DSK2_X,2023,4.38,Overall Digital Skills,No Skills
3266,Portugal,PT,IND_TOTAL,I_DSK2_X,2023,3.14,Overall Digital Skills,No Skills
3267,Romania,RO,IND_TOTAL,I_DSK2_X,2023,11.11,Overall Digital Skills,No Skills
3268,Serbia,RS,IND_TOTAL,I_DSK2_X,2023,3.07,Overall Digital Skills,No Skills
3269,Sweden,SE,IND_TOTAL,I_DSK2_X,2023,1.06,Overall Digital Skills,No Skills
3270,Slovenia,SI,IND_TOTAL,I_DSK2_X,2023,4.1,Overall Digital Skills,No Skills
3271,Slovakia,SK,IND_TOTAL,I_DSK2_X,2023,2.35,Overall Digital Skills,No Skills
3272,Türkiye,TR,IND_TOTAL,I_DSK2_X,2023,7.32,Overall Digital Skills,No Skills
3273,Albania,AL,IND_TOTAL,I_DSK2_AB,2025,8.07,Overall Digital Skills,Above Basic
3274,Austria,AT,IND_TOTAL,I_DSK2_AB,2025,34.26,Overall Digital Skills,Above Basic
3275,Bosnia and Herzegovina,BA,IND_TOTAL,I_DSK2_AB,2025,9.75,Overall Digital Skills,Above Basic
3276,Belgium,BE,IND_TOTAL,I_DSK2_AB,2025,29.69,Overall Digital Skills,Above Basic
3277,Bulgaria,BG,IND_TOTAL,I_DSK2_AB,2025,11.77,Overall Digital Skills,Above Basic
3278,Switzerland,CH,IND_TOTAL,I_DSK2_AB,2025,45.47,Overall Digital Skills,Above Basic
3279,Cyprus,CY,IND_TOTAL,I_DSK2_AB,2025,18.26,Overall Digital Skills,Above Basic
3280,Czechia,CZ,IND_TOTAL,I_DSK2_AB,2025,37.34,Overall Digital Skills,Above Basic
3281,Germany,DE,IND_TOTAL,I_DSK2_AB,2025,24.21,Overall Digital Skills,Above Basic
3282,Denmark,DK,IND_TOTAL,I_DSK2_AB,2025,53.04,Overall Digital Skills,Above Basic
3283,Estonia,EE,IND_TOTAL,I_DSK2_AB,2025,33.65,Overall Digital Skills,Above Basic
3284,Greece,EL,IND_TOTAL,I_DSK2_AB,2025,27.47,Overall Digital Skills,Above Basic
3285,Spain,ES,IND_TOTAL,I_DSK2_AB,2025,38.86,Overall Digital Skills,Above Basic
3286,Finland,FI,IND_TOTAL,I_DSK2_AB,2025,54.91,Overall Digital Skills,Above Basic
3287,France,FR,IND_TOTAL,I_DSK2_AB,2025,34.99,Overall Digital Skills,Above Basic
3288,Croatia,HR,IND_TOTAL,I_DSK2_AB,2025,27.66,Overall Digital Skills,Above Basic
3289,Hungary,HU,IND_TOTAL,I_DSK2_AB,2025,34.05,Overall Digital Skills,Above Basic
3290,Ireland,IE,IND_TOTAL,I_DSK2_AB,2025,54.41,Overall Digital Skills,Above Basic
3291,Italy,IT,IND_TOTAL,I_DSK2_AB,2025,31.51,Overall Digital Skills,Above Basic
3292,Lithuania,LT,IND_TOTAL,I_DSK2_AB,2025,27.33,Overall Digital Skills,Above Basic
3293,Luxembourg,LU,IND_TOTAL,I_DSK2_AB,2025,28.12,Overall Digital Skills,Above Basic
3294,Latvia,LV,IND_TOTAL,I_DSK2_AB,2025,20.14,Overall Digital Skills,Above Basic
3295,Montenegro,ME,IND_TOTAL,I_DSK2_AB,2025,10.72,Overall Digital Skills,Above Basic
3296,North Macedonia,MK,IND_TOTAL,I_DSK2_AB,2025,6.14,Overall Digital Skills,Above Basic
3297,Malta,MT,IND_TOTAL,I_DSK2_AB,2025,38.04,Overall Digital Skills,Above Basic
3298,Netherlands,NL,IND_TOTAL,I_DSK2_AB,2025,55.61,Overall Digital Skills,Above Basic
3299,Norway,NO,IND_TOTAL,I_DSK2_AB,2025,51.16,Overall Digital Skills,Above Basic
3300,Poland,PL,IND_TOTAL,I_DSK2_AB,2025,23.55,Overall Digital Skills,Above Basic
3301,Portugal,PT,IND_TOTAL,I_DSK2_AB,2025,31.97,Overall Digital Skills,Above Basic
3302,Romania,RO,IND_TOTAL,I_DSK2_AB,2025,11.13,Overall Digital Skills,Above Basic
3303,Serbia,RS,IND_TOTAL,I_DSK2_AB,2025,12.84,Overall Digital Skills,Above Basic
3304,Sweden,SE,IND_TOTAL,I_DSK2_AB,2025,38.1,Overall Digital Skills,Above Basic
3305,Slovenia,SI,IND_TOTAL,I_DSK2_AB,2025,19.8,Overall Digital Skills,Above Basic
3306,Slovakia,SK,IND_TOTAL,I_DSK2_AB,2025,21.16,Overall Digital Skills,Above Basic
3307,Türkiye,TR,IND_TOTAL,I_DSK2_AB,2025,9.91,Overall Digital Skills,Above Basic
3308,Albania,AL,IND_TOTAL,I_DSK2_AB,2025,9.26,Overall Digital Skills,Above Basic
3309,Austria,AT,IND_TOTAL,I_DSK2_AB,2025,35.94,Overall Digital Skills,Above Basic
3310,Bosnia and Herzegovina,BA,IND_TOTAL,I_DSK2_AB,2025,10.82,Overall Digital Skills,Above Basic
3311,Belgium,BE,IND_TOTAL,I_DSK2_AB,2025,30.78,Overall Digital Skills,Above Basic
3312,Bulgaria,BG,IND_TOTAL,I_DSK2_AB,2025,13.55,Overall Digital Skills,Above Basic
3313,Switzerland,CH,IND_TOTAL,I_DSK2_AB,2025,45.96,Overall Digital Skills,Above Basic
3314,Cyprus,CY,IND_TOTAL,I_DSK2_AB,2025,19.46,Overall Digital Skills,Above Basic
3315,Czechia,CZ,IND_TOTAL,I_DSK2_AB,2025,39.5,Overall Digital Skills,Above Basic
3316,Germany,DE,IND_TOTAL,I_DSK2_AB,2025,25.6,Overall Digital Skills,Above Basic
3317,Denmark,DK,IND_TOTAL,I_DSK2_AB,2025,53.2,Overall Digital Skills,Above Basic
3318,Estonia,EE,IND_TOTAL,I_DSK2_AB,2025,35.47,Overall Digital Skills,Above Basic
3319,Greece,EL,IND_TOTAL,I_DSK2_AB,2025,30.82,Overall Digital Skills,Above Basic
3320,Spain,ES,IND_TOTAL,I_DSK2_AB,2025,40.34,Overall Digital Skills,Above Basic
3321,Finland,FI,IND_TOTAL,I_DSK2_AB,2025,55.99,Overall Digital Skills,Above Basic
3322,France,FR,IND_TOTAL,I_DSK2_AB,2025,36.84,Overall Digital Skills,Above Basic
3323,Croatia,HR,IND_TOTAL,I_DSK2_AB,2025,32.2,Overall Digital Skills,Above Basic
3324,Hungary,HU,IND_TOTAL,I_DSK2_AB,2025,36.69,Overall Digital Skills,Above Basic
3325,Ireland,IE,IND_TOTAL,I_DSK2_AB,2025,54.53,Overall Digital Skills,Above Basic
3326,Italy,IT,IND_TOTAL,I_DSK2_AB,2025,34.89,Overall Digital Skills,Above Basic
3327,Lithuania,LT,IND_TOTAL,I_DSK2_AB,2025,30.6,Overall Digital Skills,Above Basic
3328,Luxembourg,LU,IND_TOTAL,I_DSK2_AB,2025,28.36,Overall Digital Skills,Above Basic
3329,Latvia,LV,IND_TOTAL,I_DSK2_AB,2025,21.3,Overall Digital Skills,Above Basic
3330,Montenegro,ME,IND_TOTAL,I_DSK2_AB,2025,11.38,Overall Digital Skills,Above Basic
3331,North Macedonia,MK,IND_TOTAL,I_DSK2_AB,2025,6.67,Overall Digital Skills,Above Basic
3332,Malta,MT,IND_TOTAL,I_DSK2_AB,2025,39.62,Overall Digital Skills,Above Basic
3333,Netherlands,NL,IND_TOTAL,I_DSK2_AB,2025,55.78,Overall Digital Skills,Above Basic
3334,Norway,NO,IND_TOTAL,I_DSK2_AB,2025,51.77,Overall Digital Skills,Above Basic
3335,Poland,PL,IND_TOTAL,I_DSK2_AB,2025,26.26,Overall Digital Skills,Above Basic
3336,Portugal,PT,IND_TOTAL,I_DSK2_AB,2025,35.75,Overall Digital Skills,Above Basic
3337,Romania,RO,IND_TOTAL,I_DSK2_AB,2025,11.95,Overall Digital Skills,Above Basic
3338,Serbia,RS,IND_TOTAL,I_DSK2_AB,2025,14.26,Overall Digital Skills,Above Basic
3339,Sweden,SE,IND_TOTAL,I_DSK2_AB,2025,38.78,Overall Digital Skills,Above Basic
3340,Slovenia,SI,IND_TOTAL,I_DSK2_AB,2025,21.62,Overall Digital Skills,Above Basic
3341,Slovakia,SK,IND_TOTAL,I_DSK2_AB,2025,22.88,Overall Digital Skills,Above Basic
3342,Türkiye,TR,IND_TOTAL,I_DSK2_AB,2025,11.04,Overall Digital Skills,Above Basic
3343,Albania,AL,IND_TOTAL,I_DSK2_B,2025,19.57,Overall Digital Skills,Basic
3344,Austria,AT,IND_TOTAL,I_DSK2_B,2025,35.52,Overall Digital Skills,Basic
3345,Bosnia and Herzegovina,BA,IND_TOTAL,I_DSK2_B,2025,26.5,Overall Digital Skills,Basic
3346,Belgium,BE,IND_TOTAL,I_DSK2_B,2025,31.53,Overall Digital Skills,Basic
3347,Bulgaria,BG,IND_TOTAL,I_DSK2_B,2025,26.49,Overall Digital Skills,Basic
3348,Switzerland,CH,IND_TOTAL,I_DSK2_B,2025,32.55,Overall Digital Skills,Basic
3349,Cyprus,CY,IND_TOTAL,I_DSK2_B,2025,37.49,Overall Digital Skills,Basic
3350,Czechia,CZ,IND_TOTAL,I_DSK2_B,2025,33.11,Overall Digital Skills,Basic
3351,Germany,DE,IND_TOTAL,I_DSK2_B,2025,35.33,Overall Digital Skills,Basic
3352,Denmark,DK,IND_TOTAL,I_DSK2_B,2025,28.41,Overall Digital Skills,Basic
3353,Estonia,EE,IND_TOTAL,I_DSK2_B,2025,28.87,Overall Digital Skills,Basic
3354,Greece,EL,IND_TOTAL,I_DSK2_B,2025,23.49,Overall Digital Skills,Basic
3355,Spain,ES,IND_TOTAL,I_DSK2_B,2025,27.65,Overall Digital Skills,Basic
3356,Finland,FI,IND_TOTAL,I_DSK2_B,2025,26.07,Overall Digital Skills,Basic
3357,France,FR,IND_TOTAL,I_DSK2_B,2025,30.75,Overall Digital Skills,Basic
3358,Croatia,HR,IND_TOTAL,I_DSK2_B,2025,35.72,Overall Digital Skills,Basic
3359,Hungary,HU,IND_TOTAL,I_DSK2_B,2025,23.27,Overall Digital Skills,Basic
3360,Ireland,IE,IND_TOTAL,I_DSK2_B,2025,28.42,Overall Digital Skills,Basic
3361,Italy,IT,IND_TOTAL,I_DSK2_B,2025,22.76,Overall Digital Skills,Basic
3362,Lithuania,LT,IND_TOTAL,I_DSK2_B,2025,26.48,Overall Digital Skills,Basic
3363,Luxembourg,LU,IND_TOTAL,I_DSK2_B,2025,34.29,Overall Digital Skills,Basic
3364,Latvia,LV,IND_TOTAL,I_DSK2_B,2025,28.3,Overall Digital Skills,Basic
3365,Montenegro,ME,IND_TOTAL,I_DSK2_B,2025,33.48,Overall Digital Skills,Basic
3366,North Macedonia,MK,IND_TOTAL,I_DSK2_B,2025,22.35,Overall Digital Skills,Basic
3367,Malta,MT,IND_TOTAL,I_DSK2_B,2025,28.76,Overall Digital Skills,Basic
3368,Netherlands,NL,IND_TOTAL,I_DSK2_B,2025,27.99,Overall Digital Skills,Basic
3369,Norway,NO,IND_TOTAL,I_DSK2_B,2025,28.64,Overall Digital Skills,Basic
3370,Poland,PL,IND_TOTAL,I_DSK2_B,2025,26.87,Overall Digital Skills,Basic
3371,Portugal,PT,IND_TOTAL,I_DSK2_B,2025,27.18,Overall Digital Skills,Basic
3372,Romania,RO,IND_TOTAL,I_DSK2_B,2025,20.71,Overall Digital Skills,Basic
3373,Serbia,RS,IND_TOTAL,I_DSK2_B,2025,29.18,Overall Digital Skills,Basic
3374,Sweden,SE,IND_TOTAL,I_DSK2_B,2025,31.88,Overall Digital Skills,Basic
3375,Slovenia,SI,IND_TOTAL,I_DSK2_B,2025,26.7,Overall Digital Skills,Basic
3376,Slovakia,SK,IND_TOTAL,I_DSK2_B,2025,32.4,Overall Digital Skills,Basic
3377,Türkiye,TR,IND_TOTAL,I_DSK2_B,2025,21.57,Overall Digital Skills,Basic
3378,Albania,AL,IND_TOTAL,I_DSK2_B,2025,22.45,Overall Digital Skills,Basic
3379,Austria,AT,IND_TOTAL,I_DSK2_B,2025,37.27,Overall Digital Skills,Basic
3380,Bosnia and Herzegovina,BA,IND_TOTAL,I_DSK2_B,2025,29.41,Overall Digital Skills,Basic
3381,Belgium,BE,IND_TOTAL,I_DSK2_B,2025,32.69,Overall Digital Skills,Basic
3382,Bulgaria,BG,IND_TOTAL,I_DSK2_B,2025,30.5,Overall Digital Skills,Basic
3383,Switzerland,CH,IND_TOTAL,I_DSK2_B,2025,32.9,Overall Digital Skills,Basic
3384,Cyprus,CY,IND_TOTAL,I_DSK2_B,2025,39.98,Overall Digital Skills,Basic
3385,Czechia,CZ,IND_TOTAL,I_DSK2_B,2025,35.03,Overall Digital Skills,Basic
3386,Germany,DE,IND_TOTAL,I_DSK2_B,2025,37.36,Overall Digital Skills,Basic
3387,Denmark,DK,IND_TOTAL,I_DSK2_B,2025,28.49,Overall Digital Skills,Basic
3388,Estonia,EE,IND_TOTAL,I_DSK2_B,2025,30.44,Overall Digital Skills,Basic
3389,Greece,EL,IND_TOTAL,I_DSK2_B,2025,26.34,Overall Digital Skills,Basic
3390,Spain,ES,IND_TOTAL,I_DSK2_B,2025,28.7,Overall Digital Skills,Basic
3391,Finland,FI,IND_TOTAL,I_DSK2_B,2025,26.58,Overall Digital Skills,Basic
3392,France,FR,IND_TOTAL,I_DSK2_B,2025,32.38,Overall Digital Skills,Basic
3393,Croatia,HR,IND_TOTAL,I_DSK2_B,2025,41.58,Overall Digital Skills,Basic
3394,Hungary,HU,IND_TOTAL,I_DSK2_B,2025,25.08,Overall Digital Skills,Basic
3395,Ireland,IE,IND_TOTAL,I_DSK2_B,2025,28.48,Overall Digital Skills,Basic
3396,Italy,IT,IND_TOTAL,I_DSK2_B,2025,25.2,Overall Digital Skills,Basic
3397,Lithuania,LT,IND_TOTAL,I_DSK2_B,2025,29.65,Overall Digital Skills,Basic
3398,Luxembourg,LU,IND_TOTAL,I_DSK2_B,2025,34.59,Overall Digital Skills,Basic
3399,Latvia,LV,IND_TOTAL,I_DSK2_B,2025,29.93,Overall Digital Skills,Basic
3400,Montenegro,ME,IND_TOTAL,I_DSK2_B,2025,35.53,Overall Digital Skills,Basic
3401,North Macedonia,MK,IND_TOTAL,I_DSK2_B,2025,24.26,Overall Digital Skills,Basic
3402,Malta,MT,IND_TOTAL,I_DSK2_B,2025,29.96,Overall Digital Skills,Basic
3403,Netherlands,NL,IND_TOTAL,I_DSK2_B,2025,28.08,Overall Digital Skills,Basic
3404,Norway,NO,IND_TOTAL,I_DSK2_B,2025,28.99,Overall Digital Skills,Basic
3405,Poland,PL,IND_TOTAL,I_DSK2_B,2025,29.97,Overall Digital Skills,Basic
3406,Portugal,PT,IND_TOTAL,I_DSK2_B,2025,30.38,Overall Digital Skills,Basic
3407,Romania,RO,IND_TOTAL,I_DSK2_B,2025,22.24,Overall Digital Skills,Basic
3408,Serbia,RS,IND_TOTAL,I_DSK2_B,2025,32.4,Overall Digital Skills,Basic
3409,Sweden,SE,IND_TOTAL,I_DSK2_B,2025,32.45,Overall Digital Skills,Basic
3410,Slovenia,SI,IND_TOTAL,I_DSK2_B,2025,29.16,Overall Digital Skills,Basic
3411,Slovakia,SK,IND_TOTAL,I_DSK2_B,2025,35.03,Overall Digital Skills,Basic
3412,Türkiye,TR,IND_TOTAL,I_DSK2_B,2025,24.03,Overall Digital Skills,Basic
3413,Albania,AL,IND_TOTAL,I_DSK2_BAB,2025,27.65,Overall Digital Skills,At Least Basic
3414,Austria,AT,IND_TOTAL,I_DSK2_BAB,2025,69.77,Overall Digital Skills,At Least Basic
3415,Bosnia and Herzegovina,BA,IND_TOTAL,I_DSK2_BAB,2025,36.25,Overall Digital Skills,At Least Basic
3416,Belgium,BE,IND_TOTAL,I_DSK2_BAB,2025,61.22,Overall Digital Skills,At Least Basic
3417,Bulgaria,BG,IND_TOTAL,I_DSK2_BAB,2025,38.26,Overall Digital Skills,At Least Basic
3418,Switzerland,CH,IND_TOTAL,I_DSK2_BAB,2025,78.01,Overall Digital Skills,At Least Basic
3419,Cyprus,CY,IND_TOTAL,I_DSK2_BAB,2025,55.75,Overall Digital Skills,At Least Basic
3420,Czechia,CZ,IND_TOTAL,I_DSK2_BAB,2025,70.45,Overall Digital Skills,At Least Basic
3421,Germany,DE,IND_TOTAL,I_DSK2_BAB,2025,59.55,Overall Digital Skills,At Least Basic
3422,Denmark,DK,IND_TOTAL,I_DSK2_BAB,2025,81.45,Overall Digital Skills,At Least Basic
3423,Estonia,EE,IND_TOTAL,I_DSK2_BAB,2025,62.52,Overall Digital Skills,At Least Basic
3424,Greece,EL,IND_TOTAL,I_DSK2_BAB,2025,50.96,Overall Digital Skills,At Least Basic
3425,Spain,ES,IND_TOTAL,I_DSK2_BAB,2025,66.5,Overall Digital Skills,At Least Basic
3426,Finland,FI,IND_TOTAL,I_DSK2_BAB,2025,80.98,Overall Digital Skills,At Least Basic
3427,France,FR,IND_TOTAL,I_DSK2_BAB,2025,65.74,Overall Digital Skills,At Least Basic
3428,Croatia,HR,IND_TOTAL,I_DSK2_BAB,2025,63.38,Overall Digital Skills,At Least Basic
3429,Hungary,HU,IND_TOTAL,I_DSK2_BAB,2025,57.32,Overall Digital Skills,At Least Basic
3430,Ireland,IE,IND_TOTAL,I_DSK2_BAB,2025,82.82,Overall Digital Skills,At Least Basic
3431,Italy,IT,IND_TOTAL,I_DSK2_BAB,2025,54.27,Overall Digital Skills,At Least Basic
3432,Lithuania,LT,IND_TOTAL,I_DSK2_BAB,2025,53.8,Overall Digital Skills,At Least Basic
3433,Luxembourg,LU,IND_TOTAL,I_DSK2_BAB,2025,62.4,Overall Digital Skills,At Least Basic
3434,Latvia,LV,IND_TOTAL,I_DSK2_BAB,2025,48.43,Overall Digital Skills,At Least Basic
3435,Montenegro,ME,IND_TOTAL,I_DSK2_BAB,2025,44.2,Overall Digital Skills,At Least Basic
3436,North Macedonia,MK,IND_TOTAL,I_DSK2_BAB,2025,28.5,Overall Digital Skills,At Least Basic
3437,Malta,MT,IND_TOTAL,I_DSK2_BAB,2025,66.8,Overall Digital Skills,At Least Basic
3438,Netherlands,NL,IND_TOTAL,I_DSK2_BAB,2025,83.61,Overall Digital Skills,At Least Basic
3439,Norway,NO,IND_TOTAL,I_DSK2_BAB,2025,79.8,Overall Digital Skills,At Least Basic
3440,Poland,PL,IND_TOTAL,I_DSK2_BAB,2025,50.42,Overall Digital Skills,At Least Basic
3441,Portugal,PT,IND_TOTAL,I_DSK2_BAB,2025,59.15,Overall Digital Skills,At Least Basic
3442,Romania,RO,IND_TOTAL,I_DSK2_BAB,2025,31.84,Overall Digital Skills,At Least Basic
3443,Serbia,RS,IND_TOTAL,I_DSK2_BAB,2025,42.02,Overall Digital Skills,At Least Basic
3444,Sweden,SE,IND_TOTAL,I_DSK2_BAB,2025,69.99,Overall Digital Skills,At Least Basic
3445,Slovenia,SI,IND_TOTAL,I_DSK2_BAB,2025,46.5,Overall Digital Skills,At Least Basic
3446,Slovakia,SK,IND_TOTAL,I_DSK2_BAB,2025,53.56,Overall Digital Skills,At Least Basic
3447,Türkiye,TR,IND_TOTAL,I_DSK2_BAB,2025,31.49,Overall Digital Skills,At Least Basic
3448,Albania,AL,IND_TOTAL,I_DSK2_BAB,2025,31.71,Overall Digital Skills,At Least Basic
3449,Austria,AT,IND_TOTAL,I_DSK2_BAB,2025,73.21,Overall Digital Skills,At Least Basic
3450,Bosnia and Herzegovina,BA,IND_TOTAL,I_DSK2_BAB,2025,40.22,Overall Digital Skills,At Least Basic
3451,Belgium,BE,IND_TOTAL,I_DSK2_BAB,2025,63.47,Overall Digital Skills,At Least Basic
3452,Bulgaria,BG,IND_TOTAL,I_DSK2_BAB,2025,44.05,Overall Digital Skills,At Least Basic
3453,Switzerland,CH,IND_TOTAL,I_DSK2_BAB,2025,78.86,Overall Digital Skills,At Least Basic
3454,Cyprus,CY,IND_TOTAL,I_DSK2_BAB,2025,59.44,Overall Digital Skills,At Least Basic
3455,Czechia,CZ,IND_TOTAL,I_DSK2_BAB,2025,74.54,Overall Digital Skills,At Least Basic
3456,Germany,DE,IND_TOTAL,I_DSK2_BAB,2025,62.96,Overall Digital Skills,At Least Basic
3457,Denmark,DK,IND_TOTAL,I_DSK2_BAB,2025,81.69,Overall Digital Skills,At Least Basic
3458,Estonia,EE,IND_TOTAL,I_DSK2_BAB,2025,65.9,Overall Digital Skills,At Least Basic
3459,Greece,EL,IND_TOTAL,I_DSK2_BAB,2025,57.16,Overall Digital Skills,At Least Basic
3460,Spain,ES,IND_TOTAL,I_DSK2_BAB,2025,69.03,Overall Digital Skills,At Least Basic
3461,Finland,FI,IND_TOTAL,I_DSK2_BAB,2025,82.57,Overall Digital Skills,At Least Basic
3462,France,FR,IND_TOTAL,I_DSK2_BAB,2025,69.22,Overall Digital Skills,At Least Basic
3463,Croatia,HR,IND_TOTAL,I_DSK2_BAB,2025,73.78,Overall Digital Skills,At Least Basic
3464,Hungary,HU,IND_TOTAL,I_DSK2_BAB,2025,61.77,Overall Digital Skills,At Least Basic
3465,Ireland,IE,IND_TOTAL,I_DSK2_BAB,2025,83.01,Overall Digital Skills,At Least Basic
3466,Italy,IT,IND_TOTAL,I_DSK2_BAB,2025,60.08,Overall Digital Skills,At Least Basic
3467,Lithuania,LT,IND_TOTAL,I_DSK2_BAB,2025,60.25,Overall Digital Skills,At Least Basic
3468,Luxembourg,LU,IND_TOTAL,I_DSK2_BAB,2025,62.95,Overall Digital Skills,At Least Basic
3469,Latvia,LV,IND_TOTAL,I_DSK2_BAB,2025,51.24,Overall Digital Skills,At Least Basic
3470,Montenegro,ME,IND_TOTAL,I_DSK2_BAB,2025,46.91,Overall Digital Skills,At Least Basic
3471,North Macedonia,MK,IND_TOTAL,I_DSK2_BAB,2025,30.93,Overall Digital Skills,At Least Basic
3472,Malta,MT,IND_TOTAL,I_DSK2_BAB,2025,69.58,Overall Digital Skills,At Least Basic
3473,Netherlands,NL,IND_TOTAL,I_DSK2_BAB,2025,83.85,Overall Digital Skills,At Least Basic
3474,Norway,NO,IND_TOTAL,I_DSK2_BAB,2025,80.76,Overall Digital Skills,At Least Basic
3475,Poland,PL,IND_TOTAL,I_DSK2_BAB,2025,56.24,Overall Digital Skills,At Least Basic
3476,Portugal,PT,IND_TOTAL,I_DSK2_BAB,2025,66.13,Overall Digital Skills,At Least Basic
3477,Romania,RO,IND_TOTAL,I_DSK2_BAB,2025,34.18,Overall Digital Skills,At Least Basic
3478,Serbia,RS,IND_TOTAL,I_DSK2_BAB,2025,46.67,Overall Digital Skills,At Least Basic
3479,Sweden,SE,IND_TOTAL,I_DSK2_BAB,2025,71.23,Overall Digital Skills,At Least Basic
3480,Slovenia,SI,IND_TOTAL,I_DSK2_BAB,2025,50.79,Overall Digital Skills,At Least Basic
3481,Slovakia,SK,IND_TOTAL,I_DSK2_BAB,2025,57.91,Overall Digital Skills,At Least Basic
3482,Türkiye,TR,IND_TOTAL,I_DSK2_BAB,2025,35.07,Overall Digital Skills,At Least Basic
3483,Albania,AL,IND_TOTAL,I_DSK2_CC_AB,2025,84.34,Communication & Collaboration,Above Basic
3484,Austria,AT,IND_TOTAL,I_DSK2_CC_AB,2025,90.24,Communication & Collaboration,Above Basic
3485,Bosnia and Herzegovina,BA,IND_TOTAL,I_DSK2_CC_AB,2025,87.05,Communication & Collaboration,Above Basic
3486,Belgium,BE,IND_TOTAL,I_DSK2_CC_AB,2025,86.19,Communication & Collaboration,Above Basic
3487,Bulgaria,BG,IND_TOTAL,I_DSK2_CC_AB,2025,78.49,Communication & Collaboration,Above Basic
3488,Switzerland,CH,IND_TOTAL,I_DSK2_CC_AB,2025,94.92,Communication & Collaboration,Above Basic
3489,Cyprus,CY,IND_TOTAL,I_DSK2_CC_AB,2025,90.57,Communication & Collaboration,Above Basic
3490,Czechia,CZ,IND_TOTAL,I_DSK2_CC_AB,2025,88.9,Communication & Collaboration,Above Basic
3491,Germany,DE,IND_TOTAL,I_DSK2_CC_AB,2025,88.5,Communication & Collaboration,Above Basic
3492,Denmark,DK,IND_TOTAL,I_DSK2_CC_AB,2025,95.99,Communication & Collaboration,Above Basic
3493,Estonia,EE,IND_TOTAL,I_DSK2_CC_AB,2025,84.87,Communication & Collaboration,Above Basic
3494,Greece,EL,IND_TOTAL,I_DSK2_CC_AB,2025,84.64,Communication & Collaboration,Above Basic
3495,Spain,ES,IND_TOTAL,I_DSK2_CC_AB,2025,92.08,Communication & Collaboration,Above Basic
3496,Finland,FI,IND_TOTAL,I_DSK2_CC_AB,2025,94.63,Communication & Collaboration,Above Basic
3497,France,FR,IND_TOTAL,I_DSK2_CC_AB,2025,85.49,Communication & Collaboration,Above Basic
3498,Croatia,HR,IND_TOTAL,I_DSK2_CC_AB,2025,80.72,Communication & Collaboration,Above Basic
3499,Hungary,HU,IND_TOTAL,I_DSK2_CC_AB,2025,84.01,Communication & Collaboration,Above Basic
3500,Ireland,IE,IND_TOTAL,I_DSK2_CC_AB,2025,96.04,Communication & Collaboration,Above Basic
3501,Italy,IT,IND_TOTAL,I_DSK2_CC_AB,2025,84.32,Communication & Collaboration,Above Basic
3502,Lithuania,LT,IND_TOTAL,I_DSK2_CC_AB,2025,81.57,Communication & Collaboration,Above Basic
3503,Luxembourg,LU,IND_TOTAL,I_DSK2_CC_AB,2025,86.19,Communication & Collaboration,Above Basic
3504,Latvia,LV,IND_TOTAL,I_DSK2_CC_AB,2025,88.64,Communication & Collaboration,Above Basic
3505,Montenegro,ME,IND_TOTAL,I_DSK2_CC_AB,2025,92.0,Communication & Collaboration,Above Basic
3506,North Macedonia,MK,IND_TOTAL,I_DSK2_CC_AB,2025,86.29,Communication & Collaboration,Above Basic
3507,Malta,MT,IND_TOTAL,I_DSK2_CC_AB,2025,93.01,Communication & Collaboration,Above Basic
3508,Netherlands,NL,IND_TOTAL,I_DSK2_CC_AB,2025,98.6,Communication & Collaboration,Above Basic
3509,Norway,NO,IND_TOTAL,I_DSK2_CC_AB,2025,94.98,Communication & Collaboration,Above Basic
3510,Poland,PL,IND_TOTAL,I_DSK2_CC_AB,2025,76.27,Communication & Collaboration,Above Basic
3511,Portugal,PT,IND_TOTAL,I_DSK2_CC_AB,2025,85.19,Communication & Collaboration,Above Basic
3512,Romania,RO,IND_TOTAL,I_DSK2_CC_AB,2025,83.56,Communication & Collaboration,Above Basic
3513,Serbia,RS,IND_TOTAL,I_DSK2_CC_AB,2025,86.25,Communication & Collaboration,Above Basic
3514,Sweden,SE,IND_TOTAL,I_DSK2_CC_AB,2025,90.19,Communication & Collaboration,Above Basic
3515,Slovenia,SI,IND_TOTAL,I_DSK2_CC_AB,2025,80.77,Communication & Collaboration,Above Basic
3516,Slovakia,SK,IND_TOTAL,I_DSK2_CC_AB,2025,77.7,Communication & Collaboration,Above Basic
3517,Türkiye,TR,IND_TOTAL,I_DSK2_CC_AB,2025,86.9,Communication & Collaboration,Above Basic
3518,Albania,AL,IND_TOTAL,I_DSK2_CC_AB,2025,96.74,Communication & Collaboration,Above Basic
3519,Austria,AT,IND_TOTAL,I_DSK2_CC_AB,2025,94.69,Communication & Collaboration,Above Basic
3520,Bosnia and Herzegovina,BA,IND_TOTAL,I_DSK2_CC_AB,2025,96.61,Communication & Collaboration,Above Basic
3521,Belgium,BE,IND_TOTAL,I_DSK2_CC_AB,2025,89.35,Communication & Collaboration,Above Basic
3522,Bulgaria,BG,IND_TOTAL,I_DSK2_CC_AB,2025,90.38,Communication & Collaboration,Above Basic
3523,Switzerland,CH,IND_TOTAL,I_DSK2_CC_AB,2025,95.95,Communication & Collaboration,Above Basic
3524,Cyprus,CY,IND_TOTAL,I_DSK2_CC_AB,2025,96.57,Communication & Collaboration,Above Basic
3525,Czechia,CZ,IND_TOTAL,I_DSK2_CC_AB,2025,94.05,Communication & Collaboration,Above Basic
3526,Germany,DE,IND_TOTAL,I_DSK2_CC_AB,2025,93.57,Communication & Collaboration,Above Basic
3527,Denmark,DK,IND_TOTAL,I_DSK2_CC_AB,2025,96.27,Communication & Collaboration,Above Basic
3528,Estonia,EE,IND_TOTAL,I_DSK2_CC_AB,2025,89.47,Communication & Collaboration,Above Basic
3529,Greece,EL,IND_TOTAL,I_DSK2_CC_AB,2025,94.94,Communication & Collaboration,Above Basic
3530,Spain,ES,IND_TOTAL,I_DSK2_CC_AB,2025,95.59,Communication & Collaboration,Above Basic
3531,Finland,FI,IND_TOTAL,I_DSK2_CC_AB,2025,96.48,Communication & Collaboration,Above Basic
3532,France,FR,IND_TOTAL,I_DSK2_CC_AB,2025,90.01,Communication & Collaboration,Above Basic
3533,Croatia,HR,IND_TOTAL,I_DSK2_CC_AB,2025,93.97,Communication & Collaboration,Above Basic
3534,Hungary,HU,IND_TOTAL,I_DSK2_CC_AB,2025,90.52,Communication & Collaboration,Above Basic
3535,Ireland,IE,IND_TOTAL,I_DSK2_CC_AB,2025,96.26,Communication & Collaboration,Above Basic
3536,Italy,IT,IND_TOTAL,I_DSK2_CC_AB,2025,93.36,Communication & Collaboration,Above Basic
3537,Lithuania,LT,IND_TOTAL,I_DSK2_CC_AB,2025,91.34,Communication & Collaboration,Above Basic
3538,Luxembourg,LU,IND_TOTAL,I_DSK2_CC_AB,2025,86.95,Communication & Collaboration,Above Basic
3539,Latvia,LV,IND_TOTAL,I_DSK2_CC_AB,2025,93.77,Communication & Collaboration,Above Basic
3540,Montenegro,ME,IND_TOTAL,I_DSK2_CC_AB,2025,97.64,Communication & Collaboration,Above Basic
3541,North Macedonia,MK,IND_TOTAL,I_DSK2_CC_AB,2025,93.65,Communication & Collaboration,Above Basic
3542,Malta,MT,IND_TOTAL,I_DSK2_CC_AB,2025,96.88,Communication & Collaboration,Above Basic
3543,Netherlands,NL,IND_TOTAL,I_DSK2_CC_AB,2025,98.89,Communication & Collaboration,Above Basic
3544,Norway,NO,IND_TOTAL,I_DSK2_CC_AB,2025,96.11,Communication & Collaboration,Above Basic
3545,Poland,PL,IND_TOTAL,I_DSK2_CC_AB,2025,85.08,Communication & Collaboration,Above Basic
3546,Portugal,PT,IND_TOTAL,I_DSK2_CC_AB,2025,95.23,Communication & Collaboration,Above Basic
3547,Romania,RO,IND_TOTAL,I_DSK2_CC_AB,2025,89.71,Communication & Collaboration,Above Basic
3548,Serbia,RS,IND_TOTAL,I_DSK2_CC_AB,2025,95.78,Communication & Collaboration,Above Basic
3549,Sweden,SE,IND_TOTAL,I_DSK2_CC_AB,2025,91.8,Communication & Collaboration,Above Basic
3550,Slovenia,SI,IND_TOTAL,I_DSK2_CC_AB,2025,88.21,Communication & Collaboration,Above Basic
3551,Slovakia,SK,IND_TOTAL,I_DSK2_CC_AB,2025,84.01,Communication & Collaboration,Above Basic
3552,Türkiye,TR,IND_TOTAL,I_DSK2_CC_AB,2025,96.8,Communication & Collaboration,Above Basic
3553,Albania,AL,IND_TOTAL,I_DSK2_CC_B,2025,2.54,Communication & Collaboration,Basic
3554,Austria,AT,IND_TOTAL,I_DSK2_CC_B,2025,3.72,Communication & Collaboration,Basic
3555,Bosnia and Herzegovina,BA,IND_TOTAL,I_DSK2_CC_B,2025,2.87,Communication & Collaboration,Basic
3556,Belgium,BE,IND_TOTAL,I_DSK2_CC_B,2025,8.45,Communication & Collaboration,Basic
3557,Bulgaria,BG,IND_TOTAL,I_DSK2_CC_B,2025,6.86,Communication & Collaboration,Basic
3558,Switzerland,CH,IND_TOTAL,I_DSK2_CC_B,2025,3.31,Communication & Collaboration,Basic
3559,Cyprus,CY,IND_TOTAL,I_DSK2_CC_B,2025,1.71,Communication & Collaboration,Basic
3560,Czechia,CZ,IND_TOTAL,I_DSK2_CC_B,2025,3.9,Communication & Collaboration,Basic
3561,Germany,DE,IND_TOTAL,I_DSK2_CC_B,2025,4.56,Communication & Collaboration,Basic
3562,Denmark,DK,IND_TOTAL,I_DSK2_CC_B,2025,2.91,Communication & Collaboration,Basic
3563,Estonia,EE,IND_TOTAL,I_DSK2_CC_B,2025,6.09,Communication & Collaboration,Basic
3564,Greece,EL,IND_TOTAL,I_DSK2_CC_B,2025,3.21,Communication & Collaboration,Basic
3565,Spain,ES,IND_TOTAL,I_DSK2_CC_B,2025,3.92,Communication & Collaboration,Basic
3566,Finland,FI,IND_TOTAL,I_DSK2_CC_B,2025,2.51,Communication & Collaboration,Basic
3567,France,FR,IND_TOTAL,I_DSK2_CC_B,2025,8.18,Communication & Collaboration,Basic
3568,Croatia,HR,IND_TOTAL,I_DSK2_CC_B,2025,3.59,Communication & Collaboration,Basic
3569,Hungary,HU,IND_TOTAL,I_DSK2_CC_B,2025,5.57,Communication & Collaboration,Basic
3570,Ireland,IE,IND_TOTAL,I_DSK2_CC_B,2025,3.3,Communication & Collaboration,Basic
3571,Italy,IT,IND_TOTAL,I_DSK2_CC_B,2025,3.65,Communication & Collaboration,Basic
3572,Lithuania,LT,IND_TOTAL,I_DSK2_CC_B,2025,4.7,Communication & Collaboration,Basic
3573,Luxembourg,LU,IND_TOTAL,I_DSK2_CC_B,2025,10.56,Communication & Collaboration,Basic
3574,Latvia,LV,IND_TOTAL,I_DSK2_CC_B,2025,3.74,Communication & Collaboration,Basic
3575,Montenegro,ME,IND_TOTAL,I_DSK2_CC_B,2025,2.02,Communication & Collaboration,Basic
3576,North Macedonia,MK,IND_TOTAL,I_DSK2_CC_B,2025,5.01,Communication & Collaboration,Basic
3577,Malta,MT,IND_TOTAL,I_DSK2_CC_B,2025,2.4,Communication & Collaboration,Basic
3578,Netherlands,NL,IND_TOTAL,I_DSK2_CC_B,2025,0.92,Communication & Collaboration,Basic
3579,Norway,NO,IND_TOTAL,I_DSK2_CC_B,2025,2.9,Communication & Collaboration,Basic
3580,Poland,PL,IND_TOTAL,I_DSK2_CC_B,2025,8.48,Communication & Collaboration,Basic
3581,Portugal,PT,IND_TOTAL,I_DSK2_CC_B,2025,2.98,Communication & Collaboration,Basic
3582,Romania,RO,IND_TOTAL,I_DSK2_CC_B,2025,8.47,Communication & Collaboration,Basic
3583,Serbia,RS,IND_TOTAL,I_DSK2_CC_B,2025,2.54,Communication & Collaboration,Basic
3584,Sweden,SE,IND_TOTAL,I_DSK2_CC_B,2025,6.69,Communication & Collaboration,Basic
3585,Slovenia,SI,IND_TOTAL,I_DSK2_CC_B,2025,8.88,Communication & Collaboration,Basic
3586,Slovakia,SK,IND_TOTAL,I_DSK2_CC_B,2025,11.97,Communication & Collaboration,Basic
3587,Türkiye,TR,IND_TOTAL,I_DSK2_CC_B,2025,2.5,Communication & Collaboration,Basic
3588,Albania,AL,IND_TOTAL,I_DSK2_CC_B,2025,2.92,Communication & Collaboration,Basic
3589,Austria,AT,IND_TOTAL,I_DSK2_CC_B,2025,3.9,Communication & Collaboration,Basic
3590,Bosnia and Herzegovina,BA,IND_TOTAL,I_DSK2_CC_B,2025,3.18,Communication & Collaboration,Basic
3591,Belgium,BE,IND_TOTAL,I_DSK2_CC_B,2025,8.76,Communication & Collaboration,Basic
3592,Bulgaria,BG,IND_TOTAL,I_DSK2_CC_B,2025,7.89,Communication & Collaboration,Basic
3593,Switzerland,CH,IND_TOTAL,I_DSK2_CC_B,2025,3.35,Communication & Collaboration,Basic
3594,Cyprus,CY,IND_TOTAL,I_DSK2_CC_B,2025,1.82,Communication & Collaboration,Basic
3595,Czechia,CZ,IND_TOTAL,I_DSK2_CC_B,2025,4.12,Communication & Collaboration,Basic
3596,Germany,DE,IND_TOTAL,I_DSK2_CC_B,2025,4.82,Communication & Collaboration,Basic
3597,Estonia,EE,IND_TOTAL,I_DSK2_CC_B,2025,6.42,Communication & Collaboration,Basic
3598,Greece,EL,IND_TOTAL,I_DSK2_CC_B,2025,3.6,Communication & Collaboration,Basic
3599,Spain,ES,IND_TOTAL,I_DSK2_CC_B,2025,4.07,Communication & Collaboration,Basic
3600,Finland,FI,IND_TOTAL,I_DSK2_CC_B,2025,2.56,Communication & Collaboration,Basic
3601,France,FR,IND_TOTAL,I_DSK2_CC_B,2025,8.61,Communication & Collaboration,Basic
3602,Croatia,HR,IND_TOTAL,I_DSK2_CC_B,2025,4.18,Communication & Collaboration,Basic
3603,Hungary,HU,IND_TOTAL,I_DSK2_CC_B,2025,6.0,Communication & Collaboration,Basic
3604,Italy,IT,IND_TOTAL,I_DSK2_CC_B,2025,4.04,Communication & Collaboration,Basic
3605,Lithuania,LT,IND_TOTAL,I_DSK2_CC_B,2025,5.27,Communication & Collaboration,Basic
3606,Luxembourg,LU,IND_TOTAL,I_DSK2_CC_B,2025,10.65,Communication & Collaboration,Basic
3607,Latvia,LV,IND_TOTAL,I_DSK2_CC_B,2025,3.96,Communication & Collaboration,Basic
3608,Montenegro,ME,IND_TOTAL,I_DSK2_CC_B,2025,2.14,Communication & Collaboration,Basic
3609,North Macedonia,MK,IND_TOTAL,I_DSK2_CC_B,2025,5.43,Communication & Collaboration,Basic
3610,Malta,MT,IND_TOTAL,I_DSK2_CC_B,2025,2.5,Communication & Collaboration,Basic
3611,Norway,NO,IND_TOTAL,I_DSK2_CC_B,2025,2.93,Communication & Collaboration,Basic
3612,Poland,PL,IND_TOTAL,I_DSK2_CC_B,2025,9.46,Communication & Collaboration,Basic
3613,Portugal,PT,IND_TOTAL,I_DSK2_CC_B,2025,3.34,Communication & Collaboration,Basic
3614,Romania,RO,IND_TOTAL,I_DSK2_CC_B,2025,9.09,Communication & Collaboration,Basic
3615,Serbia,RS,IND_TOTAL,I_DSK2_CC_B,2025,2.82,Communication & Collaboration,Basic
3616,Sweden,SE,IND_TOTAL,I_DSK2_CC_B,2025,6.81,Communication & Collaboration,Basic
3617,Slovenia,SI,IND_TOTAL,I_DSK2_CC_B,2025,9.69,Communication & Collaboration,Basic
3618,Slovakia,SK,IND_TOTAL,I_DSK2_CC_B,2025,12.94,Communication & Collaboration,Basic
3619,Türkiye,TR,IND_TOTAL,I_DSK2_CC_B,2025,2.78,Communication & Collaboration,Basic
3620,Albania,AL,IND_TOTAL,I_DSK2_CC_BAB,2025,86.88,Communication & Collaboration,At Least Basic
3621,Austria,AT,IND_TOTAL,I_DSK2_CC_BAB,2025,93.96,Communication & Collaboration,At Least Basic
3622,Bosnia and Herzegovina,BA,IND_TOTAL,I_DSK2_CC_BAB,2025,89.92,Communication & Collaboration,At Least Basic
3623,Belgium,BE,IND_TOTAL,I_DSK2_CC_BAB,2025,94.64,Communication & Collaboration,At Least Basic
3624,Bulgaria,BG,IND_TOTAL,I_DSK2_CC_BAB,2025,85.34,Communication & Collaboration,At Least Basic
3625,Switzerland,CH,IND_TOTAL,I_DSK2_CC_BAB,2025,98.23,Communication & Collaboration,At Least Basic
3626,Cyprus,CY,IND_TOTAL,I_DSK2_CC_BAB,2025,92.28,Communication & Collaboration,At Least Basic
3627,Czechia,CZ,IND_TOTAL,I_DSK2_CC_BAB,2025,92.8,Communication & Collaboration,At Least Basic
3628,Germany,DE,IND_TOTAL,I_DSK2_CC_BAB,2025,93.06,Communication & Collaboration,At Least Basic
3629,Denmark,DK,IND_TOTAL,I_DSK2_CC_BAB,2025,98.9,Communication & Collaboration,At Least Basic
3630,Estonia,EE,IND_TOTAL,I_DSK2_CC_BAB,2025,90.96,Communication & Collaboration,At Least Basic
3631,Greece,EL,IND_TOTAL,I_DSK2_CC_BAB,2025,87.85,Communication & Collaboration,At Least Basic
3632,Spain,ES,IND_TOTAL,I_DSK2_CC_BAB,2025,96.0,Communication & Collaboration,At Least Basic
3633,Finland,FI,IND_TOTAL,I_DSK2_CC_BAB,2025,97.14,Communication & Collaboration,At Least Basic
3634,France,FR,IND_TOTAL,I_DSK2_CC_BAB,2025,93.67,Communication & Collaboration,At Least Basic
3635,Croatia,HR,IND_TOTAL,I_DSK2_CC_BAB,2025,84.31,Communication & Collaboration,At Least Basic
3636,Hungary,HU,IND_TOTAL,I_DSK2_CC_BAB,2025,89.57,Communication & Collaboration,At Least Basic
3637,Ireland,IE,IND_TOTAL,I_DSK2_CC_BAB,2025,99.34,Communication & Collaboration,At Least Basic
3638,Italy,IT,IND_TOTAL,I_DSK2_CC_BAB,2025,87.97,Communication & Collaboration,At Least Basic
3639,Lithuania,LT,IND_TOTAL,I_DSK2_CC_BAB,2025,86.27,Communication & Collaboration,At Least Basic
3640,Luxembourg,LU,IND_TOTAL,I_DSK2_CC_BAB,2025,96.75,Communication & Collaboration,At Least Basic
3641,Latvia,LV,IND_TOTAL,I_DSK2_CC_BAB,2025,92.38,Communication & Collaboration,At Least Basic
3642,Montenegro,ME,IND_TOTAL,I_DSK2_CC_BAB,2025,94.02,Communication & Collaboration,At Least Basic
3643,North Macedonia,MK,IND_TOTAL,I_DSK2_CC_BAB,2025,91.3,Communication & Collaboration,At Least Basic
3644,Malta,MT,IND_TOTAL,I_DSK2_CC_BAB,2025,95.41,Communication & Collaboration,At Least Basic
3645,Netherlands,NL,IND_TOTAL,I_DSK2_CC_BAB,2025,99.52,Communication & Collaboration,At Least Basic
3646,Norway,NO,IND_TOTAL,I_DSK2_CC_BAB,2025,97.87,Communication & Collaboration,At Least Basic
3647,Poland,PL,IND_TOTAL,I_DSK2_CC_BAB,2025,84.75,Communication & Collaboration,At Least Basic
3648,Portugal,PT,IND_TOTAL,I_DSK2_CC_BAB,2025,88.17,Communication & Collaboration,At Least Basic
3649,Romania,RO,IND_TOTAL,I_DSK2_CC_BAB,2025,92.04,Communication & Collaboration,At Least Basic
3650,Serbia,RS,IND_TOTAL,I_DSK2_CC_BAB,2025,88.79,Communication & Collaboration,At Least Basic
3651,Sweden,SE,IND_TOTAL,I_DSK2_CC_BAB,2025,96.88,Communication & Collaboration,At Least Basic
3652,Slovenia,SI,IND_TOTAL,I_DSK2_CC_BAB,2025,89.65,Communication & Collaboration,At Least Basic
3653,Slovakia,SK,IND_TOTAL,I_DSK2_CC_BAB,2025,89.67,Communication & Collaboration,At Least Basic
3654,Türkiye,TR,IND_TOTAL,I_DSK2_CC_BAB,2025,89.39,Communication & Collaboration,At Least Basic
3655,Albania,AL,IND_TOTAL,I_DSK2_CC_BAB,2025,99.66,Communication & Collaboration,At Least Basic
3656,Austria,AT,IND_TOTAL,I_DSK2_CC_BAB,2025,98.59,Communication & Collaboration,At Least Basic
3657,Bosnia and Herzegovina,BA,IND_TOTAL,I_DSK2_CC_BAB,2025,99.79,Communication & Collaboration,At Least Basic
3658,Belgium,BE,IND_TOTAL,I_DSK2_CC_BAB,2025,98.12,Communication & Collaboration,At Least Basic
3659,Bulgaria,BG,IND_TOTAL,I_DSK2_CC_BAB,2025,98.27,Communication & Collaboration,At Least Basic
3660,Switzerland,CH,IND_TOTAL,I_DSK2_CC_BAB,2025,99.3,Communication & Collaboration,At Least Basic
3661,Cyprus,CY,IND_TOTAL,I_DSK2_CC_BAB,2025,98.39,Communication & Collaboration,At Least Basic
3662,Czechia,CZ,IND_TOTAL,I_DSK2_CC_BAB,2025,98.17,Communication & Collaboration,At Least Basic
3663,Germany,DE,IND_TOTAL,I_DSK2_CC_BAB,2025,98.39,Communication & Collaboration,At Least Basic
3664,Denmark,DK,IND_TOTAL,I_DSK2_CC_BAB,2025,99.19,Communication & Collaboration,At Least Basic
3665,Estonia,EE,IND_TOTAL,I_DSK2_CC_BAB,2025,95.89,Communication & Collaboration,At Least Basic
3666,Greece,EL,IND_TOTAL,I_DSK2_CC_BAB,2025,98.54,Communication & Collaboration,At Least Basic
3667,Spain,ES,IND_TOTAL,I_DSK2_CC_BAB,2025,99.65,Communication & Collaboration,At Least Basic
3668,Finland,FI,IND_TOTAL,I_DSK2_CC_BAB,2025,99.05,Communication & Collaboration,At Least Basic
3669,France,FR,IND_TOTAL,I_DSK2_CC_BAB,2025,98.62,Communication & Collaboration,At Least Basic
3670,Croatia,HR,IND_TOTAL,I_DSK2_CC_BAB,2025,98.15,Communication & Collaboration,At Least Basic
3671,Hungary,HU,IND_TOTAL,I_DSK2_CC_BAB,2025,96.52,Communication & Collaboration,At Least Basic
3672,Ireland,IE,IND_TOTAL,I_DSK2_CC_BAB,2025,99.56,Communication & Collaboration,At Least Basic
3673,Italy,IT,IND_TOTAL,I_DSK2_CC_BAB,2025,97.4,Communication & Collaboration,At Least Basic
3674,Lithuania,LT,IND_TOTAL,I_DSK2_CC_BAB,2025,96.61,Communication & Collaboration,At Least Basic
3675,Luxembourg,LU,IND_TOTAL,I_DSK2_CC_BAB,2025,97.6,Communication & Collaboration,At Least Basic
3676,Latvia,LV,IND_TOTAL,I_DSK2_CC_BAB,2025,97.73,Communication & Collaboration,At Least Basic
3677,Montenegro,ME,IND_TOTAL,I_DSK2_CC_BAB,2025,99.78,Communication & Collaboration,At Least Basic
3678,North Macedonia,MK,IND_TOTAL,I_DSK2_CC_BAB,2025,99.09,Communication & Collaboration,At Least Basic
3679,Malta,MT,IND_TOTAL,I_DSK2_CC_BAB,2025,99.38,Communication & Collaboration,At Least Basic
3680,Netherlands,NL,IND_TOTAL,I_DSK2_CC_BAB,2025,99.81,Communication & Collaboration,At Least Basic
3681,Norway,NO,IND_TOTAL,I_DSK2_CC_BAB,2025,99.04,Communication & Collaboration,At Least Basic
3682,Poland,PL,IND_TOTAL,I_DSK2_CC_BAB,2025,94.54,Communication & Collaboration,At Least Basic
3683,Portugal,PT,IND_TOTAL,I_DSK2_CC_BAB,2025,98.57,Communication & Collaboration,At Least Basic
3684,Romania,RO,IND_TOTAL,I_DSK2_CC_BAB,2025,98.8,Communication & Collaboration,At Least Basic
3685,Serbia,RS,IND_TOTAL,I_DSK2_CC_BAB,2025,98.61,Communication & Collaboration,At Least Basic
3686,Sweden,SE,IND_TOTAL,I_DSK2_CC_BAB,2025,98.61,Communication & Collaboration,At Least Basic
3687,Slovenia,SI,IND_TOTAL,I_DSK2_CC_BAB,2025,97.91,Communication & Collaboration,At Least Basic
3688,Slovakia,SK,IND_TOTAL,I_DSK2_CC_BAB,2025,96.95,Communication & Collaboration,At Least Basic
3689,Türkiye,TR,IND_TOTAL,I_DSK2_CC_BAB,2025,99.58,Communication & Collaboration,At Least Basic
3690,Albania,AL,IND_TOTAL,I_DSK2_DCC_AB,2025,30.81,Digital Content Creation,Above Basic
3691,Bosnia and Herzegovina,BA,IND_TOTAL,I_DSK2_DCC_AB,2025,30.03,Digital Content Creation,Above Basic
3692,Belgium,BE,IND_TOTAL,I_DSK2_DCC_AB,2025,51.95,Digital Content Creation,Above Basic
3693,Bulgaria,BG,IND_TOTAL,I_DSK2_DCC_AB,2025,29.3,Digital Content Creation,Above Basic
3694,Switzerland,CH,IND_TOTAL,I_DSK2_DCC_AB,2025,61.1,Digital Content Creation,Above Basic
3695,Cyprus,CY,IND_TOTAL,I_DSK2_DCC_AB,2025,43.36,Digital Content Creation,Above Basic
3696,Czechia,CZ,IND_TOTAL,I_DSK2_DCC_AB,2025,49.26,Digital Content Creation,Above Basic
3697,Germany,DE,IND_TOTAL,I_DSK2_DCC_AB,2025,46.3,Digital Content Creation,Above Basic
3698,Denmark,DK,IND_TOTAL,I_DSK2_DCC_AB,2025,67.77,Digital Content Creation,Above Basic
3699,Estonia,EE,IND_TOTAL,I_DSK2_DCC_AB,2025,51.37,Digital Content Creation,Above Basic
3700,Greece,EL,IND_TOTAL,I_DSK2_DCC_AB,2025,44.91,Digital Content Creation,Above Basic
3701,Spain,ES,IND_TOTAL,I_DSK2_DCC_AB,2025,51.01,Digital Content Creation,Above Basic
3702,Finland,FI,IND_TOTAL,I_DSK2_DCC_AB,2025,63.35,Digital Content Creation,Above Basic
3703,France,FR,IND_TOTAL,I_DSK2_DCC_AB,2025,55.84,Digital Content Creation,Above Basic
3704,Croatia,HR,IND_TOTAL,I_DSK2_DCC_AB,2025,40.16,Digital Content Creation,Above Basic
3705,Hungary,HU,IND_TOTAL,I_DSK2_DCC_AB,2025,46.51,Digital Content Creation,Above Basic
3706,Ireland,IE,IND_TOTAL,I_DSK2_DCC_AB,2025,73.29,Digital Content Creation,Above Basic
3707,Italy,IT,IND_TOTAL,I_DSK2_DCC_AB,2025,43.32,Digital Content Creation,Above Basic
3708,Lithuania,LT,IND_TOTAL,I_DSK2_DCC_AB,2025,42.85,Digital Content Creation,Above Basic
3709,Luxembourg,LU,IND_TOTAL,I_DSK2_DCC_AB,2025,52.83,Digital Content Creation,Above Basic
3710,Latvia,LV,IND_TOTAL,I_DSK2_DCC_AB,2025,37.23,Digital Content Creation,Above Basic
3711,Montenegro,ME,IND_TOTAL,I_DSK2_DCC_AB,2025,55.3,Digital Content Creation,Above Basic
3712,North Macedonia,MK,IND_TOTAL,I_DSK2_DCC_AB,2025,13.5,Digital Content Creation,Above Basic
3713,Malta,MT,IND_TOTAL,I_DSK2_DCC_AB,2025,55.95,Digital Content Creation,Above Basic
3714,Netherlands,NL,IND_TOTAL,I_DSK2_DCC_AB,2025,68.39,Digital Content Creation,Above Basic
3715,Norway,NO,IND_TOTAL,I_DSK2_DCC_AB,2025,67.54,Digital Content Creation,Above Basic
3716,Poland,PL,IND_TOTAL,I_DSK2_DCC_AB,2025,39.81,Digital Content Creation,Above Basic
3717,Portugal,PT,IND_TOTAL,I_DSK2_DCC_AB,2025,47.62,Digital Content Creation,Above Basic
3718,Romania,RO,IND_TOTAL,I_DSK2_DCC_AB,2025,23.83,Digital Content Creation,Above Basic
3719,Serbia,RS,IND_TOTAL,I_DSK2_DCC_AB,2025,45.02,Digital Content Creation,Above Basic
3720,Sweden,SE,IND_TOTAL,I_DSK2_DCC_AB,2025,56.56,Digital Content Creation,Above Basic
3721,Slovenia,SI,IND_TOTAL,I_DSK2_DCC_AB,2025,41.82,Digital Content Creation,Above Basic
3722,Slovakia,SK,IND_TOTAL,I_DSK2_DCC_AB,2025,38.78,Digital Content Creation,Above Basic
3723,Türkiye,TR,IND_TOTAL,I_DSK2_DCC_AB,2025,17.2,Digital Content Creation,Above Basic
3724,Albania,AL,IND_TOTAL,I_DSK2_DCC_AB,2025,35.34,Digital Content Creation,Above Basic
3725,Bosnia and Herzegovina,BA,IND_TOTAL,I_DSK2_DCC_AB,2025,33.33,Digital Content Creation,Above Basic
3726,Belgium,BE,IND_TOTAL,I_DSK2_DCC_AB,2025,53.85,Digital Content Creation,Above Basic
3727,Bulgaria,BG,IND_TOTAL,I_DSK2_DCC_AB,2025,33.74,Digital Content Creation,Above Basic
3728,Switzerland,CH,IND_TOTAL,I_DSK2_DCC_AB,2025,61.76,Digital Content Creation,Above Basic
3729,Cyprus,CY,IND_TOTAL,I_DSK2_DCC_AB,2025,46.23,Digital Content Creation,Above Basic
3730,Czechia,CZ,IND_TOTAL,I_DSK2_DCC_AB,2025,52.11,Digital Content Creation,Above Basic
3731,Germany,DE,IND_TOTAL,I_DSK2_DCC_AB,2025,48.95,Digital Content Creation,Above Basic
3732,Denmark,DK,IND_TOTAL,I_DSK2_DCC_AB,2025,67.97,Digital Content Creation,Above Basic
3733,Estonia,EE,IND_TOTAL,I_DSK2_DCC_AB,2025,54.16,Digital Content Creation,Above Basic
3734,Greece,EL,IND_TOTAL,I_DSK2_DCC_AB,2025,50.37,Digital Content Creation,Above Basic
3735,Spain,ES,IND_TOTAL,I_DSK2_DCC_AB,2025,52.95,Digital Content Creation,Above Basic
3736,Finland,FI,IND_TOTAL,I_DSK2_DCC_AB,2025,64.59,Digital Content Creation,Above Basic
3737,France,FR,IND_TOTAL,I_DSK2_DCC_AB,2025,58.8,Digital Content Creation,Above Basic
3738,Croatia,HR,IND_TOTAL,I_DSK2_DCC_AB,2025,46.75,Digital Content Creation,Above Basic
3739,Hungary,HU,IND_TOTAL,I_DSK2_DCC_AB,2025,50.11,Digital Content Creation,Above Basic
3740,Ireland,IE,IND_TOTAL,I_DSK2_DCC_AB,2025,73.45,Digital Content Creation,Above Basic
3741,Italy,IT,IND_TOTAL,I_DSK2_DCC_AB,2025,47.96,Digital Content Creation,Above Basic
3742,Lithuania,LT,IND_TOTAL,I_DSK2_DCC_AB,2025,47.98,Digital Content Creation,Above Basic
3743,Luxembourg,LU,IND_TOTAL,I_DSK2_DCC_AB,2025,53.29,Digital Content Creation,Above Basic
3744,Latvia,LV,IND_TOTAL,I_DSK2_DCC_AB,2025,39.39,Digital Content Creation,Above Basic
3745,Montenegro,ME,IND_TOTAL,I_DSK2_DCC_AB,2025,58.7,Digital Content Creation,Above Basic
3746,North Macedonia,MK,IND_TOTAL,I_DSK2_DCC_AB,2025,14.65,Digital Content Creation,Above Basic
3747,Malta,MT,IND_TOTAL,I_DSK2_DCC_AB,2025,58.28,Digital Content Creation,Above Basic
3748,Netherlands,NL,IND_TOTAL,I_DSK2_DCC_AB,2025,68.59,Digital Content Creation,Above Basic
3749,Norway,NO,IND_TOTAL,I_DSK2_DCC_AB,2025,68.35,Digital Content Creation,Above Basic
3750,Poland,PL,IND_TOTAL,I_DSK2_DCC_AB,2025,44.4,Digital Content Creation,Above Basic
3751,Portugal,PT,IND_TOTAL,I_DSK2_DCC_AB,2025,53.24,Digital Content Creation,Above Basic
3752,Romania,RO,IND_TOTAL,I_DSK2_DCC_AB,2025,25.58,Digital Content Creation,Above Basic
3753,Serbia,RS,IND_TOTAL,I_DSK2_DCC_AB,2025,49.99,Digital Content Creation,Above Basic
3754,Sweden,SE,IND_TOTAL,I_DSK2_DCC_AB,2025,57.56,Digital Content Creation,Above Basic
3755,Slovenia,SI,IND_TOTAL,I_DSK2_DCC_AB,2025,45.67,Digital Content Creation,Above Basic
3756,Slovakia,SK,IND_TOTAL,I_DSK2_DCC_AB,2025,41.92,Digital Content Creation,Above Basic
3757,Türkiye,TR,IND_TOTAL,I_DSK2_DCC_AB,2025,19.16,Digital Content Creation,Above Basic
3758,Albania,AL,IND_TOTAL,I_DSK2_DCC_B,2025,20.74,Digital Content Creation,Basic
3759,Bosnia and Herzegovina,BA,IND_TOTAL,I_DSK2_DCC_B,2025,25.92,Digital Content Creation,Basic
3760,Belgium,BE,IND_TOTAL,I_DSK2_DCC_B,2025,23.16,Digital Content Creation,Basic
3761,Bulgaria,BG,IND_TOTAL,I_DSK2_DCC_B,2025,24.4,Digital Content Creation,Basic
3762,Switzerland,CH,IND_TOTAL,I_DSK2_DCC_B,2025,23.97,Digital Content Creation,Basic
3763,Cyprus,CY,IND_TOTAL,I_DSK2_DCC_B,2025,25.83,Digital Content Creation,Basic
3764,Czechia,CZ,IND_TOTAL,I_DSK2_DCC_B,2025,24.57,Digital Content Creation,Basic
3765,Germany,DE,IND_TOTAL,I_DSK2_DCC_B,2025,26.71,Digital Content Creation,Basic
3766,Denmark,DK,IND_TOTAL,I_DSK2_DCC_B,2025,18.93,Digital Content Creation,Basic
3767,Estonia,EE,IND_TOTAL,I_DSK2_DCC_B,2025,18.64,Digital Content Creation,Basic
3768,Greece,EL,IND_TOTAL,I_DSK2_DCC_B,2025,14.36,Digital Content Creation,Basic
3769,Spain,ES,IND_TOTAL,I_DSK2_DCC_B,2025,23.12,Digital Content Creation,Basic
3770,Finland,FI,IND_TOTAL,I_DSK2_DCC_B,2025,20.12,Digital Content Creation,Basic
3771,France,FR,IND_TOTAL,I_DSK2_DCC_B,2025,20.83,Digital Content Creation,Basic
3772,Croatia,HR,IND_TOTAL,I_DSK2_DCC_B,2025,39.4,Digital Content Creation,Basic
3773,Hungary,HU,IND_TOTAL,I_DSK2_DCC_B,2025,15.8,Digital Content Creation,Basic
3774,Ireland,IE,IND_TOTAL,I_DSK2_DCC_B,2025,17.02,Digital Content Creation,Basic
3775,Italy,IT,IND_TOTAL,I_DSK2_DCC_B,2025,19.31,Digital Content Creation,Basic
3776,Lithuania,LT,IND_TOTAL,I_DSK2_DCC_B,2025,20.23,Digital Content Creation,Basic
3777,Luxembourg,LU,IND_TOTAL,I_DSK2_DCC_B,2025,25.26,Digital Content Creation,Basic
3778,Latvia,LV,IND_TOTAL,I_DSK2_DCC_B,2025,26.26,Digital Content Creation,Basic
3779,Montenegro,ME,IND_TOTAL,I_DSK2_DCC_B,2025,35.21,Digital Content Creation,Basic
3780,North Macedonia,MK,IND_TOTAL,I_DSK2_DCC_B,2025,20.39,Digital Content Creation,Basic
3781,Malta,MT,IND_TOTAL,I_DSK2_DCC_B,2025,16.81,Digital Content Creation,Basic
3782,Netherlands,NL,IND_TOTAL,I_DSK2_DCC_B,2025,19.56,Digital Content Creation,Basic
3783,Norway,NO,IND_TOTAL,I_DSK2_DCC_B,2025,17.88,Digital Content Creation,Basic
3784,Poland,PL,IND_TOTAL,I_DSK2_DCC_B,2025,22.26,Digital Content Creation,Basic
3785,Portugal,PT,IND_TOTAL,I_DSK2_DCC_B,2025,17.71,Digital Content Creation,Basic
3786,Romania,RO,IND_TOTAL,I_DSK2_DCC_B,2025,18.48,Digital Content Creation,Basic
3787,Serbia,RS,IND_TOTAL,I_DSK2_DCC_B,2025,24.87,Digital Content Creation,Basic
3788,Sweden,SE,IND_TOTAL,I_DSK2_DCC_B,2025,22.97,Digital Content Creation,Basic
3789,Slovenia,SI,IND_TOTAL,I_DSK2_DCC_B,2025,21.64,Digital Content Creation,Basic
3790,Slovakia,SK,IND_TOTAL,I_DSK2_DCC_B,2025,26.51,Digital Content Creation,Basic
3791,Türkiye,TR,IND_TOTAL,I_DSK2_DCC_B,2025,21.85,Digital Content Creation,Basic
3792,Albania,AL,IND_TOTAL,I_DSK2_DCC_B,2025,23.79,Digital Content Creation,Basic
3793,Bosnia and Herzegovina,BA,IND_TOTAL,I_DSK2_DCC_B,2025,28.77,Digital Content Creation,Basic
3794,Belgium,BE,IND_TOTAL,I_DSK2_DCC_B,2025,24.01,Digital Content Creation,Basic
3795,Bulgaria,BG,IND_TOTAL,I_DSK2_DCC_B,2025,28.1,Digital Content Creation,Basic
3796,Switzerland,CH,IND_TOTAL,I_DSK2_DCC_B,2025,24.23,Digital Content Creation,Basic
3797,Cyprus,CY,IND_TOTAL,I_DSK2_DCC_B,2025,27.54,Digital Content Creation,Basic
3798,Czechia,CZ,IND_TOTAL,I_DSK2_DCC_B,2025,25.99,Digital Content Creation,Basic
3799,Germany,DE,IND_TOTAL,I_DSK2_DCC_B,2025,28.24,Digital Content Creation,Basic
3800,Denmark,DK,IND_TOTAL,I_DSK2_DCC_B,2025,18.98,Digital Content Creation,Basic
3801,Estonia,EE,IND_TOTAL,I_DSK2_DCC_B,2025,19.65,Digital Content Creation,Basic
3802,Greece,EL,IND_TOTAL,I_DSK2_DCC_B,2025,16.11,Digital Content Creation,Basic
3803,Spain,ES,IND_TOTAL,I_DSK2_DCC_B,2025,24.0,Digital Content Creation,Basic
3804,Finland,FI,IND_TOTAL,I_DSK2_DCC_B,2025,20.51,Digital Content Creation,Basic
3805,France,FR,IND_TOTAL,I_DSK2_DCC_B,2025,21.93,Digital Content Creation,Basic
3806,Croatia,HR,IND_TOTAL,I_DSK2_DCC_B,2025,45.87,Digital Content Creation,Basic
3807,Hungary,HU,IND_TOTAL,I_DSK2_DCC_B,2025,17.03,Digital Content Creation,Basic
3808,Ireland,IE,IND_TOTAL,I_DSK2_DCC_B,2025,17.06,Digital Content Creation,Basic
3809,Italy,IT,IND_TOTAL,I_DSK2_DCC_B,2025,21.38,Digital Content Creation,Basic
3810,Lithuania,LT,IND_TOTAL,I_DSK2_DCC_B,2025,22.65,Digital Content Creation,Basic
3811,Luxembourg,LU,IND_TOTAL,I_DSK2_DCC_B,2025,25.49,Digital Content Creation,Basic
3812,Latvia,LV,IND_TOTAL,I_DSK2_DCC_B,2025,27.78,Digital Content Creation,Basic
3813,Montenegro,ME,IND_TOTAL,I_DSK2_DCC_B,2025,37.37,Digital Content Creation,Basic
3814,North Macedonia,MK,IND_TOTAL,I_DSK2_DCC_B,2025,22.13,Digital Content Creation,Basic
3815,Malta,MT,IND_TOTAL,I_DSK2_DCC_B,2025,17.51,Digital Content Creation,Basic
3816,Netherlands,NL,IND_TOTAL,I_DSK2_DCC_B,2025,19.62,Digital Content Creation,Basic
3817,Norway,NO,IND_TOTAL,I_DSK2_DCC_B,2025,18.09,Digital Content Creation,Basic
3818,Poland,PL,IND_TOTAL,I_DSK2_DCC_B,2025,24.83,Digital Content Creation,Basic
3819,Portugal,PT,IND_TOTAL,I_DSK2_DCC_B,2025,19.8,Digital Content Creation,Basic
3820,Romania,RO,IND_TOTAL,I_DSK2_DCC_B,2025,19.84,Digital Content Creation,Basic
3821,Serbia,RS,IND_TOTAL,I_DSK2_DCC_B,2025,27.62,Digital Content Creation,Basic
3822,Sweden,SE,IND_TOTAL,I_DSK2_DCC_B,2025,23.38,Digital Content Creation,Basic
3823,Slovenia,SI,IND_TOTAL,I_DSK2_DCC_B,2025,23.63,Digital Content Creation,Basic
3824,Slovakia,SK,IND_TOTAL,I_DSK2_DCC_B,2025,28.66,Digital Content Creation,Basic
3825,Türkiye,TR,IND_TOTAL,I_DSK2_DCC_B,2025,24.34,Digital Content Creation,Basic
3826,Albania,AL,IND_TOTAL,I_DSK2_DCC_BAB,2025,51.55,Digital Content Creation,At Least Basic
3827,Bosnia and Herzegovina,BA,IND_TOTAL,I_DSK2_DCC_BAB,2025,55.95,Digital Content Creation,At Least Basic
3828,Belgium,BE,IND_TOTAL,I_DSK2_DCC_BAB,2025,75.1,Digital Content Creation,At Least Basic
3829,Bulgaria,BG,IND_TOTAL,I_DSK2_DCC_BAB,2025,53.7,Digital Content Creation,At Least Basic
3830,Switzerland,CH,IND_TOTAL,I_DSK2_DCC_BAB,2025,85.07,Digital Content Creation,At Least Basic
3831,Cyprus,CY,IND_TOTAL,I_DSK2_DCC_BAB,2025,69.19,Digital Content Creation,At Least Basic
3832,Czechia,CZ,IND_TOTAL,I_DSK2_DCC_BAB,2025,73.83,Digital Content Creation,At Least Basic
3833,Germany,DE,IND_TOTAL,I_DSK2_DCC_BAB,2025,73.01,Digital Content Creation,At Least Basic
3834,Denmark,DK,IND_TOTAL,I_DSK2_DCC_BAB,2025,86.7,Digital Content Creation,At Least Basic
3835,Estonia,EE,IND_TOTAL,I_DSK2_DCC_BAB,2025,70.01,Digital Content Creation,At Least Basic
3836,Greece,EL,IND_TOTAL,I_DSK2_DCC_BAB,2025,59.27,Digital Content Creation,At Least Basic
3837,Spain,ES,IND_TOTAL,I_DSK2_DCC_BAB,2025,74.13,Digital Content Creation,At Least Basic
3838,Finland,FI,IND_TOTAL,I_DSK2_DCC_BAB,2025,83.47,Digital Content Creation,At Least Basic
3839,France,FR,IND_TOTAL,I_DSK2_DCC_BAB,2025,76.67,Digital Content Creation,At Least Basic
3840,Croatia,HR,IND_TOTAL,I_DSK2_DCC_BAB,2025,79.56,Digital Content Creation,At Least Basic
3841,Hungary,HU,IND_TOTAL,I_DSK2_DCC_BAB,2025,62.31,Digital Content Creation,At Least Basic
3842,Ireland,IE,IND_TOTAL,I_DSK2_DCC_BAB,2025,90.31,Digital Content Creation,At Least Basic
3843,Italy,IT,IND_TOTAL,I_DSK2_DCC_BAB,2025,62.63,Digital Content Creation,At Least Basic
3844,Lithuania,LT,IND_TOTAL,I_DSK2_DCC_BAB,2025,63.07,Digital Content Creation,At Least Basic
3845,Luxembourg,LU,IND_TOTAL,I_DSK2_DCC_BAB,2025,78.09,Digital Content Creation,At Least Basic
3846,Latvia,LV,IND_TOTAL,I_DSK2_DCC_BAB,2025,63.5,Digital Content Creation,At Least Basic
3847,Montenegro,ME,IND_TOTAL,I_DSK2_DCC_BAB,2025,90.52,Digital Content Creation,At Least Basic
3848,North Macedonia,MK,IND_TOTAL,I_DSK2_DCC_BAB,2025,33.89,Digital Content Creation,At Least Basic
3849,Malta,MT,IND_TOTAL,I_DSK2_DCC_BAB,2025,72.77,Digital Content Creation,At Least Basic
3850,Netherlands,NL,IND_TOTAL,I_DSK2_DCC_BAB,2025,87.96,Digital Content Creation,At Least Basic
3851,Norway,NO,IND_TOTAL,I_DSK2_DCC_BAB,2025,85.41,Digital Content Creation,At Least Basic
3852,Poland,PL,IND_TOTAL,I_DSK2_DCC_BAB,2025,62.07,Digital Content Creation,At Least Basic
3853,Portugal,PT,IND_TOTAL,I_DSK2_DCC_BAB,2025,65.34,Digital Content Creation,At Least Basic
3854,Romania,RO,IND_TOTAL,I_DSK2_DCC_BAB,2025,42.31,Digital Content Creation,At Least Basic
3855,Serbia,RS,IND_TOTAL,I_DSK2_DCC_BAB,2025,69.89,Digital Content Creation,At Least Basic
3856,Sweden,SE,IND_TOTAL,I_DSK2_DCC_BAB,2025,79.52,Digital Content Creation,At Least Basic
3857,Slovenia,SI,IND_TOTAL,I_DSK2_DCC_BAB,2025,63.46,Digital Content Creation,At Least Basic
3858,Slovakia,SK,IND_TOTAL,I_DSK2_DCC_BAB,2025,65.29,Digital Content Creation,At Least Basic
3859,Türkiye,TR,IND_TOTAL,I_DSK2_DCC_BAB,2025,39.06,Digital Content Creation,At Least Basic
3860,Albania,AL,IND_TOTAL,I_DSK2_DCC_BAB,2025,59.14,Digital Content Creation,At Least Basic
3861,Bosnia and Herzegovina,BA,IND_TOTAL,I_DSK2_DCC_BAB,2025,62.09,Digital Content Creation,At Least Basic
3862,Belgium,BE,IND_TOTAL,I_DSK2_DCC_BAB,2025,77.86,Digital Content Creation,At Least Basic
3863,Bulgaria,BG,IND_TOTAL,I_DSK2_DCC_BAB,2025,61.84,Digital Content Creation,At Least Basic
3864,Switzerland,CH,IND_TOTAL,I_DSK2_DCC_BAB,2025,86.0,Digital Content Creation,At Least Basic
3865,Cyprus,CY,IND_TOTAL,I_DSK2_DCC_BAB,2025,73.77,Digital Content Creation,At Least Basic
3866,Czechia,CZ,IND_TOTAL,I_DSK2_DCC_BAB,2025,78.11,Digital Content Creation,At Least Basic
3867,Germany,DE,IND_TOTAL,I_DSK2_DCC_BAB,2025,77.19,Digital Content Creation,At Least Basic
3868,Denmark,DK,IND_TOTAL,I_DSK2_DCC_BAB,2025,86.95,Digital Content Creation,At Least Basic
3869,Estonia,EE,IND_TOTAL,I_DSK2_DCC_BAB,2025,73.8,Digital Content Creation,At Least Basic
3870,Greece,EL,IND_TOTAL,I_DSK2_DCC_BAB,2025,66.48,Digital Content Creation,At Least Basic
3871,Spain,ES,IND_TOTAL,I_DSK2_DCC_BAB,2025,76.95,Digital Content Creation,At Least Basic
3872,Finland,FI,IND_TOTAL,I_DSK2_DCC_BAB,2025,85.1,Digital Content Creation,At Least Basic
3873,France,FR,IND_TOTAL,I_DSK2_DCC_BAB,2025,80.73,Digital Content Creation,At Least Basic
3874,Croatia,HR,IND_TOTAL,I_DSK2_DCC_BAB,2025,92.62,Digital Content Creation,At Least Basic
3875,Hungary,HU,IND_TOTAL,I_DSK2_DCC_BAB,2025,67.14,Digital Content Creation,At Least Basic
3876,Ireland,IE,IND_TOTAL,I_DSK2_DCC_BAB,2025,90.52,Digital Content Creation,At Least Basic
3877,Italy,IT,IND_TOTAL,I_DSK2_DCC_BAB,2025,69.34,Digital Content Creation,At Least Basic
3878,Lithuania,LT,IND_TOTAL,I_DSK2_DCC_BAB,2025,70.63,Digital Content Creation,At Least Basic
3879,Luxembourg,LU,IND_TOTAL,I_DSK2_DCC_BAB,2025,78.78,Digital Content Creation,At Least Basic
3880,Latvia,LV,IND_TOTAL,I_DSK2_DCC_BAB,2025,67.17,Digital Content Creation,At Least Basic
3881,Montenegro,ME,IND_TOTAL,I_DSK2_DCC_BAB,2025,96.07,Digital Content Creation,At Least Basic
3882,North Macedonia,MK,IND_TOTAL,I_DSK2_DCC_BAB,2025,36.78,Digital Content Creation,At Least Basic
3883,Malta,MT,IND_TOTAL,I_DSK2_DCC_BAB,2025,75.79,Digital Content Creation,At Least Basic
3884,Netherlands,NL,IND_TOTAL,I_DSK2_DCC_BAB,2025,88.22,Digital Content Creation,At Least Basic
3885,Norway,NO,IND_TOTAL,I_DSK2_DCC_BAB,2025,86.44,Digital Content Creation,At Least Basic
3886,Poland,PL,IND_TOTAL,I_DSK2_DCC_BAB,2025,69.23,Digital Content Creation,At Least Basic
3887,Portugal,PT,IND_TOTAL,I_DSK2_DCC_BAB,2025,73.04,Digital Content Creation,At Least Basic
3888,Romania,RO,IND_TOTAL,I_DSK2_DCC_BAB,2025,45.42,Digital Content Creation,At Least Basic
3889,Serbia,RS,IND_TOTAL,I_DSK2_DCC_BAB,2025,77.62,Digital Content Creation,At Least Basic
3890,Sweden,SE,IND_TOTAL,I_DSK2_DCC_BAB,2025,80.94,Digital Content Creation,At Least Basic
3891,Slovenia,SI,IND_TOTAL,I_DSK2_DCC_BAB,2025,69.31,Digital Content Creation,At Least Basic
3892,Slovakia,SK,IND_TOTAL,I_DSK2_DCC_BAB,2025,70.58,Digital Content Creation,At Least Basic
3893,Türkiye,TR,IND_TOTAL,I_DSK2_DCC_BAB,2025,43.51,Digital Content Creation,At Least Basic
3894,Albania,AL,IND_TOTAL,I_DSK2_IC_S,2025,14.64,Information & Communication,Specialized
3895,Austria,AT,IND_TOTAL,I_DSK2_IC_S,2025,0.83,Information & Communication,Specialized
3896,Bosnia and Herzegovina,BA,IND_TOTAL,I_DSK2_IC_S,2025,9.0,Information & Communication,Specialized
3897,Belgium,BE,IND_TOTAL,I_DSK2_IC_S,2025,1.35,Information & Communication,Specialized
3898,Bulgaria,BG,IND_TOTAL,I_DSK2_IC_S,2025,6.55,Information & Communication,Specialized
3899,Cyprus,CY,IND_TOTAL,I_DSK2_IC_S,2025,4.0,Information & Communication,Specialized
3900,Czechia,CZ,IND_TOTAL,I_DSK2_IC_S,2025,0.89,Information & Communication,Specialized
3901,Germany,DE,IND_TOTAL,I_DSK2_IC_S,2025,1.4,Information & Communication,Specialized
3902,Estonia,EE,IND_TOTAL,I_DSK2_IC_S,2025,1.14,Information & Communication,Specialized
3903,Greece,EL,IND_TOTAL,I_DSK2_IC_S,2025,2.14,Information & Communication,Specialized
3904,Spain,ES,IND_TOTAL,I_DSK2_IC_S,2025,2.21,Information & Communication,Specialized
3905,France,FR,IND_TOTAL,I_DSK2_IC_S,2025,0.71,Information & Communication,Specialized
3906,Hungary,HU,IND_TOTAL,I_DSK2_IC_S,2025,2.32,Information & Communication,Specialized
3907,Italy,IT,IND_TOTAL,I_DSK2_IC_S,2025,2.43,Information & Communication,Specialized
3908,Lithuania,LT,IND_TOTAL,I_DSK2_IC_S,2025,2.98,Information & Communication,Specialized
3909,Luxembourg,LU,IND_TOTAL,I_DSK2_IC_S,2025,1.22,Information & Communication,Specialized
3910,Latvia,LV,IND_TOTAL,I_DSK2_IC_S,2025,1.8,Information & Communication,Specialized
3911,North Macedonia,MK,IND_TOTAL,I_DSK2_IC_S,2025,6.56,Information & Communication,Specialized
3912,Malta,MT,IND_TOTAL,I_DSK2_IC_S,2025,2.51,Information & Communication,Specialized
3913,Poland,PL,IND_TOTAL,I_DSK2_IC_S,2025,3.45,Information & Communication,Specialized
3914,Portugal,PT,IND_TOTAL,I_DSK2_IC_S,2025,2.65,Information & Communication,Specialized
3915,Romania,RO,IND_TOTAL,I_DSK2_IC_S,2025,8.23,Information & Communication,Specialized
3916,Serbia,RS,IND_TOTAL,I_DSK2_IC_S,2025,6.11,Information & Communication,Specialized
3917,Sweden,SE,IND_TOTAL,I_DSK2_IC_S,2025,0.55,Information & Communication,Specialized
3918,Slovenia,SI,IND_TOTAL,I_DSK2_IC_S,2025,5.67,Information & Communication,Specialized
3919,Slovakia,SK,IND_TOTAL,I_DSK2_IC_S,2025,2.06,Information & Communication,Specialized
3920,Türkiye,TR,IND_TOTAL,I_DSK2_IC_S,2025,4.31,Information & Communication,Specialized
3921,Albania,AL,IND_TOTAL,I_DSK2_IC_S,2025,16.8,Information & Communication,Specialized
3922,Austria,AT,IND_TOTAL,I_DSK2_IC_S,2025,0.87,Information & Communication,Specialized
3923,Bosnia and Herzegovina,BA,IND_TOTAL,I_DSK2_IC_S,2025,9.99,Information & Communication,Specialized
3924,Belgium,BE,IND_TOTAL,I_DSK2_IC_S,2025,1.4,Information & Communication,Specialized
3925,Bulgaria,BG,IND_TOTAL,I_DSK2_IC_S,2025,7.55,Information & Communication,Specialized
3926,Cyprus,CY,IND_TOTAL,I_DSK2_IC_S,2025,4.26,Information & Communication,Specialized
3927,Czechia,CZ,IND_TOTAL,I_DSK2_IC_S,2025,0.94,Information & Communication,Specialized
3928,Germany,DE,IND_TOTAL,I_DSK2_IC_S,2025,1.48,Information & Communication,Specialized
3929,Estonia,EE,IND_TOTAL,I_DSK2_IC_S,2025,1.2,Information & Communication,Specialized
3930,Greece,EL,IND_TOTAL,I_DSK2_IC_S,2025,2.4,Information & Communication,Specialized
3931,Spain,ES,IND_TOTAL,I_DSK2_IC_S,2025,2.3,Information & Communication,Specialized
3932,France,FR,IND_TOTAL,I_DSK2_IC_S,2025,0.75,Information & Communication,Specialized
3933,Hungary,HU,IND_TOTAL,I_DSK2_IC_S,2025,2.5,Information & Communication,Specialized
3934,Italy,IT,IND_TOTAL,I_DSK2_IC_S,2025,2.69,Information & Communication,Specialized
3935,Lithuania,LT,IND_TOTAL,I_DSK2_IC_S,2025,3.33,Information & Communication,Specialized
3936,Luxembourg,LU,IND_TOTAL,I_DSK2_IC_S,2025,1.23,Information & Communication,Specialized
3937,Latvia,LV,IND_TOTAL,I_DSK2_IC_S,2025,1.9,Information & Communication,Specialized
3938,North Macedonia,MK,IND_TOTAL,I_DSK2_IC_S,2025,7.12,Information & Communication,Specialized
3939,Malta,MT,IND_TOTAL,I_DSK2_IC_S,2025,2.61,Information & Communication,Specialized
3940,Poland,PL,IND_TOTAL,I_DSK2_IC_S,2025,3.85,Information & Communication,Specialized
3941,Portugal,PT,IND_TOTAL,I_DSK2_IC_S,2025,2.96,Information & Communication,Specialized
3942,Romania,RO,IND_TOTAL,I_DSK2_IC_S,2025,8.84,Information & Communication,Specialized
3943,Serbia,RS,IND_TOTAL,I_DSK2_IC_S,2025,6.79,Information & Communication,Specialized
3944,Sweden,SE,IND_TOTAL,I_DSK2_IC_S,2025,0.56,Information & Communication,Specialized
3945,Slovenia,SI,IND_TOTAL,I_DSK2_IC_S,2025,6.19,Information & Communication,Specialized
3946,Slovakia,SK,IND_TOTAL,I_DSK2_IC_S,2025,2.23,Information & Communication,Specialized
3947,Türkiye,TR,IND_TOTAL,I_DSK2_IC_S,2025,4.8,Information & Communication,Specialized
3948,Albania,AL,IND_TOTAL,I_DSK2_IL_AB,2025,63.91,Information & Data Literacy,Above Basic
3949,Austria,AT,IND_TOTAL,I_DSK2_IL_AB,2025,75.51,Information & Data Literacy,Above Basic
3950,Bosnia and Herzegovina,BA,IND_TOTAL,I_DSK2_IL_AB,2025,65.49,Information & Data Literacy,Above Basic
3951,Belgium,BE,IND_TOTAL,I_DSK2_IL_AB,2025,76.73,Information & Data Literacy,Above Basic
3952,Bulgaria,BG,IND_TOTAL,I_DSK2_IL_AB,2025,56.14,Information & Data Literacy,Above Basic
3953,Switzerland,CH,IND_TOTAL,I_DSK2_IL_AB,2025,88.25,Information & Data Literacy,Above Basic
3954,Cyprus,CY,IND_TOTAL,I_DSK2_IL_AB,2025,86.57,Information & Data Literacy,Above Basic
3955,Czechia,CZ,IND_TOTAL,I_DSK2_IL_AB,2025,86.84,Information & Data Literacy,Above Basic
3956,Germany,DE,IND_TOTAL,I_DSK2_IL_AB,2025,77.15,Information & Data Literacy,Above Basic
3957,Denmark,DK,IND_TOTAL,I_DSK2_IL_AB,2025,92.39,Information & Data Literacy,Above Basic
3958,Estonia,EE,IND_TOTAL,I_DSK2_IL_AB,2025,83.02,Information & Data Literacy,Above Basic
3959,Greece,EL,IND_TOTAL,I_DSK2_IL_AB,2025,73.95,Information & Data Literacy,Above Basic
3960,Spain,ES,IND_TOTAL,I_DSK2_IL_AB,2025,79.34,Information & Data Literacy,Above Basic
3961,Finland,FI,IND_TOTAL,I_DSK2_IL_AB,2025,93.06,Information & Data Literacy,Above Basic
3962,France,FR,IND_TOTAL,I_DSK2_IL_AB,2025,71.53,Information & Data Literacy,Above Basic
3963,Croatia,HR,IND_TOTAL,I_DSK2_IL_AB,2025,78.75,Information & Data Literacy,Above Basic
3964,Hungary,HU,IND_TOTAL,I_DSK2_IL_AB,2025,78.7,Information & Data Literacy,Above Basic
3965,Ireland,IE,IND_TOTAL,I_DSK2_IL_AB,2025,93.07,Information & Data Literacy,Above Basic
3966,Italy,IT,IND_TOTAL,I_DSK2_IL_AB,2025,65.54,Information & Data Literacy,Above Basic
3967,Lithuania,LT,IND_TOTAL,I_DSK2_IL_AB,2025,73.92,Information & Data Literacy,Above Basic
3968,Luxembourg,LU,IND_TOTAL,I_DSK2_IL_AB,2025,73.51,Information & Data Literacy,Above Basic
3969,Latvia,LV,IND_TOTAL,I_DSK2_IL_AB,2025,67.01,Information & Data Literacy,Above Basic
3970,Montenegro,ME,IND_TOTAL,I_DSK2_IL_AB,2025,72.8,Information & Data Literacy,Above Basic
3971,North Macedonia,MK,IND_TOTAL,I_DSK2_IL_AB,2025,55.48,Information & Data Literacy,Above Basic
3972,Malta,MT,IND_TOTAL,I_DSK2_IL_AB,2025,81.99,Information & Data Literacy,Above Basic
3973,Netherlands,NL,IND_TOTAL,I_DSK2_IL_AB,2025,92.32,Information & Data Literacy,Above Basic
3974,Norway,NO,IND_TOTAL,I_DSK2_IL_AB,2025,94.66,Information & Data Literacy,Above Basic
3975,Poland,PL,IND_TOTAL,I_DSK2_IL_AB,2025,70.88,Information & Data Literacy,Above Basic
3976,Portugal,PT,IND_TOTAL,I_DSK2_IL_AB,2025,76.3,Information & Data Literacy,Above Basic
3977,Romania,RO,IND_TOTAL,I_DSK2_IL_AB,2025,59.17,Information & Data Literacy,Above Basic
3978,Serbia,RS,IND_TOTAL,I_DSK2_IL_AB,2025,78.84,Information & Data Literacy,Above Basic
3979,Sweden,SE,IND_TOTAL,I_DSK2_IL_AB,2025,88.62,Information & Data Literacy,Above Basic
3980,Slovenia,SI,IND_TOTAL,I_DSK2_IL_AB,2025,77.28,Information & Data Literacy,Above Basic
3981,Slovakia,SK,IND_TOTAL,I_DSK2_IL_AB,2025,72.29,Information & Data Literacy,Above Basic
3982,Türkiye,TR,IND_TOTAL,I_DSK2_IL_AB,2025,63.49,Information & Data Literacy,Above Basic
3983,Albania,AL,IND_TOTAL,I_DSK2_IL_AB,2025,73.31,Information & Data Literacy,Above Basic
3984,Austria,AT,IND_TOTAL,I_DSK2_IL_AB,2025,79.23,Information & Data Literacy,Above Basic
3985,Bosnia and Herzegovina,BA,IND_TOTAL,I_DSK2_IL_AB,2025,72.68,Information & Data Literacy,Above Basic
3986,Belgium,BE,IND_TOTAL,I_DSK2_IL_AB,2025,79.55,Information & Data Literacy,Above Basic
3987,Bulgaria,BG,IND_TOTAL,I_DSK2_IL_AB,2025,64.65,Information & Data Literacy,Above Basic
3988,Switzerland,CH,IND_TOTAL,I_DSK2_IL_AB,2025,89.21,Information & Data Literacy,Above Basic
3989,Cyprus,CY,IND_TOTAL,I_DSK2_IL_AB,2025,92.3,Information & Data Literacy,Above Basic
3990,Czechia,CZ,IND_TOTAL,I_DSK2_IL_AB,2025,91.87,Information & Data Literacy,Above Basic
3991,Germany,DE,IND_TOTAL,I_DSK2_IL_AB,2025,81.57,Information & Data Literacy,Above Basic
3992,Denmark,DK,IND_TOTAL,I_DSK2_IL_AB,2025,92.67,Information & Data Literacy,Above Basic
3993,Estonia,EE,IND_TOTAL,I_DSK2_IL_AB,2025,87.52,Information & Data Literacy,Above Basic
3994,Greece,EL,IND_TOTAL,I_DSK2_IL_AB,2025,82.95,Information & Data Literacy,Above Basic
3995,Spain,ES,IND_TOTAL,I_DSK2_IL_AB,2025,82.36,Information & Data Literacy,Above Basic
3996,Finland,FI,IND_TOTAL,I_DSK2_IL_AB,2025,94.88,Information & Data Literacy,Above Basic
3997,France,FR,IND_TOTAL,I_DSK2_IL_AB,2025,75.31,Information & Data Literacy,Above Basic
3998,Croatia,HR,IND_TOTAL,I_DSK2_IL_AB,2025,91.67,Information & Data Literacy,Above Basic
3999,Hungary,HU,IND_TOTAL,I_DSK2_IL_AB,2025,84.8,Information & Data Literacy,Above Basic
4000,Ireland,IE,IND_TOTAL,I_DSK2_IL_AB,2025,93.28,Information & Data Literacy,Above Basic
4001,Italy,IT,IND_TOTAL,I_DSK2_IL_AB,2025,72.56,Information & Data Literacy,Above Basic
4002,Lithuania,LT,IND_TOTAL,I_DSK2_IL_AB,2025,82.77,Information & Data Literacy,Above Basic
4003,Luxembourg,LU,IND_TOTAL,I_DSK2_IL_AB,2025,74.16,Information & Data Literacy,Above Basic
4004,Latvia,LV,IND_TOTAL,I_DSK2_IL_AB,2025,70.88,Information & Data Literacy,Above Basic
4005,Montenegro,ME,IND_TOTAL,I_DSK2_IL_AB,2025,77.26,Information & Data Literacy,Above Basic
4006,North Macedonia,MK,IND_TOTAL,I_DSK2_IL_AB,2025,60.21,Information & Data Literacy,Above Basic
4007,Malta,MT,IND_TOTAL,I_DSK2_IL_AB,2025,85.39,Information & Data Literacy,Above Basic
4008,Netherlands,NL,IND_TOTAL,I_DSK2_IL_AB,2025,92.59,Information & Data Literacy,Above Basic
4009,Norway,NO,IND_TOTAL,I_DSK2_IL_AB,2025,95.79,Information & Data Literacy,Above Basic
4010,Poland,PL,IND_TOTAL,I_DSK2_IL_AB,2025,79.05,Information & Data Literacy,Above Basic
4011,Portugal,PT,IND_TOTAL,I_DSK2_IL_AB,2025,85.29,Information & Data Literacy,Above Basic
4012,Romania,RO,IND_TOTAL,I_DSK2_IL_AB,2025,63.52,Information & Data Literacy,Above Basic
4013,Serbia,RS,IND_TOTAL,I_DSK2_IL_AB,2025,87.55,Information & Data Literacy,Above Basic
4014,Sweden,SE,IND_TOTAL,I_DSK2_IL_AB,2025,90.2,Information & Data Literacy,Above Basic
4015,Slovenia,SI,IND_TOTAL,I_DSK2_IL_AB,2025,84.39,Information & Data Literacy,Above Basic
4016,Slovakia,SK,IND_TOTAL,I_DSK2_IL_AB,2025,78.16,Information & Data Literacy,Above Basic
4017,Türkiye,TR,IND_TOTAL,I_DSK2_IL_AB,2025,70.72,Information & Data Literacy,Above Basic
4018,Albania,AL,IND_TOTAL,I_DSK2_IL_B,2025,13.46,Information & Data Literacy,Basic
4019,Austria,AT,IND_TOTAL,I_DSK2_IL_B,2025,11.78,Information & Data Literacy,Basic
4020,Bosnia and Herzegovina,BA,IND_TOTAL,I_DSK2_IL_B,2025,16.15,Information & Data Literacy,Basic
4021,Belgium,BE,IND_TOTAL,I_DSK2_IL_B,2025,12.47,Information & Data Literacy,Basic
4022,Bulgaria,BG,IND_TOTAL,I_DSK2_IL_B,2025,17.49,Information & Data Literacy,Basic
4023,Switzerland,CH,IND_TOTAL,I_DSK2_IL_B,2025,6.79,Information & Data Literacy,Basic
4024,Cyprus,CY,IND_TOTAL,I_DSK2_IL_B,2025,5.23,Information & Data Literacy,Basic
4025,Czechia,CZ,IND_TOTAL,I_DSK2_IL_B,2025,5.94,Information & Data Literacy,Basic
4026,Germany,DE,IND_TOTAL,I_DSK2_IL_B,2025,10.71,Information & Data Literacy,Basic
4027,Denmark,DK,IND_TOTAL,I_DSK2_IL_B,2025,4.63,Information & Data Literacy,Basic
4028,Estonia,EE,IND_TOTAL,I_DSK2_IL_B,2025,8.27,Information & Data Literacy,Basic
4029,Greece,EL,IND_TOTAL,I_DSK2_IL_B,2025,12.3,Information & Data Literacy,Basic
4030,Spain,ES,IND_TOTAL,I_DSK2_IL_B,2025,10.49,Information & Data Literacy,Basic
4031,Finland,FI,IND_TOTAL,I_DSK2_IL_B,2025,3.91,Information & Data Literacy,Basic
4032,France,FR,IND_TOTAL,I_DSK2_IL_B,2025,13.73,Information & Data Literacy,Basic
4033,Croatia,HR,IND_TOTAL,I_DSK2_IL_B,2025,4.9,Information & Data Literacy,Basic
4034,Hungary,HU,IND_TOTAL,I_DSK2_IL_B,2025,8.07,Information & Data Literacy,Basic
4035,Ireland,IE,IND_TOTAL,I_DSK2_IL_B,2025,3.55,Information & Data Literacy,Basic
4036,Italy,IT,IND_TOTAL,I_DSK2_IL_B,2025,13.51,Information & Data Literacy,Basic
4037,Lithuania,LT,IND_TOTAL,I_DSK2_IL_B,2025,12.08,Information & Data Literacy,Basic
4038,Luxembourg,LU,IND_TOTAL,I_DSK2_IL_B,2025,17.14,Information & Data Literacy,Basic
4039,Latvia,LV,IND_TOTAL,I_DSK2_IL_B,2025,16.57,Information & Data Literacy,Basic
4040,Montenegro,ME,IND_TOTAL,I_DSK2_IL_B,2025,14.54,Information & Data Literacy,Basic
4041,North Macedonia,MK,IND_TOTAL,I_DSK2_IL_B,2025,17.34,Information & Data Literacy,Basic
4042,Malta,MT,IND_TOTAL,I_DSK2_IL_B,2025,8.64,Information & Data Literacy,Basic
4043,Netherlands,NL,IND_TOTAL,I_DSK2_IL_B,2025,5.16,Information & Data Literacy,Basic
4044,Norway,NO,IND_TOTAL,I_DSK2_IL_B,2025,2.63,Information & Data Literacy,Basic
4045,Poland,PL,IND_TOTAL,I_DSK2_IL_B,2025,13.27,Information & Data Literacy,Basic
4046,Portugal,PT,IND_TOTAL,I_DSK2_IL_B,2025,7.85,Information & Data Literacy,Basic
4047,Romania,RO,IND_TOTAL,I_DSK2_IL_B,2025,20.26,Information & Data Literacy,Basic
4048,Serbia,RS,IND_TOTAL,I_DSK2_IL_B,2025,8.26,Information & Data Literacy,Basic
4049,Sweden,SE,IND_TOTAL,I_DSK2_IL_B,2025,6.48,Information & Data Literacy,Basic
4050,Slovenia,SI,IND_TOTAL,I_DSK2_IL_B,2025,11.14,Information & Data Literacy,Basic
4051,Slovakia,SK,IND_TOTAL,I_DSK2_IL_B,2025,12.49,Information & Data Literacy,Basic
4052,Türkiye,TR,IND_TOTAL,I_DSK2_IL_B,2025,12.99,Information & Data Literacy,Basic
4053,Albania,AL,IND_TOTAL,I_DSK2_IL_B,2025,15.43,Information & Data Literacy,Basic
4054,Austria,AT,IND_TOTAL,I_DSK2_IL_B,2025,12.37,Information & Data Literacy,Basic
4055,Bosnia and Herzegovina,BA,IND_TOTAL,I_DSK2_IL_B,2025,17.92,Information & Data Literacy,Basic
4056,Belgium,BE,IND_TOTAL,I_DSK2_IL_B,2025,12.93,Information & Data Literacy,Basic
4057,Bulgaria,BG,IND_TOTAL,I_DSK2_IL_B,2025,20.14,Information & Data Literacy,Basic
4058,Switzerland,CH,IND_TOTAL,I_DSK2_IL_B,2025,6.86,Information & Data Literacy,Basic
4059,Cyprus,CY,IND_TOTAL,I_DSK2_IL_B,2025,5.57,Information & Data Literacy,Basic
4060,Czechia,CZ,IND_TOTAL,I_DSK2_IL_B,2025,6.28,Information & Data Literacy,Basic
4061,Germany,DE,IND_TOTAL,I_DSK2_IL_B,2025,11.33,Information & Data Literacy,Basic
4062,Denmark,DK,IND_TOTAL,I_DSK2_IL_B,2025,4.65,Information & Data Literacy,Basic
4063,Estonia,EE,IND_TOTAL,I_DSK2_IL_B,2025,8.72,Information & Data Literacy,Basic
4064,Greece,EL,IND_TOTAL,I_DSK2_IL_B,2025,13.8,Information & Data Literacy,Basic
4065,Spain,ES,IND_TOTAL,I_DSK2_IL_B,2025,10.89,Information & Data Literacy,Basic
4066,Finland,FI,IND_TOTAL,I_DSK2_IL_B,2025,3.99,Information & Data Literacy,Basic
4067,France,FR,IND_TOTAL,I_DSK2_IL_B,2025,14.45,Information & Data Literacy,Basic
4068,Croatia,HR,IND_TOTAL,I_DSK2_IL_B,2025,5.7,Information & Data Literacy,Basic
4069,Hungary,HU,IND_TOTAL,I_DSK2_IL_B,2025,8.69,Information & Data Literacy,Basic
4070,Ireland,IE,IND_TOTAL,I_DSK2_IL_B,2025,3.56,Information & Data Literacy,Basic
4071,Italy,IT,IND_TOTAL,I_DSK2_IL_B,2025,14.96,Information & Data Literacy,Basic
4072,Lithuania,LT,IND_TOTAL,I_DSK2_IL_B,2025,13.52,Information & Data Literacy,Basic
4073,Luxembourg,LU,IND_TOTAL,I_DSK2_IL_B,2025,17.29,Information & Data Literacy,Basic
4074,Latvia,LV,IND_TOTAL,I_DSK2_IL_B,2025,17.53,Information & Data Literacy,Basic
4075,Montenegro,ME,IND_TOTAL,I_DSK2_IL_B,2025,15.43,Information & Data Literacy,Basic
4076,North Macedonia,MK,IND_TOTAL,I_DSK2_IL_B,2025,18.82,Information & Data Literacy,Basic
4077,Malta,MT,IND_TOTAL,I_DSK2_IL_B,2025,9.0,Information & Data Literacy,Basic
4078,Netherlands,NL,IND_TOTAL,I_DSK2_IL_B,2025,5.18,Information & Data Literacy,Basic
4079,Norway,NO,IND_TOTAL,I_DSK2_IL_B,2025,2.67,Information & Data Literacy,Basic
4080,Poland,PL,IND_TOTAL,I_DSK2_IL_B,2025,14.81,Information & Data Literacy,Basic
4081,Portugal,PT,IND_TOTAL,I_DSK2_IL_B,2025,8.78,Information & Data Literacy,Basic
4082,Romania,RO,IND_TOTAL,I_DSK2_IL_B,2025,21.75,Information & Data Literacy,Basic
4083,Serbia,RS,IND_TOTAL,I_DSK2_IL_B,2025,9.17,Information & Data Literacy,Basic
4084,Sweden,SE,IND_TOTAL,I_DSK2_IL_B,2025,6.6,Information & Data Literacy,Basic
4085,Slovenia,SI,IND_TOTAL,I_DSK2_IL_B,2025,12.17,Information & Data Literacy,Basic
4086,Slovakia,SK,IND_TOTAL,I_DSK2_IL_B,2025,13.5,Information & Data Literacy,Basic
4087,Türkiye,TR,IND_TOTAL,I_DSK2_IL_B,2025,14.47,Information & Data Literacy,Basic
4088,Albania,AL,IND_TOTAL,I_DSK2_IL_BAB,2025,77.37,Information & Data Literacy,At Least Basic
4089,Austria,AT,IND_TOTAL,I_DSK2_IL_BAB,2025,87.29,Information & Data Literacy,At Least Basic
4090,Bosnia and Herzegovina,BA,IND_TOTAL,I_DSK2_IL_BAB,2025,81.63,Information & Data Literacy,At Least Basic
4091,Belgium,BE,IND_TOTAL,I_DSK2_IL_BAB,2025,89.2,Information & Data Literacy,At Least Basic
4092,Bulgaria,BG,IND_TOTAL,I_DSK2_IL_BAB,2025,73.64,Information & Data Literacy,At Least Basic
4093,Switzerland,CH,IND_TOTAL,I_DSK2_IL_BAB,2025,95.04,Information & Data Literacy,At Least Basic
4094,Cyprus,CY,IND_TOTAL,I_DSK2_IL_BAB,2025,91.8,Information & Data Literacy,At Least Basic
4095,Czechia,CZ,IND_TOTAL,I_DSK2_IL_BAB,2025,92.77,Information & Data Literacy,At Least Basic
4096,Germany,DE,IND_TOTAL,I_DSK2_IL_BAB,2025,87.86,Information & Data Literacy,At Least Basic
4097,Denmark,DK,IND_TOTAL,I_DSK2_IL_BAB,2025,97.03,Information & Data Literacy,At Least Basic
4098,Estonia,EE,IND_TOTAL,I_DSK2_IL_BAB,2025,91.29,Information & Data Literacy,At Least Basic
4099,Greece,EL,IND_TOTAL,I_DSK2_IL_BAB,2025,86.25,Information & Data Literacy,At Least Basic
4100,Spain,ES,IND_TOTAL,I_DSK2_IL_BAB,2025,89.84,Information & Data Literacy,At Least Basic
4101,Finland,FI,IND_TOTAL,I_DSK2_IL_BAB,2025,96.97,Information & Data Literacy,At Least Basic
4102,France,FR,IND_TOTAL,I_DSK2_IL_BAB,2025,85.26,Information & Data Literacy,At Least Basic
4103,Croatia,HR,IND_TOTAL,I_DSK2_IL_BAB,2025,83.64,Information & Data Literacy,At Least Basic
4104,Hungary,HU,IND_TOTAL,I_DSK2_IL_BAB,2025,86.77,Information & Data Literacy,At Least Basic
4105,Ireland,IE,IND_TOTAL,I_DSK2_IL_BAB,2025,96.62,Information & Data Literacy,At Least Basic
4106,Italy,IT,IND_TOTAL,I_DSK2_IL_BAB,2025,79.06,Information & Data Literacy,At Least Basic
4107,Lithuania,LT,IND_TOTAL,I_DSK2_IL_BAB,2025,85.99,Information & Data Literacy,At Least Basic
4108,Luxembourg,LU,IND_TOTAL,I_DSK2_IL_BAB,2025,90.65,Information & Data Literacy,At Least Basic
4109,Latvia,LV,IND_TOTAL,I_DSK2_IL_BAB,2025,83.57,Information & Data Literacy,At Least Basic
4110,Montenegro,ME,IND_TOTAL,I_DSK2_IL_BAB,2025,87.34,Information & Data Literacy,At Least Basic
4111,North Macedonia,MK,IND_TOTAL,I_DSK2_IL_BAB,2025,72.82,Information & Data Literacy,At Least Basic
4112,Malta,MT,IND_TOTAL,I_DSK2_IL_BAB,2025,90.63,Information & Data Literacy,At Least Basic
4113,Netherlands,NL,IND_TOTAL,I_DSK2_IL_BAB,2025,97.48,Information & Data Literacy,At Least Basic
4114,Norway,NO,IND_TOTAL,I_DSK2_IL_BAB,2025,97.29,Information & Data Literacy,At Least Basic
4115,Poland,PL,IND_TOTAL,I_DSK2_IL_BAB,2025,84.15,Information & Data Literacy,At Least Basic
4116,Portugal,PT,IND_TOTAL,I_DSK2_IL_BAB,2025,84.15,Information & Data Literacy,At Least Basic
4117,Romania,RO,IND_TOTAL,I_DSK2_IL_BAB,2025,79.43,Information & Data Literacy,At Least Basic
4118,Serbia,RS,IND_TOTAL,I_DSK2_IL_BAB,2025,87.09,Information & Data Literacy,At Least Basic
4119,Sweden,SE,IND_TOTAL,I_DSK2_IL_BAB,2025,95.11,Information & Data Literacy,At Least Basic
4120,Slovenia,SI,IND_TOTAL,I_DSK2_IL_BAB,2025,88.42,Information & Data Literacy,At Least Basic
4121,Slovakia,SK,IND_TOTAL,I_DSK2_IL_BAB,2025,84.78,Information & Data Literacy,At Least Basic
4122,Türkiye,TR,IND_TOTAL,I_DSK2_IL_BAB,2025,76.48,Information & Data Literacy,At Least Basic
4123,Albania,AL,IND_TOTAL,I_DSK2_IL_BAB,2025,88.75,Information & Data Literacy,At Least Basic
4124,Austria,AT,IND_TOTAL,I_DSK2_IL_BAB,2025,91.59,Information & Data Literacy,At Least Basic
4125,Bosnia and Herzegovina,BA,IND_TOTAL,I_DSK2_IL_BAB,2025,90.59,Information & Data Literacy,At Least Basic
4126,Belgium,BE,IND_TOTAL,I_DSK2_IL_BAB,2025,92.48,Information & Data Literacy,At Least Basic
4127,Bulgaria,BG,IND_TOTAL,I_DSK2_IL_BAB,2025,84.79,Information & Data Literacy,At Least Basic
4128,Switzerland,CH,IND_TOTAL,I_DSK2_IL_BAB,2025,96.08,Information & Data Literacy,At Least Basic
4129,Cyprus,CY,IND_TOTAL,I_DSK2_IL_BAB,2025,97.88,Information & Data Literacy,At Least Basic
4130,Czechia,CZ,IND_TOTAL,I_DSK2_IL_BAB,2025,98.15,Information & Data Literacy,At Least Basic
4131,Germany,DE,IND_TOTAL,I_DSK2_IL_BAB,2025,92.89,Information & Data Literacy,At Least Basic
4132,Denmark,DK,IND_TOTAL,I_DSK2_IL_BAB,2025,97.31,Information & Data Literacy,At Least Basic
4133,Estonia,EE,IND_TOTAL,I_DSK2_IL_BAB,2025,96.24,Information & Data Literacy,At Least Basic
4134,Greece,EL,IND_TOTAL,I_DSK2_IL_BAB,2025,96.74,Information & Data Literacy,At Least Basic
4135,Spain,ES,IND_TOTAL,I_DSK2_IL_BAB,2025,93.25,Information & Data Literacy,At Least Basic
4136,Finland,FI,IND_TOTAL,I_DSK2_IL_BAB,2025,98.87,Information & Data Literacy,At Least Basic
4137,France,FR,IND_TOTAL,I_DSK2_IL_BAB,2025,89.77,Information & Data Literacy,At Least Basic
4138,Croatia,HR,IND_TOTAL,I_DSK2_IL_BAB,2025,97.37,Information & Data Literacy,At Least Basic
4139,Hungary,HU,IND_TOTAL,I_DSK2_IL_BAB,2025,93.49,Information & Data Literacy,At Least Basic
4140,Ireland,IE,IND_TOTAL,I_DSK2_IL_BAB,2025,96.84,Information & Data Literacy,At Least Basic
4141,Italy,IT,IND_TOTAL,I_DSK2_IL_BAB,2025,87.53,Information & Data Literacy,At Least Basic
4142,Lithuania,LT,IND_TOTAL,I_DSK2_IL_BAB,2025,96.3,Information & Data Literacy,At Least Basic
4143,Luxembourg,LU,IND_TOTAL,I_DSK2_IL_BAB,2025,91.44,Information & Data Literacy,At Least Basic
4144,Latvia,LV,IND_TOTAL,I_DSK2_IL_BAB,2025,88.41,Information & Data Literacy,At Least Basic
4145,Montenegro,ME,IND_TOTAL,I_DSK2_IL_BAB,2025,92.69,Information & Data Literacy,At Least Basic
4146,North Macedonia,MK,IND_TOTAL,I_DSK2_IL_BAB,2025,79.03,Information & Data Literacy,At Least Basic
4147,Malta,MT,IND_TOTAL,I_DSK2_IL_BAB,2025,94.39,Information & Data Literacy,At Least Basic
4148,Netherlands,NL,IND_TOTAL,I_DSK2_IL_BAB,2025,97.77,Information & Data Literacy,At Least Basic
4149,Norway,NO,IND_TOTAL,I_DSK2_IL_BAB,2025,98.46,Information & Data Literacy,At Least Basic
4150,Poland,PL,IND_TOTAL,I_DSK2_IL_BAB,2025,93.86,Information & Data Literacy,At Least Basic
4151,Portugal,PT,IND_TOTAL,I_DSK2_IL_BAB,2025,94.07,Information & Data Literacy,At Least Basic
4152,Romania,RO,IND_TOTAL,I_DSK2_IL_BAB,2025,85.27,Information & Data Literacy,At Least Basic
4153,Serbia,RS,IND_TOTAL,I_DSK2_IL_BAB,2025,96.72,Information & Data Literacy,At Least Basic
4154,Sweden,SE,IND_TOTAL,I_DSK2_IL_BAB,2025,96.8,Information & Data Literacy,At Least Basic
4155,Slovenia,SI,IND_TOTAL,I_DSK2_IL_BAB,2025,96.56,Information & Data Literacy,At Least Basic
4156,Slovakia,SK,IND_TOTAL,I_DSK2_IL_BAB,2025,91.66,Information & Data Literacy,At Least Basic
4157,Türkiye,TR,IND_TOTAL,I_DSK2_IL_BAB,2025,85.2,Information & Data Literacy,At Least Basic
4158,Albania,AL,IND_TOTAL,I_DSK2_LM,2025,16.79,Overall Digital Skills,Limited
4159,Austria,AT,IND_TOTAL,I_DSK2_LM,2025,3.36,Overall Digital Skills,Limited
4160,Bosnia and Herzegovina,BA,IND_TOTAL,I_DSK2_LM,2025,10.43,Overall Digital Skills,Limited
4161,Belgium,BE,IND_TOTAL,I_DSK2_LM,2025,4.1,Overall Digital Skills,Limited
4162,Bulgaria,BG,IND_TOTAL,I_DSK2_LM,2025,9.84,Overall Digital Skills,Limited
4163,Switzerland,CH,IND_TOTAL,I_DSK2_LM,2025,1.58,Overall Digital Skills,Limited
4164,Cyprus,CY,IND_TOTAL,I_DSK2_LM,2025,4.95,Overall Digital Skills,Limited
4165,Czechia,CZ,IND_TOTAL,I_DSK2_LM,2025,1.76,Overall Digital Skills,Limited
4166,Germany,DE,IND_TOTAL,I_DSK2_LM,2025,3.77,Overall Digital Skills,Limited
4167,Denmark,DK,IND_TOTAL,I_DSK2_LM,2025,1.01,Overall Digital Skills,Limited
4168,Estonia,EE,IND_TOTAL,I_DSK2_LM,2025,3.4,Overall Digital Skills,Limited
4169,Greece,EL,IND_TOTAL,I_DSK2_LM,2025,3.81,Overall Digital Skills,Limited
4170,Spain,ES,IND_TOTAL,I_DSK2_LM,2025,4.02,Overall Digital Skills,Limited
4171,Finland,FI,IND_TOTAL,I_DSK2_LM,2025,0.89,Overall Digital Skills,Limited
4172,France,FR,IND_TOTAL,I_DSK2_LM,2025,3.73,Overall Digital Skills,Limited
4173,Croatia,HR,IND_TOTAL,I_DSK2_LM,2025,1.98,Overall Digital Skills,Limited
4174,Hungary,HU,IND_TOTAL,I_DSK2_LM,2025,4.38,Overall Digital Skills,Limited
4175,Ireland,IE,IND_TOTAL,I_DSK2_LM,2025,2.04,Overall Digital Skills,Limited
4176,Italy,IT,IND_TOTAL,I_DSK2_LM,2025,5.19,Overall Digital Skills,Limited
4177,Lithuania,LT,IND_TOTAL,I_DSK2_LM,2025,4.77,Overall Digital Skills,Limited
4178,Luxembourg,LU,IND_TOTAL,I_DSK2_LM,2025,3.94,Overall Digital Skills,Limited
4179,Latvia,LV,IND_TOTAL,I_DSK2_LM,2025,5.97,Overall Digital Skills,Limited
4180,Montenegro,ME,IND_TOTAL,I_DSK2_LM,2025,1.79,Overall Digital Skills,Limited
4181,North Macedonia,MK,IND_TOTAL,I_DSK2_LM,2025,14.42,Overall Digital Skills,Limited
4182,Malta,MT,IND_TOTAL,I_DSK2_LM,2025,4.44,Overall Digital Skills,Limited
4183,Netherlands,NL,IND_TOTAL,I_DSK2_LM,2025,0.91,Overall Digital Skills,Limited
4184,Norway,NO,IND_TOTAL,I_DSK2_LM,2025,0.68,Overall Digital Skills,Limited
4185,Poland,PL,IND_TOTAL,I_DSK2_LM,2025,6.31,Overall Digital Skills,Limited
4186,Portugal,PT,IND_TOTAL,I_DSK2_LM,2025,4.37,Overall Digital Skills,Limited
4187,Romania,RO,IND_TOTAL,I_DSK2_LM,2025,11.82,Overall Digital Skills,Limited
4188,Serbia,RS,IND_TOTAL,I_DSK2_LM,2025,7.36,Overall Digital Skills,Limited
4189,Sweden,SE,IND_TOTAL,I_DSK2_LM,2025,2.12,Overall Digital Skills,Limited
4190,Slovenia,SI,IND_TOTAL,I_DSK2_LM,2025,7.06,Overall Digital Skills,Limited
4191,Slovakia,SK,IND_TOTAL,I_DSK2_LM,2025,5.88,Overall Digital Skills,Limited
4192,Türkiye,TR,IND_TOTAL,I_DSK2_LM,2025,8.92,Overall Digital Skills,Limited
4193,Albania,AL,IND_TOTAL,I_DSK2_LM,2025,19.26,Overall Digital Skills,Limited
4194,Austria,AT,IND_TOTAL,I_DSK2_LM,2025,3.53,Overall Digital Skills,Limited
4195,Bosnia and Herzegovina,BA,IND_TOTAL,I_DSK2_LM,2025,11.57,Overall Digital Skills,Limited
4196,Belgium,BE,IND_TOTAL,I_DSK2_LM,2025,4.25,Overall Digital Skills,Limited
4197,Bulgaria,BG,IND_TOTAL,I_DSK2_LM,2025,11.33,Overall Digital Skills,Limited
4198,Switzerland,CH,IND_TOTAL,I_DSK2_LM,2025,1.59,Overall Digital Skills,Limited
4199,Cyprus,CY,IND_TOTAL,I_DSK2_LM,2025,5.28,Overall Digital Skills,Limited
4200,Czechia,CZ,IND_TOTAL,I_DSK2_LM,2025,1.86,Overall Digital Skills,Limited
4201,Germany,DE,IND_TOTAL,I_DSK2_LM,2025,3.99,Overall Digital Skills,Limited
4202,Estonia,EE,IND_TOTAL,I_DSK2_LM,2025,3.59,Overall Digital Skills,Limited
4203,Greece,EL,IND_TOTAL,I_DSK2_LM,2025,4.28,Overall Digital Skills,Limited
4204,Spain,ES,IND_TOTAL,I_DSK2_LM,2025,4.18,Overall Digital Skills,Limited
4205,Finland,FI,IND_TOTAL,I_DSK2_LM,2025,0.91,Overall Digital Skills,Limited
4206,France,FR,IND_TOTAL,I_DSK2_LM,2025,3.93,Overall Digital Skills,Limited
4207,Croatia,HR,IND_TOTAL,I_DSK2_LM,2025,2.3,Overall Digital Skills,Limited
4208,Hungary,HU,IND_TOTAL,I_DSK2_LM,2025,4.72,Overall Digital Skills,Limited
4209,Italy,IT,IND_TOTAL,I_DSK2_LM,2025,5.74,Overall Digital Skills,Limited
4210,Lithuania,LT,IND_TOTAL,I_DSK2_LM,2025,5.35,Overall Digital Skills,Limited
4211,Luxembourg,LU,IND_TOTAL,I_DSK2_LM,2025,3.98,Overall Digital Skills,Limited
4212,Latvia,LV,IND_TOTAL,I_DSK2_LM,2025,6.32,Overall Digital Skills,Limited
4213,Montenegro,ME,IND_TOTAL,I_DSK2_LM,2025,1.9,Overall Digital Skills,Limited
4214,North Macedonia,MK,IND_TOTAL,I_DSK2_LM,2025,15.65,Overall Digital Skills,Limited
4215,Malta,MT,IND_TOTAL,I_DSK2_LM,2025,4.62,Overall Digital Skills,Limited
4216,Norway,NO,IND_TOTAL,I_DSK2_LM,2025,0.69,Overall Digital Skills,Limited
4217,Poland,PL,IND_TOTAL,I_DSK2_LM,2025,7.03,Overall Digital Skills,Limited
4218,Portugal,PT,IND_TOTAL,I_DSK2_LM,2025,4.88,Overall Digital Skills,Limited
4219,Romania,RO,IND_TOTAL,I_DSK2_LM,2025,12.69,Overall Digital Skills,Limited
4220,Serbia,RS,IND_TOTAL,I_DSK2_LM,2025,8.18,Overall Digital Skills,Limited
4221,Sweden,SE,IND_TOTAL,I_DSK2_LM,2025,2.16,Overall Digital Skills,Limited
4222,Slovenia,SI,IND_TOTAL,I_DSK2_LM,2025,7.71,Overall Digital Skills,Limited
4223,Slovakia,SK,IND_TOTAL,I_DSK2_LM,2025,6.36,Overall Digital Skills,Limited
4224,Türkiye,TR,IND_TOTAL,I_DSK2_LM,2025,9.93,Overall Digital Skills,Limited
4225,Albania,AL,IND_TOTAL,I_DSK2_LW,2025,24.38,Overall Digital Skills,Low
4226,Austria,AT,IND_TOTAL,I_DSK2_LW,2025,15.31,Overall Digital Skills,Low
4227,Bosnia and Herzegovina,BA,IND_TOTAL,I_DSK2_LW,2025,19.99,Overall Digital Skills,Low
4228,Belgium,BE,IND_TOTAL,I_DSK2_LW,2025,17.97,Overall Digital Skills,Low
4229,Bulgaria,BG,IND_TOTAL,I_DSK2_LW,2025,18.27,Overall Digital Skills,Low
4230,Switzerland,CH,IND_TOTAL,I_DSK2_LW,2025,13.61,Overall Digital Skills,Low
4231,Cyprus,CY,IND_TOTAL,I_DSK2_LW,2025,21.22,Overall Digital Skills,Low
4232,Czechia,CZ,IND_TOTAL,I_DSK2_LW,2025,15.43,Overall Digital Skills,Low
4233,Germany,DE,IND_TOTAL,I_DSK2_LW,2025,20.28,Overall Digital Skills,Low
4234,Denmark,DK,IND_TOTAL,I_DSK2_LW,2025,12.63,Overall Digital Skills,Low
4235,Estonia,EE,IND_TOTAL,I_DSK2_LW,2025,17.02,Overall Digital Skills,Low
4236,Greece,EL,IND_TOTAL,I_DSK2_LW,2025,23.53,Overall Digital Skills,Low
4237,Spain,ES,IND_TOTAL,I_DSK2_LW,2025,16.14,Overall Digital Skills,Low
4238,Finland,FI,IND_TOTAL,I_DSK2_LW,2025,12.68,Overall Digital Skills,Low
4239,France,FR,IND_TOTAL,I_DSK2_LW,2025,15.63,Overall Digital Skills,Low
4240,Croatia,HR,IND_TOTAL,I_DSK2_LW,2025,14.23,Overall Digital Skills,Low
4241,Hungary,HU,IND_TOTAL,I_DSK2_LW,2025,19.84,Overall Digital Skills,Low
4242,Ireland,IE,IND_TOTAL,I_DSK2_LW,2025,11.05,Overall Digital Skills,Low
4243,Italy,IT,IND_TOTAL,I_DSK2_LW,2025,16.93,Overall Digital Skills,Low
4244,Lithuania,LT,IND_TOTAL,I_DSK2_LW,2025,16.89,Overall Digital Skills,Low
4245,Luxembourg,LU,IND_TOTAL,I_DSK2_LW,2025,19.06,Overall Digital Skills,Low
4246,Latvia,LV,IND_TOTAL,I_DSK2_LW,2025,23.43,Overall Digital Skills,Low
4247,Montenegro,ME,IND_TOTAL,I_DSK2_LW,2025,35.36,Overall Digital Skills,Low
4248,North Macedonia,MK,IND_TOTAL,I_DSK2_LW,2025,21.8,Overall Digital Skills,Low
4249,Malta,MT,IND_TOTAL,I_DSK2_LW,2025,13.27,Overall Digital Skills,Low
4250,Netherlands,NL,IND_TOTAL,I_DSK2_LW,2025,10.88,Overall Digital Skills,Low
4251,Norway,NO,IND_TOTAL,I_DSK2_LW,2025,14.55,Overall Digital Skills,Low
4252,Poland,PL,IND_TOTAL,I_DSK2_LW,2025,18.76,Overall Digital Skills,Low
4253,Portugal,PT,IND_TOTAL,I_DSK2_LW,2025,15.38,Overall Digital Skills,Low
4254,Romania,RO,IND_TOTAL,I_DSK2_LW,2025,20.8,Overall Digital Skills,Low
4255,Serbia,RS,IND_TOTAL,I_DSK2_LW,2025,29.09,Overall Digital Skills,Low
4256,Sweden,SE,IND_TOTAL,I_DSK2_LW,2025,17.73,Overall Digital Skills,Low
4257,Slovenia,SI,IND_TOTAL,I_DSK2_LW,2025,23.12,Overall Digital Skills,Low
4258,Slovakia,SK,IND_TOTAL,I_DSK2_LW,2025,18.28,Overall Digital Skills,Low
4259,Türkiye,TR,IND_TOTAL,I_DSK2_LW,2025,24.28,Overall Digital Skills,Low
4260,Albania,AL,IND_TOTAL,I_DSK2_LW,2025,27.97,Overall Digital Skills,Low
4261,Austria,AT,IND_TOTAL,I_DSK2_LW,2025,16.06,Overall Digital Skills,Low
4262,Bosnia and Herzegovina,BA,IND_TOTAL,I_DSK2_LW,2025,22.18,Overall Digital Skills,Low
4263,Belgium,BE,IND_TOTAL,I_DSK2_LW,2025,18.63,Overall Digital Skills,Low
4264,Bulgaria,BG,IND_TOTAL,I_DSK2_LW,2025,21.04,Overall Digital Skills,Low
4265,Switzerland,CH,IND_TOTAL,I_DSK2_LW,2025,13.76,Overall Digital Skills,Low
4266,Cyprus,CY,IND_TOTAL,I_DSK2_LW,2025,22.62,Overall Digital Skills,Low
4267,Czechia,CZ,IND_TOTAL,I_DSK2_LW,2025,16.32,Overall Digital Skills,Low
4268,Germany,DE,IND_TOTAL,I_DSK2_LW,2025,21.44,Overall Digital Skills,Low
4269,Denmark,DK,IND_TOTAL,I_DSK2_LW,2025,12.67,Overall Digital Skills,Low
4270,Estonia,EE,IND_TOTAL,I_DSK2_LW,2025,17.95,Overall Digital Skills,Low
4271,Greece,EL,IND_TOTAL,I_DSK2_LW,2025,26.39,Overall Digital Skills,Low
4272,Spain,ES,IND_TOTAL,I_DSK2_LW,2025,16.75,Overall Digital Skills,Low
4273,Finland,FI,IND_TOTAL,I_DSK2_LW,2025,12.93,Overall Digital Skills,Low
4274,France,FR,IND_TOTAL,I_DSK2_LW,2025,16.45,Overall Digital Skills,Low
4275,Croatia,HR,IND_TOTAL,I_DSK2_LW,2025,16.56,Overall Digital Skills,Low
4276,Hungary,HU,IND_TOTAL,I_DSK2_LW,2025,21.38,Overall Digital Skills,Low
4277,Ireland,IE,IND_TOTAL,I_DSK2_LW,2025,11.07,Overall Digital Skills,Low
4278,Italy,IT,IND_TOTAL,I_DSK2_LW,2025,18.75,Overall Digital Skills,Low
4279,Lithuania,LT,IND_TOTAL,I_DSK2_LW,2025,18.91,Overall Digital Skills,Low
4280,Luxembourg,LU,IND_TOTAL,I_DSK2_LW,2025,19.23,Overall Digital Skills,Low
4281,Latvia,LV,IND_TOTAL,I_DSK2_LW,2025,24.78,Overall Digital Skills,Low
4282,Montenegro,ME,IND_TOTAL,I_DSK2_LW,2025,37.53,Overall Digital Skills,Low
4283,North Macedonia,MK,IND_TOTAL,I_DSK2_LW,2025,23.66,Overall Digital Skills,Low
4284,Malta,MT,IND_TOTAL,I_DSK2_LW,2025,13.82,Overall Digital Skills,Low
4285,Netherlands,NL,IND_TOTAL,I_DSK2_LW,2025,10.91,Overall Digital Skills,Low
4286,Norway,NO,IND_TOTAL,I_DSK2_LW,2025,14.73,Overall Digital Skills,Low
4287,Poland,PL,IND_TOTAL,I_DSK2_LW,2025,20.93,Overall Digital Skills,Low
4288,Portugal,PT,IND_TOTAL,I_DSK2_LW,2025,17.2,Overall Digital Skills,Low
4289,Romania,RO,IND_TOTAL,I_DSK2_LW,2025,22.33,Overall Digital Skills,Low
4290,Serbia,RS,IND_TOTAL,I_DSK2_LW,2025,32.31,Overall Digital Skills,Low
4291,Sweden,SE,IND_TOTAL,I_DSK2_LW,2025,18.05,Overall Digital Skills,Low
4292,Slovenia,SI,IND_TOTAL,I_DSK2_LW,2025,25.25,Overall Digital Skills,Low
4293,Slovakia,SK,IND_TOTAL,I_DSK2_LW,2025,19.77,Overall Digital Skills,Low
4294,Türkiye,TR,IND_TOTAL,I_DSK2_LW,2025,27.04,Overall Digital Skills,Low
4295,Albania,AL,IND_TOTAL,I_DSK2_N,2025,15.14,Overall Digital Skills,Narrow
4296,Austria,AT,IND_TOTAL,I_DSK2_N,2025,5.36,Overall Digital Skills,Narrow
4297,Bosnia and Herzegovina,BA,IND_TOTAL,I_DSK2_N,2025,18.96,Overall Digital Skills,Narrow
4298,Belgium,BE,IND_TOTAL,I_DSK2_N,2025,11.07,Overall Digital Skills,Narrow
4299,Bulgaria,BG,IND_TOTAL,I_DSK2_N,2025,13.83,Overall Digital Skills,Narrow
4300,Switzerland,CH,IND_TOTAL,I_DSK2_N,2025,4.46,Overall Digital Skills,Narrow
4301,Cyprus,CY,IND_TOTAL,I_DSK2_N,2025,10.19,Overall Digital Skills,Narrow
4302,Czechia,CZ,IND_TOTAL,I_DSK2_N,2025,5.83,Overall Digital Skills,Narrow
4303,Germany,DE,IND_TOTAL,I_DSK2_N,2025,9.32,Overall Digital Skills,Narrow
4304,Denmark,DK,IND_TOTAL,I_DSK2_N,2025,3.94,Overall Digital Skills,Narrow
4305,Estonia,EE,IND_TOTAL,I_DSK2_N,2025,9.76,Overall Digital Skills,Narrow
4306,Greece,EL,IND_TOTAL,I_DSK2_N,2025,9.17,Overall Digital Skills,Narrow
4307,Spain,ES,IND_TOTAL,I_DSK2_N,2025,7.76,Overall Digital Skills,Narrow
4308,Finland,FI,IND_TOTAL,I_DSK2_N,2025,3.2,Overall Digital Skills,Narrow
4309,France,FR,IND_TOTAL,I_DSK2_N,2025,8.09,Overall Digital Skills,Narrow
4310,Croatia,HR,IND_TOTAL,I_DSK2_N,2025,5.75,Overall Digital Skills,Narrow
4311,Hungary,HU,IND_TOTAL,I_DSK2_N,2025,8.51,Overall Digital Skills,Narrow
4312,Ireland,IE,IND_TOTAL,I_DSK2_N,2025,3.75,Overall Digital Skills,Narrow
4313,Italy,IT,IND_TOTAL,I_DSK2_N,2025,9.4,Overall Digital Skills,Narrow
4314,Lithuania,LT,IND_TOTAL,I_DSK2_N,2025,11.4,Overall Digital Skills,Narrow
4315,Luxembourg,LU,IND_TOTAL,I_DSK2_N,2025,10.71,Overall Digital Skills,Narrow
4316,Latvia,LV,IND_TOTAL,I_DSK2_N,2025,14.35,Overall Digital Skills,Narrow
4317,Montenegro,ME,IND_TOTAL,I_DSK2_N,2025,12.68,Overall Digital Skills,Narrow
4318,North Macedonia,MK,IND_TOTAL,I_DSK2_N,2025,19.26,Overall Digital Skills,Narrow
4319,Malta,MT,IND_TOTAL,I_DSK2_N,2025,8.9,Overall Digital Skills,Narrow
4320,Netherlands,NL,IND_TOTAL,I_DSK2_N,2025,4.05,Overall Digital Skills,Narrow
4321,Norway,NO,IND_TOTAL,I_DSK2_N,2025,3.4,Overall Digital Skills,Narrow
4322,Poland,PL,IND_TOTAL,I_DSK2_N,2025,10.9,Overall Digital Skills,Narrow
4323,Portugal,PT,IND_TOTAL,I_DSK2_N,2025,7.86,Overall Digital Skills,Narrow
4324,Romania,RO,IND_TOTAL,I_DSK2_N,2025,19.71,Overall Digital Skills,Narrow
4325,Serbia,RS,IND_TOTAL,I_DSK2_N,2025,9.53,Overall Digital Skills,Narrow
4326,Sweden,SE,IND_TOTAL,I_DSK2_N,2025,7.5,Overall Digital Skills,Narrow
4327,Slovenia,SI,IND_TOTAL,I_DSK2_N,2025,12.39,Overall Digital Skills,Narrow
4328,Slovakia,SK,IND_TOTAL,I_DSK2_N,2025,12.32,Overall Digital Skills,Narrow
4329,Türkiye,TR,IND_TOTAL,I_DSK2_N,2025,18.5,Overall Digital Skills,Narrow
4330,Albania,AL,IND_TOTAL,I_DSK2_N,2025,17.37,Overall Digital Skills,Narrow
4331,Austria,AT,IND_TOTAL,I_DSK2_N,2025,5.62,Overall Digital Skills,Narrow
4332,Bosnia and Herzegovina,BA,IND_TOTAL,I_DSK2_N,2025,21.04,Overall Digital Skills,Narrow
4333,Belgium,BE,IND_TOTAL,I_DSK2_N,2025,11.47,Overall Digital Skills,Narrow
4334,Bulgaria,BG,IND_TOTAL,I_DSK2_N,2025,15.92,Overall Digital Skills,Narrow
4335,Switzerland,CH,IND_TOTAL,I_DSK2_N,2025,4.51,Overall Digital Skills,Narrow
4336,Cyprus,CY,IND_TOTAL,I_DSK2_N,2025,10.87,Overall Digital Skills,Narrow
4337,Czechia,CZ,IND_TOTAL,I_DSK2_N,2025,6.17,Overall Digital Skills,Narrow
4338,Germany,DE,IND_TOTAL,I_DSK2_N,2025,9.86,Overall Digital Skills,Narrow
4339,Denmark,DK,IND_TOTAL,I_DSK2_N,2025,3.95,Overall Digital Skills,Narrow
4340,Estonia,EE,IND_TOTAL,I_DSK2_N,2025,10.29,Overall Digital Skills,Narrow
4341,Greece,EL,IND_TOTAL,I_DSK2_N,2025,10.29,Overall Digital Skills,Narrow
4342,Spain,ES,IND_TOTAL,I_DSK2_N,2025,8.06,Overall Digital Skills,Narrow
4343,Finland,FI,IND_TOTAL,I_DSK2_N,2025,3.26,Overall Digital Skills,Narrow
4344,France,FR,IND_TOTAL,I_DSK2_N,2025,8.52,Overall Digital Skills,Narrow
4345,Croatia,HR,IND_TOTAL,I_DSK2_N,2025,6.69,Overall Digital Skills,Narrow
4346,Hungary,HU,IND_TOTAL,I_DSK2_N,2025,9.17,Overall Digital Skills,Narrow
4347,Ireland,IE,IND_TOTAL,I_DSK2_N,2025,3.76,Overall Digital Skills,Narrow
4348,Italy,IT,IND_TOTAL,I_DSK2_N,2025,10.41,Overall Digital Skills,Narrow
4349,Lithuania,LT,IND_TOTAL,I_DSK2_N,2025,12.77,Overall Digital Skills,Narrow
4350,Luxembourg,LU,IND_TOTAL,I_DSK2_N,2025,10.8,Overall Digital Skills,Narrow
4351,Latvia,LV,IND_TOTAL,I_DSK2_N,2025,15.18,Overall Digital Skills,Narrow
4352,Montenegro,ME,IND_TOTAL,I_DSK2_N,2025,13.46,Overall Digital Skills,Narrow
4353,North Macedonia,MK,IND_TOTAL,I_DSK2_N,2025,20.9,Overall Digital Skills,Narrow
4354,Malta,MT,IND_TOTAL,I_DSK2_N,2025,9.27,Overall Digital Skills,Narrow
4355,Netherlands,NL,IND_TOTAL,I_DSK2_N,2025,4.06,Overall Digital Skills,Narrow
4356,Norway,NO,IND_TOTAL,I_DSK2_N,2025,3.44,Overall Digital Skills,Narrow
4357,Poland,PL,IND_TOTAL,I_DSK2_N,2025,12.16,Overall Digital Skills,Narrow
4358,Portugal,PT,IND_TOTAL,I_DSK2_N,2025,8.78,Overall Digital Skills,Narrow
4359,Romania,RO,IND_TOTAL,I_DSK2_N,2025,21.16,Overall Digital Skills,Narrow
4360,Serbia,RS,IND_TOTAL,I_DSK2_N,2025,10.58,Overall Digital Skills,Narrow
4361,Sweden,SE,IND_TOTAL,I_DSK2_N,2025,7.63,Overall Digital Skills,Narrow
4362,Slovenia,SI,IND_TOTAL,I_DSK2_N,2025,13.53,Overall Digital Skills,Narrow
4363,Slovakia,SK,IND_TOTAL,I_DSK2_N,2025,13.32,Overall Digital Skills,Narrow
4364,Türkiye,TR,IND_TOTAL,I_DSK2_N,2025,20.6,Overall Digital Skills,Narrow
4365,Albania,AL,IND_TOTAL,I_DSK2_NA,2025,12.82,Overall Digital Skills,Not Assessed
4366,Austria,AT,IND_TOTAL,I_DSK2_NA,2025,4.7,Overall Digital Skills,Not Assessed
4367,Bosnia and Herzegovina,BA,IND_TOTAL,I_DSK2_NA,2025,9.89,Overall Digital Skills,Not Assessed
4368,Belgium,BE,IND_TOTAL,I_DSK2_NA,2025,3.54,Overall Digital Skills,Not Assessed
4369,Bulgaria,BG,IND_TOTAL,I_DSK2_NA,2025,13.15,Overall Digital Skills,Not Assessed
4370,Switzerland,CH,IND_TOTAL,I_DSK2_NA,2025,1.08,Overall Digital Skills,Not Assessed
4371,Cyprus,CY,IND_TOTAL,I_DSK2_NA,2025,6.21,Overall Digital Skills,Not Assessed
4372,Czechia,CZ,IND_TOTAL,I_DSK2_NA,2025,5.48,Overall Digital Skills,Not Assessed
4373,Germany,DE,IND_TOTAL,I_DSK2_NA,2025,5.42,Overall Digital Skills,Not Assessed
4374,Denmark,DK,IND_TOTAL,I_DSK2_NA,2025,0.29,Overall Digital Skills,Not Assessed
4375,Estonia,EE,IND_TOTAL,I_DSK2_NA,2025,5.14,Overall Digital Skills,Not Assessed
4376,Greece,EL,IND_TOTAL,I_DSK2_NA,2025,10.85,Overall Digital Skills,Not Assessed
4377,Spain,ES,IND_TOTAL,I_DSK2_NA,2025,3.66,Overall Digital Skills,Not Assessed
4378,Finland,FI,IND_TOTAL,I_DSK2_NA,2025,1.92,Overall Digital Skills,Not Assessed
4379,France,FR,IND_TOTAL,I_DSK2_NA,2025,5.02,Overall Digital Skills,Not Assessed
4380,Croatia,HR,IND_TOTAL,I_DSK2_NA,2025,14.1,Overall Digital Skills,Not Assessed
4381,Hungary,HU,IND_TOTAL,I_DSK2_NA,2025,7.2,Overall Digital Skills,Not Assessed
4382,Ireland,IE,IND_TOTAL,I_DSK2_NA,2025,0.22,Overall Digital Skills,Not Assessed
4383,Italy,IT,IND_TOTAL,I_DSK2_NA,2025,9.68,Overall Digital Skills,Not Assessed
4384,Lithuania,LT,IND_TOTAL,I_DSK2_NA,2025,10.7,Overall Digital Skills,Not Assessed
4385,Luxembourg,LU,IND_TOTAL,I_DSK2_NA,2025,0.87,Overall Digital Skills,Not Assessed
4386,Latvia,LV,IND_TOTAL,I_DSK2_NA,2025,5.47,Overall Digital Skills,Not Assessed
4387,Montenegro,ME,IND_TOTAL,I_DSK2_NA,2025,5.78,Overall Digital Skills,Not Assessed
4388,North Macedonia,MK,IND_TOTAL,I_DSK2_NA,2025,7.86,Overall Digital Skills,Not Assessed
4389,Malta,MT,IND_TOTAL,I_DSK2_NA,2025,3.99,Overall Digital Skills,Not Assessed
4390,Netherlands,NL,IND_TOTAL,I_DSK2_NA,2025,0.29,Overall Digital Skills,Not Assessed
4391,Norway,NO,IND_TOTAL,I_DSK2_NA,2025,1.18,Overall Digital Skills,Not Assessed
4392,Poland,PL,IND_TOTAL,I_DSK2_NA,2025,10.35,Overall Digital Skills,Not Assessed
4393,Portugal,PT,IND_TOTAL,I_DSK2_NA,2025,10.55,Overall Digital Skills,Not Assessed
4394,Romania,RO,IND_TOTAL,I_DSK2_NA,2025,6.85,Overall Digital Skills,Not Assessed
4395,Serbia,RS,IND_TOTAL,I_DSK2_NA,2025,9.96,Overall Digital Skills,Not Assessed
4396,Sweden,SE,IND_TOTAL,I_DSK2_NA,2025,1.75,Overall Digital Skills,Not Assessed
4397,Slovenia,SI,IND_TOTAL,I_DSK2_NA,2025,8.43,Overall Digital Skills,Not Assessed
4398,Slovakia,SK,IND_TOTAL,I_DSK2_NA,2025,7.51,Overall Digital Skills,Not Assessed
4399,Türkiye,TR,IND_TOTAL,I_DSK2_NA,2025,10.23,Overall Digital Skills,Not Assessed
4400,Albania,AL,IND_TOTAL,I_DSK2_PS_AB,2025,30.49,Problem Solving,Above Basic
4401,Austria,AT,IND_TOTAL,I_DSK2_PS_AB,2025,67.75,Problem Solving,Above Basic
4402,Bosnia and Herzegovina,BA,IND_TOTAL,I_DSK2_PS_AB,2025,36.14,Problem Solving,Above Basic
4403,Belgium,BE,IND_TOTAL,I_DSK2_PS_AB,2025,61.76,Problem Solving,Above Basic
4404,Bulgaria,BG,IND_TOTAL,I_DSK2_PS_AB,2025,34.03,Problem Solving,Above Basic
4405,Switzerland,CH,IND_TOTAL,I_DSK2_PS_AB,2025,75.69,Problem Solving,Above Basic
4406,Cyprus,CY,IND_TOTAL,I_DSK2_PS_AB,2025,58.69,Problem Solving,Above Basic
4407,Czechia,CZ,IND_TOTAL,I_DSK2_PS_AB,2025,66.15,Problem Solving,Above Basic
4408,Germany,DE,IND_TOTAL,I_DSK2_PS_AB,2025,62.29,Problem Solving,Above Basic
4409,Denmark,DK,IND_TOTAL,I_DSK2_PS_AB,2025,85.63,Problem Solving,Above Basic
4410,Estonia,EE,IND_TOTAL,I_DSK2_PS_AB,2025,67.8,Problem Solving,Above Basic
4411,Greece,EL,IND_TOTAL,I_DSK2_PS_AB,2025,54.5,Problem Solving,Above Basic
4412,Spain,ES,IND_TOTAL,I_DSK2_PS_AB,2025,67.33,Problem Solving,Above Basic
4413,Finland,FI,IND_TOTAL,I_DSK2_PS_AB,2025,82.58,Problem Solving,Above Basic
4414,France,FR,IND_TOTAL,I_DSK2_PS_AB,2025,67.49,Problem Solving,Above Basic
4415,Croatia,HR,IND_TOTAL,I_DSK2_PS_AB,2025,54.64,Problem Solving,Above Basic
4416,Hungary,HU,IND_TOTAL,I_DSK2_PS_AB,2025,61.82,Problem Solving,Above Basic
4417,Ireland,IE,IND_TOTAL,I_DSK2_PS_AB,2025,87.42,Problem Solving,Above Basic
4418,Italy,IT,IND_TOTAL,I_DSK2_PS_AB,2025,54.85,Problem Solving,Above Basic
4419,Lithuania,LT,IND_TOTAL,I_DSK2_PS_AB,2025,57.5,Problem Solving,Above Basic
4420,Luxembourg,LU,IND_TOTAL,I_DSK2_PS_AB,2025,64.86,Problem Solving,Above Basic
4421,Latvia,LV,IND_TOTAL,I_DSK2_PS_AB,2025,55.52,Problem Solving,Above Basic
4422,Montenegro,ME,IND_TOTAL,I_DSK2_PS_AB,2025,26.47,Problem Solving,Above Basic
4423,North Macedonia,MK,IND_TOTAL,I_DSK2_PS_AB,2025,25.86,Problem Solving,Above Basic
4424,Malta,MT,IND_TOTAL,I_DSK2_PS_AB,2025,67.28,Problem Solving,Above Basic
4425,Netherlands,NL,IND_TOTAL,I_DSK2_PS_AB,2025,89.63,Problem Solving,Above Basic
4426,Norway,NO,IND_TOTAL,I_DSK2_PS_AB,2025,86.03,Problem Solving,Above Basic
4427,Poland,PL,IND_TOTAL,I_DSK2_PS_AB,2025,55.22,Problem Solving,Above Basic
4428,Portugal,PT,IND_TOTAL,I_DSK2_PS_AB,2025,47.25,Problem Solving,Above Basic
4429,Romania,RO,IND_TOTAL,I_DSK2_PS_AB,2025,27.41,Problem Solving,Above Basic
4430,Serbia,RS,IND_TOTAL,I_DSK2_PS_AB,2025,46.91,Problem Solving,Above Basic
4431,Sweden,SE,IND_TOTAL,I_DSK2_PS_AB,2025,78.44,Problem Solving,Above Basic
4432,Slovenia,SI,IND_TOTAL,I_DSK2_PS_AB,2025,52.25,Problem Solving,Above Basic
4433,Slovakia,SK,IND_TOTAL,I_DSK2_PS_AB,2025,52.03,Problem Solving,Above Basic
4434,Türkiye,TR,IND_TOTAL,I_DSK2_PS_AB,2025,37.09,Problem Solving,Above Basic
4435,Albania,AL,IND_TOTAL,I_DSK2_PS_AB,2025,34.97,Problem Solving,Above Basic
4436,Austria,AT,IND_TOTAL,I_DSK2_PS_AB,2025,71.09,Problem Solving,Above Basic
4437,Bosnia and Herzegovina,BA,IND_TOTAL,I_DSK2_PS_AB,2025,40.1,Problem Solving,Above Basic
4438,Belgium,BE,IND_TOTAL,I_DSK2_PS_AB,2025,64.02,Problem Solving,Above Basic
4439,Bulgaria,BG,IND_TOTAL,I_DSK2_PS_AB,2025,39.19,Problem Solving,Above Basic
4440,Switzerland,CH,IND_TOTAL,I_DSK2_PS_AB,2025,76.52,Problem Solving,Above Basic
4441,Cyprus,CY,IND_TOTAL,I_DSK2_PS_AB,2025,62.58,Problem Solving,Above Basic
4442,Czechia,CZ,IND_TOTAL,I_DSK2_PS_AB,2025,69.98,Problem Solving,Above Basic
4443,Germany,DE,IND_TOTAL,I_DSK2_PS_AB,2025,65.86,Problem Solving,Above Basic
4444,Denmark,DK,IND_TOTAL,I_DSK2_PS_AB,2025,85.88,Problem Solving,Above Basic
4445,Estonia,EE,IND_TOTAL,I_DSK2_PS_AB,2025,71.47,Problem Solving,Above Basic
4446,Greece,EL,IND_TOTAL,I_DSK2_PS_AB,2025,61.13,Problem Solving,Above Basic
4447,Spain,ES,IND_TOTAL,I_DSK2_PS_AB,2025,69.89,Problem Solving,Above Basic
4448,Finland,FI,IND_TOTAL,I_DSK2_PS_AB,2025,84.2,Problem Solving,Above Basic
4449,France,FR,IND_TOTAL,I_DSK2_PS_AB,2025,71.06,Problem Solving,Above Basic
4450,Croatia,HR,IND_TOTAL,I_DSK2_PS_AB,2025,63.6,Problem Solving,Above Basic
4451,Hungary,HU,IND_TOTAL,I_DSK2_PS_AB,2025,66.61,Problem Solving,Above Basic
4452,Ireland,IE,IND_TOTAL,I_DSK2_PS_AB,2025,87.62,Problem Solving,Above Basic
4453,Italy,IT,IND_TOTAL,I_DSK2_PS_AB,2025,60.73,Problem Solving,Above Basic
4454,Lithuania,LT,IND_TOTAL,I_DSK2_PS_AB,2025,64.39,Problem Solving,Above Basic
4455,Luxembourg,LU,IND_TOTAL,I_DSK2_PS_AB,2025,65.43,Problem Solving,Above Basic
4456,Latvia,LV,IND_TOTAL,I_DSK2_PS_AB,2025,58.73,Problem Solving,Above Basic
4457,Montenegro,ME,IND_TOTAL,I_DSK2_PS_AB,2025,28.09,Problem Solving,Above Basic
4458,North Macedonia,MK,IND_TOTAL,I_DSK2_PS_AB,2025,28.07,Problem Solving,Above Basic
4459,Malta,MT,IND_TOTAL,I_DSK2_PS_AB,2025,70.07,Problem Solving,Above Basic
4460,Netherlands,NL,IND_TOTAL,I_DSK2_PS_AB,2025,89.9,Problem Solving,Above Basic
4461,Norway,NO,IND_TOTAL,I_DSK2_PS_AB,2025,87.06,Problem Solving,Above Basic
4462,Poland,PL,IND_TOTAL,I_DSK2_PS_AB,2025,61.59,Problem Solving,Above Basic
4463,Portugal,PT,IND_TOTAL,I_DSK2_PS_AB,2025,52.83,Problem Solving,Above Basic
4464,Romania,RO,IND_TOTAL,I_DSK2_PS_AB,2025,29.43,Problem Solving,Above Basic
4465,Serbia,RS,IND_TOTAL,I_DSK2_PS_AB,2025,52.09,Problem Solving,Above Basic
4466,Sweden,SE,IND_TOTAL,I_DSK2_PS_AB,2025,79.84,Problem Solving,Above Basic
4467,Slovenia,SI,IND_TOTAL,I_DSK2_PS_AB,2025,57.06,Problem Solving,Above Basic
4468,Slovakia,SK,IND_TOTAL,I_DSK2_PS_AB,2025,56.25,Problem Solving,Above Basic
4469,Türkiye,TR,IND_TOTAL,I_DSK2_PS_AB,2025,41.31,Problem Solving,Above Basic
4470,Albania,AL,IND_TOTAL,I_DSK2_PS_B,2025,28.87,Problem Solving,Basic
4471,Austria,AT,IND_TOTAL,I_DSK2_PS_B,2025,20.91,Problem Solving,Basic
4472,Bosnia and Herzegovina,BA,IND_TOTAL,I_DSK2_PS_B,2025,30.62,Problem Solving,Basic
4473,Belgium,BE,IND_TOTAL,I_DSK2_PS_B,2025,30.16,Problem Solving,Basic
4474,Bulgaria,BG,IND_TOTAL,I_DSK2_PS_B,2025,30.27,Problem Solving,Basic
4475,Switzerland,CH,IND_TOTAL,I_DSK2_PS_B,2025,18.97,Problem Solving,Basic
4476,Cyprus,CY,IND_TOTAL,I_DSK2_PS_B,2025,27.39,Problem Solving,Basic
4477,Czechia,CZ,IND_TOTAL,I_DSK2_PS_B,2025,24.64,Problem Solving,Basic
4478,Germany,DE,IND_TOTAL,I_DSK2_PS_B,2025,26.35,Problem Solving,Basic
4479,Denmark,DK,IND_TOTAL,I_DSK2_PS_B,2025,13.06,Problem Solving,Basic
4480,Estonia,EE,IND_TOTAL,I_DSK2_PS_B,2025,23.6,Problem Solving,Basic
4481,Greece,EL,IND_TOTAL,I_DSK2_PS_B,2025,27.81,Problem Solving,Basic
4482,Spain,ES,IND_TOTAL,I_DSK2_PS_B,2025,21.74,Problem Solving,Basic
4483,Finland,FI,IND_TOTAL,I_DSK2_PS_B,2025,14.72,Problem Solving,Basic
4484,France,FR,IND_TOTAL,I_DSK2_PS_B,2025,23.47,Problem Solving,Basic
4485,Croatia,HR,IND_TOTAL,I_DSK2_PS_B,2025,22.69,Problem Solving,Basic
4486,Hungary,HU,IND_TOTAL,I_DSK2_PS_B,2025,21.63,Problem Solving,Basic
4487,Ireland,IE,IND_TOTAL,I_DSK2_PS_B,2025,11.51,Problem Solving,Basic
4488,Italy,IT,IND_TOTAL,I_DSK2_PS_B,2025,23.32,Problem Solving,Basic
4489,Lithuania,LT,IND_TOTAL,I_DSK2_PS_B,2025,25.31,Problem Solving,Basic
4490,Luxembourg,LU,IND_TOTAL,I_DSK2_PS_B,2025,27.97,Problem Solving,Basic
4491,Latvia,LV,IND_TOTAL,I_DSK2_PS_B,2025,34.2,Problem Solving,Basic
4492,Montenegro,ME,IND_TOTAL,I_DSK2_PS_B,2025,54.79,Problem Solving,Basic
4493,North Macedonia,MK,IND_TOTAL,I_DSK2_PS_B,2025,41.99,Problem Solving,Basic
4494,Malta,MT,IND_TOTAL,I_DSK2_PS_B,2025,21.54,Problem Solving,Basic
4495,Netherlands,NL,IND_TOTAL,I_DSK2_PS_B,2025,8.85,Problem Solving,Basic
4496,Norway,NO,IND_TOTAL,I_DSK2_PS_B,2025,12.19,Problem Solving,Basic
4497,Poland,PL,IND_TOTAL,I_DSK2_PS_B,2025,25.19,Problem Solving,Basic
4498,Portugal,PT,IND_TOTAL,I_DSK2_PS_B,2025,30.5,Problem Solving,Basic
4499,Romania,RO,IND_TOTAL,I_DSK2_PS_B,2025,40.34,Problem Solving,Basic
4500,Serbia,RS,IND_TOTAL,I_DSK2_PS_B,2025,31.04,Problem Solving,Basic
4501,Sweden,SE,IND_TOTAL,I_DSK2_PS_B,2025,17.83,Problem Solving,Basic
4502,Slovenia,SI,IND_TOTAL,I_DSK2_PS_B,2025,28.78,Problem Solving,Basic
4503,Slovakia,SK,IND_TOTAL,I_DSK2_PS_B,2025,34.06,Problem Solving,Basic
4504,Türkiye,TR,IND_TOTAL,I_DSK2_PS_B,2025,37.75,Problem Solving,Basic
4505,Albania,AL,IND_TOTAL,I_DSK2_PS_B,2025,33.11,Problem Solving,Basic
4506,Austria,AT,IND_TOTAL,I_DSK2_PS_B,2025,21.94,Problem Solving,Basic
4507,Bosnia and Herzegovina,BA,IND_TOTAL,I_DSK2_PS_B,2025,33.98,Problem Solving,Basic
4508,Belgium,BE,IND_TOTAL,I_DSK2_PS_B,2025,31.27,Problem Solving,Basic
4509,Bulgaria,BG,IND_TOTAL,I_DSK2_PS_B,2025,34.85,Problem Solving,Basic
4510,Switzerland,CH,IND_TOTAL,I_DSK2_PS_B,2025,19.17,Problem Solving,Basic
4511,Cyprus,CY,IND_TOTAL,I_DSK2_PS_B,2025,29.2,Problem Solving,Basic
4512,Czechia,CZ,IND_TOTAL,I_DSK2_PS_B,2025,26.07,Problem Solving,Basic
4513,Germany,DE,IND_TOTAL,I_DSK2_PS_B,2025,27.86,Problem Solving,Basic
4514,Denmark,DK,IND_TOTAL,I_DSK2_PS_B,2025,13.1,Problem Solving,Basic
4515,Estonia,EE,IND_TOTAL,I_DSK2_PS_B,2025,24.88,Problem Solving,Basic
4516,Greece,EL,IND_TOTAL,I_DSK2_PS_B,2025,31.19,Problem Solving,Basic
4517,Spain,ES,IND_TOTAL,I_DSK2_PS_B,2025,22.57,Problem Solving,Basic
4518,Finland,FI,IND_TOTAL,I_DSK2_PS_B,2025,15.01,Problem Solving,Basic
4519,France,FR,IND_TOTAL,I_DSK2_PS_B,2025,24.72,Problem Solving,Basic
4520,Croatia,HR,IND_TOTAL,I_DSK2_PS_B,2025,26.42,Problem Solving,Basic
4521,Hungary,HU,IND_TOTAL,I_DSK2_PS_B,2025,23.31,Problem Solving,Basic
4522,Ireland,IE,IND_TOTAL,I_DSK2_PS_B,2025,11.53,Problem Solving,Basic
4523,Italy,IT,IND_TOTAL,I_DSK2_PS_B,2025,25.82,Problem Solving,Basic
4524,Lithuania,LT,IND_TOTAL,I_DSK2_PS_B,2025,28.34,Problem Solving,Basic
4525,Luxembourg,LU,IND_TOTAL,I_DSK2_PS_B,2025,28.22,Problem Solving,Basic
4526,Latvia,LV,IND_TOTAL,I_DSK2_PS_B,2025,36.18,Problem Solving,Basic
4527,Montenegro,ME,IND_TOTAL,I_DSK2_PS_B,2025,58.15,Problem Solving,Basic
4528,North Macedonia,MK,IND_TOTAL,I_DSK2_PS_B,2025,45.57,Problem Solving,Basic
4529,Malta,MT,IND_TOTAL,I_DSK2_PS_B,2025,22.43,Problem Solving,Basic
4530,Netherlands,NL,IND_TOTAL,I_DSK2_PS_B,2025,8.88,Problem Solving,Basic
4531,Norway,NO,IND_TOTAL,I_DSK2_PS_B,2025,12.34,Problem Solving,Basic
4532,Poland,PL,IND_TOTAL,I_DSK2_PS_B,2025,28.1,Problem Solving,Basic
4533,Portugal,PT,IND_TOTAL,I_DSK2_PS_B,2025,34.1,Problem Solving,Basic
4534,Romania,RO,IND_TOTAL,I_DSK2_PS_B,2025,43.31,Problem Solving,Basic
4535,Serbia,RS,IND_TOTAL,I_DSK2_PS_B,2025,34.47,Problem Solving,Basic
4536,Sweden,SE,IND_TOTAL,I_DSK2_PS_B,2025,18.15,Problem Solving,Basic
4537,Slovenia,SI,IND_TOTAL,I_DSK2_PS_B,2025,31.43,Problem Solving,Basic
4538,Slovakia,SK,IND_TOTAL,I_DSK2_PS_B,2025,36.83,Problem Solving,Basic
4539,Türkiye,TR,IND_TOTAL,I_DSK2_PS_B,2025,42.05,Problem Solving,Basic
4540,Albania,AL,IND_TOTAL,I_DSK2_PS_BAB,2025,59.35,Problem Solving,At Least Basic
4541,Austria,AT,IND_TOTAL,I_DSK2_PS_BAB,2025,88.66,Problem Solving,At Least Basic
4542,Bosnia and Herzegovina,BA,IND_TOTAL,I_DSK2_PS_BAB,2025,66.76,Problem Solving,At Least Basic
4543,Belgium,BE,IND_TOTAL,I_DSK2_PS_BAB,2025,91.92,Problem Solving,At Least Basic
4544,Bulgaria,BG,IND_TOTAL,I_DSK2_PS_BAB,2025,64.3,Problem Solving,At Least Basic
4545,Switzerland,CH,IND_TOTAL,I_DSK2_PS_BAB,2025,94.66,Problem Solving,At Least Basic
4546,Cyprus,CY,IND_TOTAL,I_DSK2_PS_BAB,2025,86.08,Problem Solving,At Least Basic
4547,Czechia,CZ,IND_TOTAL,I_DSK2_PS_BAB,2025,90.79,Problem Solving,At Least Basic
4548,Germany,DE,IND_TOTAL,I_DSK2_PS_BAB,2025,88.64,Problem Solving,At Least Basic
4549,Denmark,DK,IND_TOTAL,I_DSK2_PS_BAB,2025,98.69,Problem Solving,At Least Basic
4550,Estonia,EE,IND_TOTAL,I_DSK2_PS_BAB,2025,91.4,Problem Solving,At Least Basic
4551,Greece,EL,IND_TOTAL,I_DSK2_PS_BAB,2025,82.31,Problem Solving,At Least Basic
4552,Spain,ES,IND_TOTAL,I_DSK2_PS_BAB,2025,89.07,Problem Solving,At Least Basic
4553,Finland,FI,IND_TOTAL,I_DSK2_PS_BAB,2025,97.3,Problem Solving,At Least Basic
4554,France,FR,IND_TOTAL,I_DSK2_PS_BAB,2025,90.97,Problem Solving,At Least Basic
4555,Croatia,HR,IND_TOTAL,I_DSK2_PS_BAB,2025,77.33,Problem Solving,At Least Basic
4556,Hungary,HU,IND_TOTAL,I_DSK2_PS_BAB,2025,83.45,Problem Solving,At Least Basic
4557,Ireland,IE,IND_TOTAL,I_DSK2_PS_BAB,2025,98.93,Problem Solving,At Least Basic
4558,Italy,IT,IND_TOTAL,I_DSK2_PS_BAB,2025,78.18,Problem Solving,At Least Basic
4559,Lithuania,LT,IND_TOTAL,I_DSK2_PS_BAB,2025,82.8,Problem Solving,At Least Basic
4560,Luxembourg,LU,IND_TOTAL,I_DSK2_PS_BAB,2025,92.83,Problem Solving,At Least Basic
4561,Latvia,LV,IND_TOTAL,I_DSK2_PS_BAB,2025,89.72,Problem Solving,At Least Basic
4562,Montenegro,ME,IND_TOTAL,I_DSK2_PS_BAB,2025,81.26,Problem Solving,At Least Basic
4563,North Macedonia,MK,IND_TOTAL,I_DSK2_PS_BAB,2025,67.85,Problem Solving,At Least Basic
4564,Malta,MT,IND_TOTAL,I_DSK2_PS_BAB,2025,88.81,Problem Solving,At Least Basic
4565,Netherlands,NL,IND_TOTAL,I_DSK2_PS_BAB,2025,98.49,Problem Solving,At Least Basic
4566,Norway,NO,IND_TOTAL,I_DSK2_PS_BAB,2025,98.23,Problem Solving,At Least Basic
4567,Poland,PL,IND_TOTAL,I_DSK2_PS_BAB,2025,80.41,Problem Solving,At Least Basic
4568,Portugal,PT,IND_TOTAL,I_DSK2_PS_BAB,2025,77.76,Problem Solving,At Least Basic
4569,Romania,RO,IND_TOTAL,I_DSK2_PS_BAB,2025,67.76,Problem Solving,At Least Basic
4570,Serbia,RS,IND_TOTAL,I_DSK2_PS_BAB,2025,77.95,Problem Solving,At Least Basic
4571,Sweden,SE,IND_TOTAL,I_DSK2_PS_BAB,2025,96.28,Problem Solving,At Least Basic
4572,Slovenia,SI,IND_TOTAL,I_DSK2_PS_BAB,2025,81.02,Problem Solving,At Least Basic
4573,Slovakia,SK,IND_TOTAL,I_DSK2_PS_BAB,2025,86.09,Problem Solving,At Least Basic
4574,Türkiye,TR,IND_TOTAL,I_DSK2_PS_BAB,2025,74.84,Problem Solving,At Least Basic
4575,Albania,AL,IND_TOTAL,I_DSK2_PS_BAB,2025,68.09,Problem Solving,At Least Basic
4576,Austria,AT,IND_TOTAL,I_DSK2_PS_BAB,2025,93.02,Problem Solving,At Least Basic
4577,Bosnia and Herzegovina,BA,IND_TOTAL,I_DSK2_PS_BAB,2025,74.08,Problem Solving,At Least Basic
4578,Belgium,BE,IND_TOTAL,I_DSK2_PS_BAB,2025,95.29,Problem Solving,At Least Basic
4579,Bulgaria,BG,IND_TOTAL,I_DSK2_PS_BAB,2025,74.04,Problem Solving,At Least Basic
4580,Switzerland,CH,IND_TOTAL,I_DSK2_PS_BAB,2025,95.69,Problem Solving,At Least Basic
4581,Cyprus,CY,IND_TOTAL,I_DSK2_PS_BAB,2025,91.78,Problem Solving,At Least Basic
4582,Czechia,CZ,IND_TOTAL,I_DSK2_PS_BAB,2025,96.05,Problem Solving,At Least Basic
4583,Germany,DE,IND_TOTAL,I_DSK2_PS_BAB,2025,93.72,Problem Solving,At Least Basic
4584,Denmark,DK,IND_TOTAL,I_DSK2_PS_BAB,2025,98.98,Problem Solving,At Least Basic
4585,Estonia,EE,IND_TOTAL,I_DSK2_PS_BAB,2025,96.36,Problem Solving,At Least Basic
4586,Greece,EL,IND_TOTAL,I_DSK2_PS_BAB,2025,92.32,Problem Solving,At Least Basic
4587,Spain,ES,IND_TOTAL,I_DSK2_PS_BAB,2025,92.46,Problem Solving,At Least Basic
4588,Finland,FI,IND_TOTAL,I_DSK2_PS_BAB,2025,99.21,Problem Solving,At Least Basic
4589,France,FR,IND_TOTAL,I_DSK2_PS_BAB,2025,95.78,Problem Solving,At Least Basic
4590,Croatia,HR,IND_TOTAL,I_DSK2_PS_BAB,2025,90.02,Problem Solving,At Least Basic
4591,Hungary,HU,IND_TOTAL,I_DSK2_PS_BAB,2025,89.92,Problem Solving,At Least Basic
4592,Ireland,IE,IND_TOTAL,I_DSK2_PS_BAB,2025,99.15,Problem Solving,At Least Basic
4593,Italy,IT,IND_TOTAL,I_DSK2_PS_BAB,2025,86.55,Problem Solving,At Least Basic
4594,Lithuania,LT,IND_TOTAL,I_DSK2_PS_BAB,2025,92.72,Problem Solving,At Least Basic
4595,Luxembourg,LU,IND_TOTAL,I_DSK2_PS_BAB,2025,93.65,Problem Solving,At Least Basic
4596,Latvia,LV,IND_TOTAL,I_DSK2_PS_BAB,2025,94.91,Problem Solving,At Least Basic
4597,Montenegro,ME,IND_TOTAL,I_DSK2_PS_BAB,2025,86.24,Problem Solving,At Least Basic
4598,North Macedonia,MK,IND_TOTAL,I_DSK2_PS_BAB,2025,73.64,Problem Solving,At Least Basic
4599,Malta,MT,IND_TOTAL,I_DSK2_PS_BAB,2025,92.5,Problem Solving,At Least Basic
4600,Netherlands,NL,IND_TOTAL,I_DSK2_PS_BAB,2025,98.78,Problem Solving,At Least Basic
4601,Norway,NO,IND_TOTAL,I_DSK2_PS_BAB,2025,99.4,Problem Solving,At Least Basic
4602,Poland,PL,IND_TOTAL,I_DSK2_PS_BAB,2025,89.69,Problem Solving,At Least Basic
4603,Portugal,PT,IND_TOTAL,I_DSK2_PS_BAB,2025,86.93,Problem Solving,At Least Basic
4604,Romania,RO,IND_TOTAL,I_DSK2_PS_BAB,2025,72.74,Problem Solving,At Least Basic
4605,Serbia,RS,IND_TOTAL,I_DSK2_PS_BAB,2025,86.57,Problem Solving,At Least Basic
4606,Sweden,SE,IND_TOTAL,I_DSK2_PS_BAB,2025,97.99,Problem Solving,At Least Basic
4607,Slovenia,SI,IND_TOTAL,I_DSK2_PS_BAB,2025,88.48,Problem Solving,At Least Basic
4608,Slovakia,SK,IND_TOTAL,I_DSK2_PS_BAB,2025,93.08,Problem Solving,At Least Basic
4609,Türkiye,TR,IND_TOTAL,I_DSK2_PS_BAB,2025,83.36,Problem Solving,At Least Basic
4610,Albania,AL,IND_TOTAL,I_DSK2_SF_AB,2025,16.67,Safety,Above Basic
4611,Austria,AT,IND_TOTAL,I_DSK2_SF_AB,2025,54.02,Safety,Above Basic
4612,Bosnia and Herzegovina,BA,IND_TOTAL,I_DSK2_SF_AB,2025,22.88,Safety,Above Basic
4613,Belgium,BE,IND_TOTAL,I_DSK2_SF_AB,2025,42.8,Safety,Above Basic
4614,Bulgaria,BG,IND_TOTAL,I_DSK2_SF_AB,2025,21.16,Safety,Above Basic
4615,Switzerland,CH,IND_TOTAL,I_DSK2_SF_AB,2025,70.29,Safety,Above Basic
4616,Cyprus,CY,IND_TOTAL,I_DSK2_SF_AB,2025,25.8,Safety,Above Basic
4617,Czechia,CZ,IND_TOTAL,I_DSK2_SF_AB,2025,61.98,Safety,Above Basic
4618,Germany,DE,IND_TOTAL,I_DSK2_SF_AB,2025,39.38,Safety,Above Basic
4619,Denmark,DK,IND_TOTAL,I_DSK2_SF_AB,2025,73.34,Safety,Above Basic
4620,Estonia,EE,IND_TOTAL,I_DSK2_SF_AB,2025,50.76,Safety,Above Basic
4621,Greece,EL,IND_TOTAL,I_DSK2_SF_AB,2025,41.9,Safety,Above Basic
4622,Spain,ES,IND_TOTAL,I_DSK2_SF_AB,2025,66.7,Safety,Above Basic
4623,Finland,FI,IND_TOTAL,I_DSK2_SF_AB,2025,78.29,Safety,Above Basic
4624,France,FR,IND_TOTAL,I_DSK2_SF_AB,2025,52.84,Safety,Above Basic
4625,Croatia,HR,IND_TOTAL,I_DSK2_SF_AB,2025,54.17,Safety,Above Basic
4626,Hungary,HU,IND_TOTAL,I_DSK2_SF_AB,2025,57.82,Safety,Above Basic
4627,Ireland,IE,IND_TOTAL,I_DSK2_SF_AB,2025,66.17,Safety,Above Basic
4628,Italy,IT,IND_TOTAL,I_DSK2_SF_AB,2025,59.93,Safety,Above Basic
4629,Lithuania,LT,IND_TOTAL,I_DSK2_SF_AB,2025,42.4,Safety,Above Basic
4630,Luxembourg,LU,IND_TOTAL,I_DSK2_SF_AB,2025,39.31,Safety,Above Basic
4631,Latvia,LV,IND_TOTAL,I_DSK2_SF_AB,2025,33.67,Safety,Above Basic
4632,Montenegro,ME,IND_TOTAL,I_DSK2_SF_AB,2025,29.48,Safety,Above Basic
4633,North Macedonia,MK,IND_TOTAL,I_DSK2_SF_AB,2025,21.5,Safety,Above Basic
4634,Malta,MT,IND_TOTAL,I_DSK2_SF_AB,2025,55.7,Safety,Above Basic
4635,Netherlands,NL,IND_TOTAL,I_DSK2_SF_AB,2025,76.71,Safety,Above Basic
4636,Norway,NO,IND_TOTAL,I_DSK2_SF_AB,2025,70.0,Safety,Above Basic
4637,Poland,PL,IND_TOTAL,I_DSK2_SF_AB,2025,41.46,Safety,Above Basic
4638,Portugal,PT,IND_TOTAL,I_DSK2_SF_AB,2025,58.64,Safety,Above Basic
4639,Romania,RO,IND_TOTAL,I_DSK2_SF_AB,2025,24.52,Safety,Above Basic
4640,Serbia,RS,IND_TOTAL,I_DSK2_SF_AB,2025,21.1,Safety,Above Basic
4641,Sweden,SE,IND_TOTAL,I_DSK2_SF_AB,2025,53.98,Safety,Above Basic
4642,Slovenia,SI,IND_TOTAL,I_DSK2_SF_AB,2025,29.96,Safety,Above Basic
4643,Slovakia,SK,IND_TOTAL,I_DSK2_SF_AB,2025,34.24,Safety,Above Basic
4644,Türkiye,TR,IND_TOTAL,I_DSK2_SF_AB,2025,30.6,Safety,Above Basic
4645,Albania,AL,IND_TOTAL,I_DSK2_SF_AB,2025,19.13,Safety,Above Basic
4646,Austria,AT,IND_TOTAL,I_DSK2_SF_AB,2025,56.68,Safety,Above Basic
4647,Bosnia and Herzegovina,BA,IND_TOTAL,I_DSK2_SF_AB,2025,25.39,Safety,Above Basic
4648,Belgium,BE,IND_TOTAL,I_DSK2_SF_AB,2025,44.37,Safety,Above Basic
4649,Bulgaria,BG,IND_TOTAL,I_DSK2_SF_AB,2025,24.36,Safety,Above Basic
4650,Switzerland,CH,IND_TOTAL,I_DSK2_SF_AB,2025,71.06,Safety,Above Basic
4651,Cyprus,CY,IND_TOTAL,I_DSK2_SF_AB,2025,27.51,Safety,Above Basic
4652,Czechia,CZ,IND_TOTAL,I_DSK2_SF_AB,2025,65.57,Safety,Above Basic
4653,Germany,DE,IND_TOTAL,I_DSK2_SF_AB,2025,41.63,Safety,Above Basic
4654,Denmark,DK,IND_TOTAL,I_DSK2_SF_AB,2025,73.56,Safety,Above Basic
4655,Estonia,EE,IND_TOTAL,I_DSK2_SF_AB,2025,53.51,Safety,Above Basic
4656,Greece,EL,IND_TOTAL,I_DSK2_SF_AB,2025,46.99,Safety,Above Basic
4657,Spain,ES,IND_TOTAL,I_DSK2_SF_AB,2025,69.24,Safety,Above Basic
4658,Finland,FI,IND_TOTAL,I_DSK2_SF_AB,2025,79.83,Safety,Above Basic
4659,France,FR,IND_TOTAL,I_DSK2_SF_AB,2025,55.63,Safety,Above Basic
4660,Croatia,HR,IND_TOTAL,I_DSK2_SF_AB,2025,63.06,Safety,Above Basic
4661,Hungary,HU,IND_TOTAL,I_DSK2_SF_AB,2025,62.3,Safety,Above Basic
4662,Ireland,IE,IND_TOTAL,I_DSK2_SF_AB,2025,66.31,Safety,Above Basic
4663,Italy,IT,IND_TOTAL,I_DSK2_SF_AB,2025,66.35,Safety,Above Basic
4664,Lithuania,LT,IND_TOTAL,I_DSK2_SF_AB,2025,47.48,Safety,Above Basic
4665,Luxembourg,LU,IND_TOTAL,I_DSK2_SF_AB,2025,39.65,Safety,Above Basic
4666,Latvia,LV,IND_TOTAL,I_DSK2_SF_AB,2025,35.62,Safety,Above Basic
4667,Montenegro,ME,IND_TOTAL,I_DSK2_SF_AB,2025,31.29,Safety,Above Basic
4668,North Macedonia,MK,IND_TOTAL,I_DSK2_SF_AB,2025,23.33,Safety,Above Basic
4669,Malta,MT,IND_TOTAL,I_DSK2_SF_AB,2025,58.02,Safety,Above Basic
4670,Netherlands,NL,IND_TOTAL,I_DSK2_SF_AB,2025,76.94,Safety,Above Basic
4671,Norway,NO,IND_TOTAL,I_DSK2_SF_AB,2025,70.84,Safety,Above Basic
4672,Poland,PL,IND_TOTAL,I_DSK2_SF_AB,2025,46.24,Safety,Above Basic
4673,Portugal,PT,IND_TOTAL,I_DSK2_SF_AB,2025,65.56,Safety,Above Basic
4674,Romania,RO,IND_TOTAL,I_DSK2_SF_AB,2025,26.32,Safety,Above Basic
4675,Serbia,RS,IND_TOTAL,I_DSK2_SF_AB,2025,23.43,Safety,Above Basic
4676,Sweden,SE,IND_TOTAL,I_DSK2_SF_AB,2025,54.94,Safety,Above Basic
4677,Slovenia,SI,IND_TOTAL,I_DSK2_SF_AB,2025,32.72,Safety,Above Basic
4678,Slovakia,SK,IND_TOTAL,I_DSK2_SF_AB,2025,37.02,Safety,Above Basic
4679,Türkiye,TR,IND_TOTAL,I_DSK2_SF_AB,2025,34.08,Safety,Above Basic
4680,Albania,AL,IND_TOTAL,I_DSK2_SF_B,2025,25.9,Safety,Basic
4681,Austria,AT,IND_TOTAL,I_DSK2_SF_B,2025,22.4,Safety,Basic
4682,Bosnia and Herzegovina,BA,IND_TOTAL,I_DSK2_SF_B,2025,26.17,Safety,Basic
4683,Belgium,BE,IND_TOTAL,I_DSK2_SF_B,2025,27.61,Safety,Basic
4684,Bulgaria,BG,IND_TOTAL,I_DSK2_SF_B,2025,33.95,Safety,Basic
4685,Switzerland,CH,IND_TOTAL,I_DSK2_SF_B,2025,18.88,Safety,Basic
4686,Cyprus,CY,IND_TOTAL,I_DSK2_SF_B,2025,40.63,Safety,Basic
4687,Czechia,CZ,IND_TOTAL,I_DSK2_SF_B,2025,23.79,Safety,Basic
4688,Germany,DE,IND_TOTAL,I_DSK2_SF_B,2025,33.85,Safety,Basic
4689,Denmark,DK,IND_TOTAL,I_DSK2_SF_B,2025,17.27,Safety,Basic
4690,Estonia,EE,IND_TOTAL,I_DSK2_SF_B,2025,24.19,Safety,Basic
4691,Greece,EL,IND_TOTAL,I_DSK2_SF_B,2025,28.16,Safety,Basic
4692,Spain,ES,IND_TOTAL,I_DSK2_SF_B,2025,14.51,Safety,Basic
4693,Finland,FI,IND_TOTAL,I_DSK2_SF_B,2025,14.06,Safety,Basic
4694,France,FR,IND_TOTAL,I_DSK2_SF_B,2025,25.06,Safety,Basic
4695,Croatia,HR,IND_TOTAL,I_DSK2_SF_B,2025,16.5,Safety,Basic
4696,Hungary,HU,IND_TOTAL,I_DSK2_SF_B,2025,22.19,Safety,Basic
4697,Ireland,IE,IND_TOTAL,I_DSK2_SF_B,2025,22.29,Safety,Basic
4698,Italy,IT,IND_TOTAL,I_DSK2_SF_B,2025,13.48,Safety,Basic
4699,Lithuania,LT,IND_TOTAL,I_DSK2_SF_B,2025,21.91,Safety,Basic
4700,Luxembourg,LU,IND_TOTAL,I_DSK2_SF_B,2025,32.57,Safety,Basic
4701,Latvia,LV,IND_TOTAL,I_DSK2_SF_B,2025,30.14,Safety,Basic
4702,Montenegro,ME,IND_TOTAL,I_DSK2_SF_B,2025,21.65,Safety,Basic
4703,North Macedonia,MK,IND_TOTAL,I_DSK2_SF_B,2025,36.9,Safety,Basic
4704,Malta,MT,IND_TOTAL,I_DSK2_SF_B,2025,21.88,Safety,Basic
4705,Netherlands,NL,IND_TOTAL,I_DSK2_SF_B,2025,15.55,Safety,Basic
4706,Norway,NO,IND_TOTAL,I_DSK2_SF_B,2025,20.05,Safety,Basic
4707,Poland,PL,IND_TOTAL,I_DSK2_SF_B,2025,22.61,Safety,Basic
4708,Portugal,PT,IND_TOTAL,I_DSK2_SF_B,2025,17.87,Safety,Basic
4709,Romania,RO,IND_TOTAL,I_DSK2_SF_B,2025,28.1,Safety,Basic
4710,Serbia,RS,IND_TOTAL,I_DSK2_SF_B,2025,27.01,Safety,Basic
4711,Sweden,SE,IND_TOTAL,I_DSK2_SF_B,2025,26.58,Safety,Basic
4712,Slovenia,SI,IND_TOTAL,I_DSK2_SF_B,2025,26.19,Safety,Basic
4713,Slovakia,SK,IND_TOTAL,I_DSK2_SF_B,2025,31.81,Safety,Basic
4714,Türkiye,TR,IND_TOTAL,I_DSK2_SF_B,2025,24.08,Safety,Basic
4715,Albania,AL,IND_TOTAL,I_DSK2_SF_B,2025,29.7,Safety,Basic
4716,Austria,AT,IND_TOTAL,I_DSK2_SF_B,2025,23.51,Safety,Basic
4717,Bosnia and Herzegovina,BA,IND_TOTAL,I_DSK2_SF_B,2025,29.04,Safety,Basic
4718,Belgium,BE,IND_TOTAL,I_DSK2_SF_B,2025,28.62,Safety,Basic
4719,Bulgaria,BG,IND_TOTAL,I_DSK2_SF_B,2025,39.1,Safety,Basic
4720,Switzerland,CH,IND_TOTAL,I_DSK2_SF_B,2025,19.08,Safety,Basic
4721,Cyprus,CY,IND_TOTAL,I_DSK2_SF_B,2025,43.32,Safety,Basic
4722,Czechia,CZ,IND_TOTAL,I_DSK2_SF_B,2025,25.17,Safety,Basic
4723,Germany,DE,IND_TOTAL,I_DSK2_SF_B,2025,35.78,Safety,Basic
4724,Denmark,DK,IND_TOTAL,I_DSK2_SF_B,2025,17.32,Safety,Basic
4725,Estonia,EE,IND_TOTAL,I_DSK2_SF_B,2025,25.5,Safety,Basic
4726,Greece,EL,IND_TOTAL,I_DSK2_SF_B,2025,31.58,Safety,Basic
4727,Spain,ES,IND_TOTAL,I_DSK2_SF_B,2025,15.06,Safety,Basic
4728,Finland,FI,IND_TOTAL,I_DSK2_SF_B,2025,14.34,Safety,Basic
4729,France,FR,IND_TOTAL,I_DSK2_SF_B,2025,26.38,Safety,Basic
4730,Croatia,HR,IND_TOTAL,I_DSK2_SF_B,2025,19.21,Safety,Basic
4731,Hungary,HU,IND_TOTAL,I_DSK2_SF_B,2025,23.91,Safety,Basic
4732,Ireland,IE,IND_TOTAL,I_DSK2_SF_B,2025,22.34,Safety,Basic
4733,Italy,IT,IND_TOTAL,I_DSK2_SF_B,2025,14.92,Safety,Basic
4734,Lithuania,LT,IND_TOTAL,I_DSK2_SF_B,2025,24.54,Safety,Basic
4735,Luxembourg,LU,IND_TOTAL,I_DSK2_SF_B,2025,32.86,Safety,Basic
4736,Latvia,LV,IND_TOTAL,I_DSK2_SF_B,2025,31.88,Safety,Basic
4737,Montenegro,ME,IND_TOTAL,I_DSK2_SF_B,2025,22.98,Safety,Basic
4738,North Macedonia,MK,IND_TOTAL,I_DSK2_SF_B,2025,40.04,Safety,Basic
4739,Malta,MT,IND_TOTAL,I_DSK2_SF_B,2025,22.79,Safety,Basic
4740,Netherlands,NL,IND_TOTAL,I_DSK2_SF_B,2025,15.6,Safety,Basic
4741,Norway,NO,IND_TOTAL,I_DSK2_SF_B,2025,20.29,Safety,Basic
4742,Poland,PL,IND_TOTAL,I_DSK2_SF_B,2025,25.22,Safety,Basic
4743,Portugal,PT,IND_TOTAL,I_DSK2_SF_B,2025,19.98,Safety,Basic
4744,Romania,RO,IND_TOTAL,I_DSK2_SF_B,2025,30.17,Safety,Basic
4745,Serbia,RS,IND_TOTAL,I_DSK2_SF_B,2025,29.99,Safety,Basic
4746,Sweden,SE,IND_TOTAL,I_DSK2_SF_B,2025,27.05,Safety,Basic
4747,Slovenia,SI,IND_TOTAL,I_DSK2_SF_B,2025,28.6,Safety,Basic
4748,Slovakia,SK,IND_TOTAL,I_DSK2_SF_B,2025,34.39,Safety,Basic
4749,Türkiye,TR,IND_TOTAL,I_DSK2_SF_B,2025,26.83,Safety,Basic
4750,Albania,AL,IND_TOTAL,I_DSK2_SF_BAB,2025,42.57,Safety,At Least Basic
4751,Austria,AT,IND_TOTAL,I_DSK2_SF_BAB,2025,76.42,Safety,At Least Basic
4752,Bosnia and Herzegovina,BA,IND_TOTAL,I_DSK2_SF_BAB,2025,49.05,Safety,At Least Basic
4753,Belgium,BE,IND_TOTAL,I_DSK2_SF_BAB,2025,70.41,Safety,At Least Basic
4754,Bulgaria,BG,IND_TOTAL,I_DSK2_SF_BAB,2025,55.11,Safety,At Least Basic
4755,Switzerland,CH,IND_TOTAL,I_DSK2_SF_BAB,2025,89.16,Safety,At Least Basic
4756,Cyprus,CY,IND_TOTAL,I_DSK2_SF_BAB,2025,66.43,Safety,At Least Basic
4757,Czechia,CZ,IND_TOTAL,I_DSK2_SF_BAB,2025,85.77,Safety,At Least Basic
4758,Germany,DE,IND_TOTAL,I_DSK2_SF_BAB,2025,73.22,Safety,At Least Basic
4759,Denmark,DK,IND_TOTAL,I_DSK2_SF_BAB,2025,90.61,Safety,At Least Basic
4760,Estonia,EE,IND_TOTAL,I_DSK2_SF_BAB,2025,74.96,Safety,At Least Basic
4761,Greece,EL,IND_TOTAL,I_DSK2_SF_BAB,2025,70.05,Safety,At Least Basic
4762,Spain,ES,IND_TOTAL,I_DSK2_SF_BAB,2025,81.21,Safety,At Least Basic
4763,Finland,FI,IND_TOTAL,I_DSK2_SF_BAB,2025,92.35,Safety,At Least Basic
4764,France,FR,IND_TOTAL,I_DSK2_SF_BAB,2025,77.9,Safety,At Least Basic
4765,Croatia,HR,IND_TOTAL,I_DSK2_SF_BAB,2025,70.67,Safety,At Least Basic
4766,Hungary,HU,IND_TOTAL,I_DSK2_SF_BAB,2025,80.01,Safety,At Least Basic
4767,Ireland,IE,IND_TOTAL,I_DSK2_SF_BAB,2025,88.46,Safety,At Least Basic
4768,Italy,IT,IND_TOTAL,I_DSK2_SF_BAB,2025,73.41,Safety,At Least Basic
4769,Lithuania,LT,IND_TOTAL,I_DSK2_SF_BAB,2025,64.31,Safety,At Least Basic
4770,Luxembourg,LU,IND_TOTAL,I_DSK2_SF_BAB,2025,71.88,Safety,At Least Basic
4771,Latvia,LV,IND_TOTAL,I_DSK2_SF_BAB,2025,63.81,Safety,At Least Basic
4772,Montenegro,ME,IND_TOTAL,I_DSK2_SF_BAB,2025,51.14,Safety,At Least Basic
4773,North Macedonia,MK,IND_TOTAL,I_DSK2_SF_BAB,2025,58.39,Safety,At Least Basic
4774,Malta,MT,IND_TOTAL,I_DSK2_SF_BAB,2025,77.59,Safety,At Least Basic
4775,Netherlands,NL,IND_TOTAL,I_DSK2_SF_BAB,2025,92.26,Safety,At Least Basic
4776,Norway,NO,IND_TOTAL,I_DSK2_SF_BAB,2025,90.05,Safety,At Least Basic
4777,Poland,PL,IND_TOTAL,I_DSK2_SF_BAB,2025,64.07,Safety,At Least Basic
4778,Portugal,PT,IND_TOTAL,I_DSK2_SF_BAB,2025,76.52,Safety,At Least Basic
4779,Romania,RO,IND_TOTAL,I_DSK2_SF_BAB,2025,52.62,Safety,At Least Basic
4780,Serbia,RS,IND_TOTAL,I_DSK2_SF_BAB,2025,48.1,Safety,At Least Basic
4781,Sweden,SE,IND_TOTAL,I_DSK2_SF_BAB,2025,80.56,Safety,At Least Basic
4782,Slovenia,SI,IND_TOTAL,I_DSK2_SF_BAB,2025,56.16,Safety,At Least Basic
4783,Slovakia,SK,IND_TOTAL,I_DSK2_SF_BAB,2025,66.05,Safety,At Least Basic
4784,Türkiye,TR,IND_TOTAL,I_DSK2_SF_BAB,2025,54.68,Safety,At Least Basic
4785,Albania,AL,IND_TOTAL,I_DSK2_SF_BAB,2025,48.83,Safety,At Least Basic
4786,Austria,AT,IND_TOTAL,I_DSK2_SF_BAB,2025,80.19,Safety,At Least Basic
4787,Bosnia and Herzegovina,BA,IND_TOTAL,I_DSK2_SF_BAB,2025,54.44,Safety,At Least Basic
4788,Belgium,BE,IND_TOTAL,I_DSK2_SF_BAB,2025,72.99,Safety,At Least Basic
4789,Bulgaria,BG,IND_TOTAL,I_DSK2_SF_BAB,2025,63.46,Safety,At Least Basic
4790,Switzerland,CH,IND_TOTAL,I_DSK2_SF_BAB,2025,90.14,Safety,At Least Basic
4791,Cyprus,CY,IND_TOTAL,I_DSK2_SF_BAB,2025,70.83,Safety,At Least Basic
4792,Czechia,CZ,IND_TOTAL,I_DSK2_SF_BAB,2025,90.74,Safety,At Least Basic
4793,Germany,DE,IND_TOTAL,I_DSK2_SF_BAB,2025,77.42,Safety,At Least Basic
4794,Denmark,DK,IND_TOTAL,I_DSK2_SF_BAB,2025,90.88,Safety,At Least Basic
4795,Estonia,EE,IND_TOTAL,I_DSK2_SF_BAB,2025,79.02,Safety,At Least Basic
4796,Greece,EL,IND_TOTAL,I_DSK2_SF_BAB,2025,78.58,Safety,At Least Basic
4797,Spain,ES,IND_TOTAL,I_DSK2_SF_BAB,2025,84.3,Safety,At Least Basic
4798,Finland,FI,IND_TOTAL,I_DSK2_SF_BAB,2025,94.16,Safety,At Least Basic
4799,France,FR,IND_TOTAL,I_DSK2_SF_BAB,2025,82.02,Safety,At Least Basic
4800,Croatia,HR,IND_TOTAL,I_DSK2_SF_BAB,2025,82.27,Safety,At Least Basic
4801,Hungary,HU,IND_TOTAL,I_DSK2_SF_BAB,2025,86.22,Safety,At Least Basic
4802,Ireland,IE,IND_TOTAL,I_DSK2_SF_BAB,2025,88.66,Safety,At Least Basic
4803,Italy,IT,IND_TOTAL,I_DSK2_SF_BAB,2025,81.27,Safety,At Least Basic
4804,Lithuania,LT,IND_TOTAL,I_DSK2_SF_BAB,2025,72.02,Safety,At Least Basic
4805,Luxembourg,LU,IND_TOTAL,I_DSK2_SF_BAB,2025,72.51,Safety,At Least Basic
4806,Latvia,LV,IND_TOTAL,I_DSK2_SF_BAB,2025,67.5,Safety,At Least Basic
4807,Montenegro,ME,IND_TOTAL,I_DSK2_SF_BAB,2025,54.27,Safety,At Least Basic
4808,North Macedonia,MK,IND_TOTAL,I_DSK2_SF_BAB,2025,63.37,Safety,At Least Basic
4809,Malta,MT,IND_TOTAL,I_DSK2_SF_BAB,2025,80.81,Safety,At Least Basic
4810,Netherlands,NL,IND_TOTAL,I_DSK2_SF_BAB,2025,92.53,Safety,At Least Basic
4811,Norway,NO,IND_TOTAL,I_DSK2_SF_BAB,2025,91.13,Safety,At Least Basic
4812,Poland,PL,IND_TOTAL,I_DSK2_SF_BAB,2025,71.46,Safety,At Least Basic
4813,Portugal,PT,IND_TOTAL,I_DSK2_SF_BAB,2025,85.54,Safety,At Least Basic
4814,Romania,RO,IND_TOTAL,I_DSK2_SF_BAB,2025,56.49,Safety,At Least Basic
4815,Serbia,RS,IND_TOTAL,I_DSK2_SF_BAB,2025,53.42,Safety,At Least Basic
4816,Sweden,SE,IND_TOTAL,I_DSK2_SF_BAB,2025,81.99,Safety,At Least Basic
4817,Slovenia,SI,IND_TOTAL,I_DSK2_SF_BAB,2025,61.33,Safety,At Least Basic
4818,Slovakia,SK,IND_TOTAL,I_DSK2_SF_BAB,2025,71.41,Safety,At Least Basic
4819,Türkiye,TR,IND_TOTAL,I_DSK2_SF_BAB,2025,60.91,Safety,At Least Basic
4820,Albania,AL,IND_TOTAL,I_DSK2_X,2025,3.22,Overall Digital Skills,No Skills
4821,Austria,AT,IND_TOTAL,I_DSK2_X,2025,1.5,Overall Digital Skills,No Skills
4822,Bosnia and Herzegovina,BA,IND_TOTAL,I_DSK2_X,2025,4.49,Overall Digital Skills,No Skills
4823,Belgium,BE,IND_TOTAL,I_DSK2_X,2025,2.11,Overall Digital Skills,No Skills
4824,Bulgaria,BG,IND_TOTAL,I_DSK2_X,2025,6.65,Overall Digital Skills,No Skills
4825,Switzerland,CH,IND_TOTAL,I_DSK2_X,2025,1.26,Overall Digital Skills,No Skills
4826,Cyprus,CY,IND_TOTAL,I_DSK2_X,2025,1.68,Overall Digital Skills,No Skills
4827,Czechia,CZ,IND_TOTAL,I_DSK2_X,2025,1.05,Overall Digital Skills,No Skills
4828,Germany,DE,IND_TOTAL,I_DSK2_X,2025,1.66,Overall Digital Skills,No Skills
4829,Denmark,DK,IND_TOTAL,I_DSK2_X,2025,0.67,Overall Digital Skills,No Skills
4830,Estonia,EE,IND_TOTAL,I_DSK2_X,2025,2.16,Overall Digital Skills,No Skills
4831,Greece,EL,IND_TOTAL,I_DSK2_X,2025,1.68,Overall Digital Skills,No Skills
4832,Spain,ES,IND_TOTAL,I_DSK2_X,2025,1.91,Overall Digital Skills,No Skills
4833,Finland,FI,IND_TOTAL,I_DSK2_X,2025,0.33,Overall Digital Skills,No Skills
4834,France,FR,IND_TOTAL,I_DSK2_X,2025,1.79,Overall Digital Skills,No Skills
4835,Croatia,HR,IND_TOTAL,I_DSK2_X,2025,0.57,Overall Digital Skills,No Skills
4836,Hungary,HU,IND_TOTAL,I_DSK2_X,2025,2.75,Overall Digital Skills,No Skills
4837,Ireland,IE,IND_TOTAL,I_DSK2_X,2025,0.12,Overall Digital Skills,No Skills
4838,Italy,IT,IND_TOTAL,I_DSK2_X,2025,4.54,Overall Digital Skills,No Skills
4839,Lithuania,LT,IND_TOTAL,I_DSK2_X,2025,2.43,Overall Digital Skills,No Skills
4840,Luxembourg,LU,IND_TOTAL,I_DSK2_X,2025,3.02,Overall Digital Skills,No Skills
4841,Latvia,LV,IND_TOTAL,I_DSK2_X,2025,2.35,Overall Digital Skills,No Skills
4842,Montenegro,ME,IND_TOTAL,I_DSK2_X,2025,0.19,Overall Digital Skills,No Skills
4843,North Macedonia,MK,IND_TOTAL,I_DSK2_X,2025,8.16,Overall Digital Skills,No Skills
4844,Malta,MT,IND_TOTAL,I_DSK2_X,2025,2.6,Overall Digital Skills,No Skills
4845,Netherlands,NL,IND_TOTAL,I_DSK2_X,2025,0.27,Overall Digital Skills,No Skills
4846,Norway,NO,IND_TOTAL,I_DSK2_X,2025,0.38,Overall Digital Skills,No Skills
4847,Poland,PL,IND_TOTAL,I_DSK2_X,2025,3.27,Overall Digital Skills,No Skills
4848,Portugal,PT,IND_TOTAL,I_DSK2_X,2025,2.69,Overall Digital Skills,No Skills
4849,Romania,RO,IND_TOTAL,I_DSK2_X,2025,8.98,Overall Digital Skills,No Skills
4850,Serbia,RS,IND_TOTAL,I_DSK2_X,2025,2.04,Overall Digital Skills,No Skills
4851,Sweden,SE,IND_TOTAL,I_DSK2_X,2025,0.91,Overall Digital Skills,No Skills
4852,Slovenia,SI,IND_TOTAL,I_DSK2_X,2025,2.5,Overall Digital Skills,No Skills
4853,Slovakia,SK,IND_TOTAL,I_DSK2_X,2025,2.45,Overall Digital Skills,No Skills
4854,Türkiye,TR,IND_TOTAL,I_DSK2_X,2025,6.6,Overall Digital Skills,No Skills
4855,Albania,AL,IND_TOTAL,I_DSK2_X,2025,3.7,Overall Digital Skills,No Skills
4856,Austria,AT,IND_TOTAL,I_DSK2_X,2025,1.58,Overall Digital Skills,No Skills
4857,Bosnia and Herzegovina,BA,IND_TOTAL,I_DSK2_X,2025,4.98,Overall Digital Skills,No Skills
4858,Belgium,BE,IND_TOTAL,I_DSK2_X,2025,2.18,Overall Digital Skills,No Skills
4859,Bulgaria,BG,IND_TOTAL,I_DSK2_X,2025,7.66,Overall Digital Skills,No Skills
4860,Switzerland,CH,IND_TOTAL,I_DSK2_X,2025,1.27,Overall Digital Skills,No Skills
4861,Cyprus,CY,IND_TOTAL,I_DSK2_X,2025,1.79,Overall Digital Skills,No Skills
4862,Czechia,CZ,IND_TOTAL,I_DSK2_X,2025,1.11,Overall Digital Skills,No Skills
4863,Germany,DE,IND_TOTAL,I_DSK2_X,2025,1.75,Overall Digital Skills,No Skills
4864,Denmark,DK,IND_TOTAL,I_DSK2_X,2025,0.68,Overall Digital Skills,No Skills
4865,Estonia,EE,IND_TOTAL,I_DSK2_X,2025,2.28,Overall Digital Skills,No Skills
4866,Greece,EL,IND_TOTAL,I_DSK2_X,2025,1.88,Overall Digital Skills,No Skills
4867,Spain,ES,IND_TOTAL,I_DSK2_X,2025,1.98,Overall Digital Skills,No Skills
4868,France,FR,IND_TOTAL,I_DSK2_X,2025,1.88,Overall Digital Skills,No Skills
4869,Croatia,HR,IND_TOTAL,I_DSK2_X,2025,0.67,Overall Digital Skills,No Skills
4870,Hungary,HU,IND_TOTAL,I_DSK2_X,2025,2.96,Overall Digital Skills,No Skills
4871,Italy,IT,IND_TOTAL,I_DSK2_X,2025,5.02,Overall Digital Skills,No Skills
4872,Lithuania,LT,IND_TOTAL,I_DSK2_X,2025,2.72,Overall Digital Skills,No Skills
4873,Luxembourg,LU,IND_TOTAL,I_DSK2_X,2025,3.04,Overall Digital Skills,No Skills
4874,Latvia,LV,IND_TOTAL,I_DSK2_X,2025,2.48,Overall Digital Skills,No Skills
4875,Montenegro,ME,IND_TOTAL,I_DSK2_X,2025,0.2,Overall Digital Skills,No Skills
4876,North Macedonia,MK,IND_TOTAL,I_DSK2_X,2025,8.86,Overall Digital Skills,No Skills
4877,Malta,MT,IND_TOTAL,I_DSK2_X,2025,2.71,Overall Digital Skills,No Skills
4878,Poland,PL,IND_TOTAL,I_DSK2_X,2025,3.64,Overall Digital Skills,No Skills
4879,Portugal,PT,IND_TOTAL,I_DSK2_X,2025,3.01,Overall Digital Skills,No Skills
4880,Romania,RO,IND_TOTAL,I_DSK2_X,2025,9.64,Overall Digital Skills,No Skills
4881,Serbia,RS,IND_TOTAL,I_DSK2_X,2025,2.26,Overall Digital Skills,No Skills
4882,Sweden,SE,IND_TOTAL,I_DSK2_X,2025,0.93,Overall Digital Skills,No Skills
4883,Slovenia,SI,IND_TOTAL,I_DSK2_X,2025,2.73,Overall Digital Skills,No Skills
4884,Slovakia,SK,IND_TOTAL,I_DSK2_X,2025,2.65,Overall Digital Skills,No Skills
4885,Türkiye,TR,IND_TOTAL,I_DSK2_X,2025,7.35,Overall Digital Skills,No Skills
